Text-ID	Sentence-ID	Presence
BG_001	1	0.8304831981658936
BG_001	2	0.2944572865962982
BG_001	3	0.6277629733085632
BG_001	4	0.7691013813018799
BG_001	5	0.7089067101478577
BG_001	6	0.7024083733558655
BG_001	7	0.18737831711769104
BG_001	8	0.041105300188064575
BG_001	9	0.03506232425570488
BG_001	10	0.030452264472842216
BG_001	11	0.5845845937728882
BG_001	12	0.09223851561546326
BG_001	13	0.15381765365600586
BG_001	14	0.631176769733429
BG_001	15	0.2884904742240906
BG_001	16	0.14176693558692932
BG_001	17	0.14699231088161469
BG_001	18	0.8253903388977051
BG_001	19	0.06488534063100815
BG_001	20	0.04817374050617218
BG_001	21	0.3821014165878296
BG_001	22	0.10630025714635849
BG_001	23	0.9498821496963501
BG_001	24	0.9733514785766602
BG_001	25	0.2231956422328949
BG_001	26	0.7496125102043152
BG_001	27	0.3269484341144562
BG_001	28	0.09697011858224869
BG_001	29	0.4947795867919922
BG_001	30	0.18854406476020813
BG_001	31	0.8603737354278564
BG_001	32	0.5569248199462891
BG_001	33	0.41401076316833496
BG_001	34	0.4056001603603363
BG_001	35	0.20970605313777924
BG_001	36	0.828850507736206
BG_001	37	0.9137071371078491
BG_001	38	0.8275696635246277
BG_001	39	0.5577037334442139
BG_001	40	0.8045622110366821
BG_007	1	0.6019017696380615
BG_007	2	0.267113596200943
BG_007	3	0.7808825969696045
BG_007	4	0.7340304255485535
BG_007	5	0.3115970492362976
BG_007	6	0.5729729533195496
BG_007	7	0.732917308807373
BG_007	8	0.2701786458492279
BG_007	9	0.5109676718711853
BG_007	10	0.2128608524799347
BG_007	11	0.3560645580291748
BG_007	12	0.08983699977397919
BG_007	13	0.007253875490278006
BG_007	14	0.48841655254364014
BG_007	15	0.7522493004798889
BG_007	16	0.052604448050260544
BG_007	17	0.865334153175354
BG_007	18	0.5078588724136353
BG_007	19	0.19085370004177094
BG_007	20	0.4220358729362488
BG_007	21	0.717710018157959
BG_007	22	0.6070972681045532
BG_007	23	0.13292957842350006
BG_007	24	0.6734173893928528
BG_007	25	0.03385075554251671
BG_007	26	0.3849055767059326
BG_007	27	0.14888215065002441
BG_007	28	0.5988729596138
BG_007	29	0.15384268760681152
BG_007	30	0.7211922407150269
BG_007	31	0.09035784006118774
BG_007	32	0.057726383209228516
BG_007	33	0.330417662858963
BG_007	34	0.2623790502548218
BG_007	35	0.4240833520889282
BG_007	36	0.25393661856651306
BG_007	37	0.713013231754303
BG_007	38	0.33950507640838623
BG_007	39	0.7433441281318665
BG_007	40	0.2156081199645996
BG_007	41	0.5776154398918152
BG_007	42	0.6484662890434265
BG_007	43	0.039511822164058685
BG_007	44	0.12850674986839294
BG_007	45	0.003183281049132347
BG_007	46	0.12422299385070801
BG_007	47	0.22585006058216095
BG_007	48	0.6948283314704895
BG_007	49	0.5826350450515747
BG_007	50	0.23172320425510406
BG_007	51	0.7588144540786743
BG_007	52	0.08992955833673477
BG_007	53	0.344340980052948
BG_007	54	0.2015521228313446
BG_007	55	0.5085556507110596
BG_007	56	0.6075430512428284
BG_007	57	0.7801128625869751
BG_022	1	0.11252177506685257
BG_022	2	0.9322546124458313
BG_022	3	0.25092026591300964
BG_022	4	0.7941785454750061
BG_022	5	0.6611010432243347
BG_022	6	0.8216507434844971
BG_022	7	0.47861725091934204
BG_022	8	0.645725667476654
BG_022	9	0.33116963505744934
BG_022	10	0.4725210666656494
BG_022	11	0.18473683297634125
BG_022	12	0.41427090764045715
BG_022	13	0.6667712926864624
BG_022	14	0.9872115254402161
BG_022	15	0.0331948958337307
BG_022	16	0.973052442073822
BG_022	17	0.6160368919372559
BG_022	18	0.876258373260498
BG_022	19	0.5387534499168396
BG_022	20	0.7002638578414917
BG_022	21	0.4368232190608978
BG_022	22	0.1159515529870987
BG_022	23	0.19227467477321625
BG_022	24	0.6661129593849182
BG_022	25	0.2841683030128479
BG_022	26	0.5569879412651062
BG_022	27	0.7654581069946289
BG_022	28	0.2816435396671295
BG_022	29	0.5317655801773071
BG_026	1	0.371847927570343
BG_026	2	0.21630074083805084
BG_026	3	0.7216768264770508
BG_026	4	0.38106220960617065
BG_026	5	0.8222476840019226
BG_026	6	0.5980499386787415
BG_026	7	0.6873835325241089
BG_026	8	0.6209632158279419
BG_026	9	0.5106816291809082
BG_026	10	0.7929733395576477
BG_026	11	0.15371114015579224
BG_026	12	0.44594910740852356
BG_026	13	0.47819915413856506
BG_026	14	0.12895794212818146
BG_026	15	0.6263834834098816
BG_026	16	0.6547796726226807
BG_026	17	0.751775860786438
BG_026	18	0.6430472731590271
BG_026	19	0.5165113210678101
BG_026	20	0.6504075527191162
BG_026	21	0.5407974720001221
BG_026	22	0.609768271446228
BG_026	23	0.5376449227333069
BG_026	24	0.5306777358055115
BG_026	25	0.725696861743927
BG_026	26	0.5828641653060913
BG_026	27	0.5688297152519226
BG_027	1	0.4907902181148529
BG_027	2	0.4227903485298157
BG_027	3	0.12858833372592926
BG_027	4	0.2004726082086563
BG_027	5	0.6482412219047546
BG_027	6	0.7760499715805054
BG_027	7	0.774193525314331
BG_027	8	0.5231519937515259
BG_027	9	0.61271071434021
BG_027	10	0.6564378142356873
BG_027	11	0.7707219123840332
BG_027	12	0.23187457025051117
BG_027	13	0.5113895535469055
BG_027	14	0.39731016755104065
BG_027	15	0.3637365698814392
BG_027	16	0.3017459213733673
BG_027	17	0.9346609115600586
BG_028	1	0.5301294922828674
BG_028	2	0.5743281841278076
BG_028	3	0.9289271831512451
BG_028	4	0.3256770968437195
BG_028	5	0.3284883499145508
BG_028	6	0.20325835049152374
BG_028	7	0.6873701810836792
BG_028	8	0.1480124145746231
BG_028	9	0.5040363073348999
BG_028	10	0.48567917943000793
BG_028	11	0.13317358493804932
BG_028	12	0.8173015117645264
BG_028	13	0.9343051314353943
BG_028	14	0.5089890360832214
BG_028	15	0.7814136147499084
BG_028	16	0.4788193702697754
BG_028	17	0.8379093408584595
BG_028	18	0.8623782992362976
BG_028	19	0.625219464302063
BG_028	20	0.45935556292533875
BG_028	21	0.9460254311561584
BG_028	22	0.8472191095352173
BG_028	23	0.811531662940979
BG_028	24	0.7731046676635742
BG_028	25	0.3578275144100189
BG_030	1	0.7352518439292908
BG_030	2	0.7938763499259949
BG_030	3	0.4807335436344147
BG_030	4	0.8638225197792053
BG_030	5	0.5440630316734314
BG_030	6	0.44648516178131104
BG_030	7	0.9107049703598022
BG_030	8	0.8130691051483154
BG_030	9	0.6383612155914307
BG_030	10	0.5961030125617981
BG_030	11	0.5231545567512512
BG_030	12	0.4259607195854187
BG_030	13	0.6359859108924866
BG_030	14	0.6582760810852051
BG_030	15	0.5003995299339294
BG_030	16	0.7747814655303955
BG_030	17	0.6340731978416443
BG_030	18	0.3515450060367584
BG_030	19	0.5736570954322815
BG_030	20	0.48398643732070923
BG_030	21	0.5427064299583435
BG_030	22	0.48747193813323975
BG_030	23	0.5111987590789795
BG_030	24	0.4776303172111511
BG_030	25	0.9378622770309448
BG_030	26	0.8810741901397705
BG_030	27	0.6330347061157227
BG_030	28	0.5518196821212769
BG_030	29	0.4736328423023224
BG_031	1	0.2727155089378357
BG_031	2	0.5696974992752075
BG_031	3	0.5255622863769531
BG_031	4	0.5842940211296082
BG_031	5	0.39242231845855713
BG_031	6	0.5815396308898926
BG_031	7	0.3681451380252838
BG_031	8	0.96591717004776
BG_031	9	0.39513978362083435
BG_031	10	0.4809604287147522
BG_031	11	0.5334884524345398
BG_031	12	0.7488646507263184
BG_031	13	0.5141789317131042
BG_031	14	0.32393917441368103
BG_031	15	0.20131613314151764
BG_031	16	0.22453977167606354
BG_031	17	0.09332621842622757
BG_031	18	0.42357543110847473
BG_031	19	0.6134269833564758
BG_031	20	0.45010530948638916
BG_031	21	0.38795629143714905
BG_031	22	0.6998977661132812
BG_031	23	0.18402859568595886
BG_031	24	0.9081966876983643
BG_031	25	0.3354240357875824
BG_031	26	0.3950423300266266
BG_031	27	0.48132047057151794
BG_031	28	0.6720635294914246
BG_031	29	0.4834352433681488
BG_031	30	0.5166511535644531
BG_031	31	0.6838735342025757
BG_031	32	0.6935902237892151
BG_031	33	0.5787085890769958
BG_036	1	0.9808927774429321
BG_036	2	0.3367994725704193
BG_036	3	0.6022756099700928
BG_036	4	0.9653711318969727
BG_036	5	0.9964841604232788
BG_036	6	0.9135761857032776
BG_036	7	0.9839184284210205
BG_036	8	0.44216227531433105
BG_036	9	0.9918323755264282
BG_036	10	0.8963568210601807
BG_036	11	0.7450081706047058
BG_036	12	0.9942532181739807
BG_036	13	0.08034949004650116
BG_036	14	0.2603088617324829
BG_036	15	0.7920268177986145
BG_036	16	0.8954613208770752
BG_036	17	0.9844328165054321
BG_039	1	0.03300014138221741
BG_039	2	0.5980755090713501
BG_039	3	0.10506284981966019
BG_039	4	0.4077577292919159
BG_039	5	0.6823053359985352
BG_039	6	0.015001319348812103
BG_039	7	0.4682530462741852
BG_039	8	0.37035441398620605
BG_039	9	0.8735157251358032
BG_039	10	0.07569969445466995
BG_039	11	0.718173623085022
BG_039	12	0.04179971292614937
BG_039	13	0.5010165572166443
BG_039	14	0.9813108444213867
BG_039	15	0.46953535079956055
BG_039	16	0.6600737571716309
BG_039	17	0.47651034593582153
BG_039	18	0.5481391549110413
BG_039	19	0.23584912717342377
BG_039	20	0.185118168592453
BG_039	21	0.8927999138832092
BG_039	22	0.6078234910964966
BG_039	23	0.5587155818939209
BG_039	24	0.007701799739152193
BG_039	25	0.5027306079864502
BG_039	26	0.07399123907089233
BG_039	27	0.9904614090919495
BG_044	1	0.252520889043808
BG_044	2	0.19388997554779053
BG_044	3	0.32158854603767395
BG_044	4	0.26864591240882874
BG_044	5	0.45913681387901306
BG_044	6	0.8962809443473816
BG_044	7	0.8396427631378174
BG_044	8	0.5322990417480469
BG_044	9	0.1768537014722824
BG_044	10	0.2161659151315689
BG_044	11	0.32009217143058777
BG_044	12	0.43487462401390076
BG_044	13	0.29653647541999817
BG_044	14	0.31970611214637756
BG_044	15	0.47784918546676636
BG_044	16	0.43995776772499084
BG_044	17	0.3373323976993561
BG_044	18	0.6039220094680786
BG_044	19	0.3406732678413391
BG_044	20	0.26100873947143555
BG_044	21	0.37871941924095154
BG_044	22	0.22418028116226196
BG_044	23	0.44388842582702637
BG_044	24	0.11740265786647797
BG_044	25	0.5366614460945129
BG_044	26	0.5958440899848938
BG_044	27	0.49368879199028015
BG_044	28	0.11600515991449356
BG_045	1	0.21784205734729767
BG_045	2	0.4904311001300812
BG_045	3	0.019482623785734177
BG_045	4	0.3637555241584778
BG_045	5	0.7064289450645447
BG_045	6	0.278481662273407
BG_045	7	0.6749641299247742
BG_045	8	0.31218546628952026
BG_045	9	0.7188976407051086
BG_045	10	0.40832629799842834
BG_045	11	0.717760443687439
BG_045	12	0.4852595329284668
BG_045	13	0.09420385956764221
BG_045	14	0.9433859586715698
BG_045	15	0.035408228635787964
BG_045	16	0.04740540310740471
BG_045	17	0.8518256545066833
BG_045	18	0.5272448062896729
BG_045	19	0.363822877407074
BG_045	20	0.2624945342540741
BG_045	21	0.3032996952533722
BG_045	22	0.5318403244018555
BG_045	23	0.5162144899368286
BG_045	24	0.07332233339548111
BG_045	25	0.8567996025085449
BG_045	26	0.6988072395324707
BG_045	27	0.961724042892456
BG_053	1	0.8470834493637085
BG_053	2	0.5771536827087402
BG_053	3	0.5771908760070801
BG_053	4	0.035698890686035156
BG_053	5	0.5707281231880188
BG_053	6	0.901543378829956
BG_053	7	0.5497249960899353
BG_053	8	0.7449465990066528
BG_053	9	0.6671577095985413
BG_053	10	0.6845220327377319
BG_053	11	0.48051324486732483
BG_053	12	0.6572324633598328
BG_053	13	0.7039600610733032
BG_053	14	0.6365646123886108
BG_053	15	0.8848847150802612
BG_053	16	0.03306498005986214
BG_053	17	0.8320586085319519
BG_053	18	0.3295816481113434
BG_053	19	0.5803331136703491
BG_053	20	0.7524330019950867
BG_053	21	0.41577908396720886
BG_053	22	0.8646816611289978
BG_053	23	0.6949560046195984
BG_053	24	0.9178376197814941
BG_053	25	0.2175135463476181
BG_053	26	0.16769860684871674
BG_059	1	0.3696911334991455
BG_059	2	0.6950194835662842
BG_059	3	0.7272024750709534
BG_059	4	0.8340355157852173
BG_059	5	0.5193948149681091
BG_059	6	0.5155602693557739
BG_059	7	0.24551334977149963
BG_059	8	0.18696002662181854
BG_059	9	0.4770093262195587
BG_059	10	0.45127198100090027
BG_059	11	0.5464709401130676
BG_059	12	0.49090924859046936
BG_059	13	0.6515222191810608
BG_059	14	0.029042722657322884
BG_059	15	0.2374630719423294
BG_059	16	0.5602397918701172
BG_059	17	0.1213761419057846
BG_059	18	0.16221140325069427
BG_059	19	0.25475019216537476
BG_059	20	0.7113999724388123
BG_059	21	0.8131034970283508
BG_059	22	0.07610204815864563
BG_059	23	0.7197922468185425
BG_059	24	0.6603205800056458
BG_061	1	0.8474948406219482
BG_061	2	0.472403347492218
BG_061	3	0.5801582932472229
BG_061	4	0.7676659226417542
BG_061	5	0.6776431202888489
BG_061	6	0.5570785403251648
BG_061	7	0.3126766085624695
BG_061	8	0.25831472873687744
BG_061	9	0.9342289566993713
BG_061	10	0.24057097733020782
BG_061	11	0.8922556042671204
BG_061	12	0.5581851005554199
BG_061	13	0.5543017387390137
BG_061	14	0.21312281489372253
BG_061	15	0.5833382606506348
BG_061	16	0.7591832280158997
BG_061	17	0.09685242921113968
BG_061	18	0.17493295669555664
BG_061	19	0.1105794683098793
BG_061	20	0.18540434539318085
BG_061	21	0.46233096718788147
BG_061	22	0.23699535429477692
BG_062	1	0.4431881606578827
BG_062	2	0.9050676822662354
BG_062	3	0.3645849823951721
BG_062	4	0.1633337438106537
BG_062	5	0.6675660014152527
BG_062	6	0.400587260723114
BG_062	7	0.5097447037696838
BG_062	8	0.4627377390861511
BG_062	9	0.8169138431549072
BG_062	10	0.18319988250732422
BG_062	11	0.6936596632003784
BG_062	12	0.47957971692085266
BG_062	13	0.0388912670314312
BG_062	14	0.3925783634185791
BG_062	15	0.7883070707321167
BG_062	16	0.6522977948188782
BG_062	17	0.9498688578605652
BG_062	18	0.7048699855804443
BG_062	19	0.5511269569396973
BG_062	20	0.43254613876342773
BG_062	21	0.5698615312576294
BG_062	22	0.6163248419761658
BG_062	23	0.9222490787506104
BG_062	24	0.42194005846977234
BG_062	25	0.6706075072288513
BG_062	26	0.39906230568885803
BG_062	27	0.42171046137809753
BG_062	28	0.8046449422836304
BG_062	29	0.7712715864181519
BG_062	30	0.9137079119682312
BG_062	31	0.10646593570709229
BG_062	32	0.6261684894561768
BG_065	1	0.8358261585235596
BG_065	2	0.023700926452875137
BG_065	3	0.39751118421554565
BG_065	4	0.8904168009757996
BG_065	5	0.7855218052864075
BG_065	6	0.9101868867874146
BG_065	7	0.8571963310241699
BG_065	8	0.5901424288749695
BG_065	9	0.15342620015144348
BG_065	10	0.559975266456604
BG_065	11	0.4595567286014557
BG_065	12	0.13773590326309204
BG_065	13	0.09104140847921371
BG_065	14	0.5147995948791504
BG_065	15	0.5265829563140869
BG_065	16	0.49513810873031616
BG_065	17	0.8390178084373474
BG_065	18	0.11662697792053223
BG_065	19	0.1600876748561859
BG_065	20	0.6627501845359802
BG_065	21	0.5333923697471619
BG_065	22	0.6288191080093384
BG_065	23	0.19163593649864197
BG_065	24	0.07392967492341995
BG_065	25	0.38284847140312195
BG_065	26	0.4033266305923462
BG_065	27	0.894231915473938
BG_065	28	0.5517429113388062
BG_065	29	0.3825417757034302
BG_065	30	0.36498016119003296
BG_065	31	0.2629682421684265
BG_065	32	0.13826867938041687
BG_065	33	0.11994826793670654
BG_065	34	0.5622649788856506
BG_065	35	0.335835337638855
BG_065	36	0.6005776524543762
BG_065	37	0.2234680950641632
BG_065	38	0.14635251462459564
BG_065	39	0.591508150100708
BG_095	1	0.8495364189147949
BG_095	2	0.17605116963386536
BG_095	3	0.6536133289337158
BG_095	4	0.797656774520874
BG_095	5	0.6409242749214172
BG_095	6	0.6441118717193604
BG_095	7	0.45140543580055237
BG_095	8	0.34918805956840515
BG_095	9	0.36650535464286804
BG_095	10	0.8182249069213867
BG_095	11	0.5229999423027039
BG_095	12	0.4419203996658325
BG_095	13	0.8555452823638916
BG_095	14	0.32099205255508423
BG_095	15	0.9225053787231445
BG_095	16	0.4754178822040558
BG_095	17	0.3320666253566742
BG_095	18	0.9055677056312561
BG_095	19	0.4819389283657074
BG_095	20	0.11175595968961716
BG_095	21	0.45821836590766907
BG_097	1	0.7666426301002502
BG_097	2	0.31070929765701294
BG_097	3	0.6367925405502319
BG_097	4	0.23697607219219208
BG_097	5	0.39979472756385803
BG_097	6	0.11810461431741714
BG_097	7	0.3473162353038788
BG_097	8	0.6052224636077881
BG_097	9	0.5185319185256958
BG_097	10	0.572938084602356
BG_097	11	0.5771434307098389
BG_097	12	0.9126852750778198
BG_097	13	0.8213161826133728
BG_097	14	0.5859712958335876
BG_097	15	0.7940322160720825
BG_097	16	0.4405610263347626
BG_097	17	0.5527581572532654
BG_097	18	0.7332069873809814
BG_097	19	0.718482494354248
BG_097	20	0.18667343258857727
BG_097	21	0.8039010167121887
BG_097	22	0.6966795325279236
BG_097	23	0.4775777757167816
BG_097	24	0.8366131782531738
BG_097	25	0.3301958739757538
BG_097	26	0.26393595337867737
BG_097	27	0.44878607988357544
BG_097	28	0.3685234487056732
BG_097	29	0.6527127027511597
BG_097	30	0.079437255859375
BG_097	31	0.8415064811706543
BG_097	32	0.6254338026046753
BG_106	1	0.8282649517059326
BG_106	2	0.41250738501548767
BG_106	3	0.406830370426178
BG_106	4	0.26081573963165283
BG_106	5	0.7568967342376709
BG_106	6	0.34380003809928894
BG_106	7	0.3413216173648834
BG_106	8	0.960863471031189
BG_106	9	0.9834685325622559
BG_106	10	0.5481581091880798
BG_106	11	0.5927736759185791
BG_106	12	0.5624991059303284
BG_106	13	0.15574228763580322
BG_106	14	0.5280916094779968
BG_106	15	0.43184927105903625
BG_106	16	0.7908135652542114
BG_106	17	0.5920807123184204
BG_106	18	0.5761565566062927
BG_106	19	0.5238425135612488
BG_106	20	0.5404192805290222
BG_106	21	0.47502538561820984
BG_106	22	0.1160951480269432
BG_106	23	0.4689071476459503
BG_106	24	0.6374531388282776
BG_106	25	0.6744881272315979
BG_106	26	0.5875892043113708
BG_106	27	0.7820457816123962
BG_106	28	0.7285913825035095
BG_106	29	0.6211669445037842
BG_106	30	0.48711490631103516
BG_106	31	0.2503384053707123
BG_106	32	0.7969143390655518
BG_106	33	0.7130676507949829
BG_106	34	0.5068317651748657
BG_108	1	0.5952414274215698
BG_108	2	0.5581839084625244
BG_108	3	0.2383899837732315
BG_108	4	0.958636462688446
BG_108	5	0.48307594656944275
BG_108	6	0.3749966621398926
BG_108	7	0.9312191009521484
BG_108	8	0.04640168696641922
BG_108	9	0.4927668869495392
BG_108	10	0.5873561501502991
BG_108	11	0.768909215927124
BG_108	12	0.6793471574783325
BG_108	13	0.28441494703292847
BG_108	14	0.052672140300273895
BG_108	15	0.20304791629314423
BG_108	16	0.12080997973680496
BG_108	17	0.7899953126907349
BG_108	18	0.7143193483352661
BG_108	19	0.6433525085449219
BG_108	20	0.4945383071899414
BG_108	21	0.2390921711921692
BG_108	22	0.3449808955192566
BG_112	1	0.8503803014755249
BG_112	2	0.01679336093366146
BG_112	3	0.9547852873802185
BG_112	4	0.958082914352417
BG_112	5	0.6239383816719055
BG_112	6	0.4789577126502991
BG_112	7	0.38004979491233826
BG_112	8	0.6930458545684814
BG_112	9	0.8146570324897766
BG_112	10	0.6555184125900269
BG_112	11	0.7807917594909668
BG_112	12	0.9045588374137878
BG_112	13	0.7685419321060181
BG_112	14	0.7488579750061035
BG_112	15	0.6517417430877686
BG_112	16	0.5154752135276794
BG_112	17	0.5261710286140442
BG_112	18	0.11801654100418091
BG_112	19	0.04643100127577782
BG_112	20	0.009357278235256672
BG_112	21	0.0418403185904026
BG_112	22	0.6843226552009583
BG_112	23	0.888831615447998
BG_112	24	0.9568487405776978
BG_112	25	0.8384910821914673
BG_112	26	0.6317293047904968
BG_112	27	0.09774737805128098
BG_112	28	0.872070848941803
BG_112	29	0.7619835138320923
BG_113	1	0.6408311724662781
BG_113	2	0.9809384346008301
BG_113	3	0.5401548743247986
BG_113	4	0.3400603234767914
BG_113	5	0.9570946097373962
BG_113	6	0.3653644025325775
BG_113	7	0.6243021488189697
BG_113	8	0.6016839742660522
BG_113	9	0.34589529037475586
BG_113	10	0.28253617882728577
BG_113	11	0.6492995023727417
BG_113	12	0.18870534002780914
BG_113	13	0.9040691256523132
BG_113	14	0.7630865573883057
BG_113	15	0.035672906786203384
BG_113	16	0.5236936807632446
BG_113	17	0.5246255993843079
BG_113	18	0.05847669392824173
BG_113	19	0.4496712386608124
BG_113	20	0.08654318004846573
BG_113	21	0.44035613536834717
BG_113	22	0.6425479054450989
BG_113	23	0.41860970854759216
BG_113	24	0.8964183926582336
BG_113	25	0.00868098996579647
BG_113	26	0.8319945335388184
BG_113	27	0.5035515427589417
BG_113	28	0.07570119947195053
BG_113	29	0.48028919100761414
BG_113	30	0.8713029623031616
BG_113	31	0.5417510271072388
BG_113	32	0.5216807126998901
BG_113	33	0.7591632604598999
BG_113	34	0.3756137490272522
BG_113	35	0.4617120027542114
BG_113	36	0.9236262440681458
BG_113	37	0.5191251635551453
BG_113	38	0.3757334351539612
BG_114	1	0.33914968371391296
BG_114	2	0.3103474974632263
BG_114	3	0.5241985321044922
BG_114	4	0.330452561378479
BG_114	5	0.019039006903767586
BG_114	6	0.42892658710479736
BG_114	7	0.19266436994075775
BG_114	8	0.22226807475090027
BG_114	9	0.636465311050415
BG_114	10	0.9762091040611267
BG_114	11	0.8630955815315247
BG_114	12	0.10452643036842346
BG_114	13	0.17632530629634857
BG_114	14	0.2732735872268677
BG_114	15	0.12602992355823517
BG_114	16	0.5754440426826477
BG_114	17	0.34402984380722046
BG_114	18	0.8273369073867798
BG_114	19	0.40230900049209595
BG_119	1	0.6275480389595032
BG_119	2	0.434601366519928
BG_119	3	0.46549132466316223
BG_119	4	0.4477967917919159
BG_119	5	0.9687227606773376
BG_119	6	0.5068761110305786
BG_119	7	0.6170918345451355
BG_119	8	0.1758100986480713
BG_119	9	0.9676082134246826
BG_119	10	0.35578712821006775
BG_119	11	0.4937763214111328
BG_119	12	0.3811987638473511
BG_119	13	0.19636185467243195
BG_119	14	0.557862401008606
BG_119	15	0.11982543766498566
BG_119	16	0.037234846502542496
BG_119	17	0.4796733558177948
BG_119	18	0.5988449454307556
BG_119	19	0.1498803049325943
BG_119	20	0.593288004398346
BG_119	21	0.5735598206520081
BG_119	22	0.5733222365379333
BG_119	23	0.5871281027793884
BG_119	24	0.5206358432769775
BG_121	1	0.194465771317482
BG_121	2	0.4127705991268158
BG_121	3	0.7120826244354248
BG_121	4	0.3800370395183563
BG_121	5	0.04131896421313286
BG_121	6	0.4118860960006714
BG_121	7	0.7015314102172852
BG_121	8	0.48723113536834717
BG_121	9	0.5949414372444153
BG_121	10	0.01782604120671749
BG_121	11	0.3876909613609314
BG_121	12	0.7777544856071472
BG_121	13	0.9075804352760315
BG_121	14	0.5401607155799866
BG_121	15	0.5231674313545227
BG_121	16	0.17697441577911377
BG_121	17	0.7122658491134644
BG_121	18	0.7566787004470825
BG_121	19	0.6352527737617493
BG_121	20	0.17244213819503784
BG_121	21	0.6985114812850952
BG_121	22	0.58368319272995
BG_121	23	0.20016378164291382
BG_121	24	0.9707714319229126
BG_121	25	0.4264261722564697
BG_121	26	0.46624234318733215
BG_121	27	0.148150235414505
BG_121	28	0.41337117552757263
BG_121	29	0.11656597256660461
BG_121	30	0.7875844240188599
BG_121	31	0.8166760206222534
BG_121	32	0.02271442860364914
BG_121	33	0.46411624550819397
BG_121	34	0.5641520619392395
BG_121	35	0.9044768214225769
BG_121	36	0.8608479499816895
BG_121	37	0.6164634823799133
BG_121	38	0.061079900711774826
BG_121	39	0.5933102965354919
BG_123	1	0.7827867269515991
BG_123	2	0.3225679397583008
BG_123	3	0.5866424441337585
BG_123	4	0.00862389337271452
BG_123	5	0.4256904423236847
BG_123	6	0.7149478793144226
BG_123	7	0.019479261711239815
BG_123	8	0.392697811126709
BG_123	9	0.014188464730978012
BG_123	10	0.7020079493522644
BG_123	11	0.5666754841804504
BG_123	12	0.47355690598487854
BG_123	13	0.12363763898611069
BG_123	14	0.954016387462616
BG_123	15	0.6393507719039917
BG_123	16	0.3864659070968628
BG_123	17	0.6174697875976562
BG_123	18	0.5522372722625732
BG_123	19	0.1172882691025734
BG_123	20	0.5522171854972839
BG_123	21	0.5115443468093872
BG_123	22	0.06379454582929611
BG_123	23	0.597966194152832
BG_123	24	0.09708692878484726
BG_123	25	0.7047078609466553
BG_123	26	0.24857456982135773
BG_123	27	0.9253420829772949
BG_123	28	0.6602278351783752
BG_123	29	0.7564654350280762
BG_123	30	0.39089637994766235
BG_123	31	0.3818788528442383
BG_123	32	0.0419788584113121
BG_134	1	0.33465513586997986
BG_134	2	0.44527655839920044
BG_134	3	0.29256486892700195
BG_134	4	0.4097115397453308
BG_134	5	0.44297149777412415
BG_134	6	0.6459853649139404
BG_134	7	0.33010268211364746
BG_134	8	0.44512611627578735
BG_134	9	0.3492691218852997
BG_134	10	0.40652012825012207
BG_134	11	0.2612845301628113
BG_134	12	0.6898717880249023
BG_134	13	0.3249487578868866
BG_134	14	0.7447424530982971
BG_134	15	0.33359017968177795
BG_134	16	0.7797199487686157
BG_134	17	0.36112579703330994
BG_134	18	0.3720933198928833
BG_134	19	0.43771958351135254
BG_134	20	0.4055136442184448
BG_134	21	0.4816470742225647
BG_134	22	0.6863553524017334
BG_134	23	0.826021134853363
BG_134	24	0.4533575475215912
BG_134	25	0.4557036757469177
BG_134	26	0.46709388494491577
BG_134	27	0.31823697686195374
BG_134	28	0.4288724660873413
BG_149	1	0.8942033052444458
BG_149	2	0.9373507499694824
BG_149	3	0.850339949131012
BG_149	4	0.39830857515335083
BG_149	5	0.16085363924503326
BG_149	6	0.9640887975692749
BG_149	7	0.7544945478439331
BG_149	8	0.4799712896347046
BG_149	9	0.521767258644104
BG_149	10	0.7307626008987427
BG_149	11	0.9190148115158081
BG_149	12	0.2809563875198364
BG_149	13	0.717214822769165
BG_149	14	0.5401908755302429
BG_149	15	0.5830544829368591
BG_149	16	0.4389815032482147
BG_149	17	0.5018057227134705
BG_149	18	0.1968662291765213
BG_157	1	0.06569534540176392
BG_157	2	0.8078669309616089
BG_157	3	0.83626788854599
BG_157	4	0.42702025175094604
BG_157	5	0.9103844165802002
BG_157	6	0.5302737951278687
BG_157	7	0.9271596074104309
BG_157	8	0.7912355661392212
BG_157	9	0.2837160527706146
BG_157	10	0.09490500390529633
BG_157	11	0.26956260204315186
BG_157	12	0.9388178586959839
BG_157	13	0.6873170137405396
BG_157	14	0.9866772890090942
BG_157	15	0.36903849244117737
BG_157	16	0.3489186763763428
BG_157	17	0.5645769238471985
BG_157	18	0.7613155841827393
BG_157	19	0.6689432859420776
BG_157	20	0.022048523649573326
BG_157	21	0.05385008081793785
BG_157	22	0.8544167280197144
BG_157	23	0.09562905132770538
BG_157	24	0.5987414121627808
BG_157	25	0.793306291103363
BG_157	26	0.5480535626411438
BG_157	27	0.7847349643707275
BG_162	1	0.3089151382446289
BG_162	2	0.6531651616096497
BG_162	3	0.04366843029856682
BG_162	4	0.7118232250213623
BG_162	5	0.19842514395713806
BG_162	6	0.2869778871536255
BG_162	7	0.9389023184776306
BG_162	8	0.5977835059165955
BG_162	9	0.22504951059818268
BG_162	10	0.694150447845459
BG_162	11	0.453509658575058
BG_162	12	0.25370290875434875
BG_162	13	0.3522457778453827
BG_162	14	0.2058829367160797
BG_162	15	0.8484211564064026
BG_162	16	0.5011035799980164
BG_162	17	0.5189163684844971
BG_162	18	0.32641345262527466
BG_168	1	0.3508409559726715
BG_168	2	0.039277054369449615
BG_168	3	0.5589425563812256
BG_168	4	0.45023444294929504
BG_168	5	0.2804727256298065
BG_168	6	0.26011985540390015
BG_168	7	0.03128400072455406
BG_168	8	0.3180704116821289
BG_168	9	0.3576089143753052
BG_168	10	0.3510199785232544
BG_168	11	0.35587266087532043
BG_168	12	0.9650853872299194
BG_168	13	0.06466925144195557
BG_168	14	0.7033190131187439
BG_168	15	0.3255671262741089
BG_168	16	0.053269173949956894
BG_168	17	0.6336923241615295
BG_168	18	0.07072054594755173
BG_168	19	0.8200238943099976
BG_171	1	0.6045375466346741
BG_171	2	0.6930021643638611
BG_171	3	0.49081629514694214
BG_171	4	0.30586618185043335
BG_171	5	0.5079053640365601
BG_171	6	0.6205152273178101
BG_171	7	0.6006343364715576
BG_171	8	0.4724273383617401
BG_171	9	0.7010985612869263
BG_171	10	0.4151054918766022
BG_171	11	0.3834065794944763
BG_171	12	0.5140913724899292
BG_171	13	0.6579023003578186
BG_171	14	0.40164753794670105
BG_172	1	0.6539361476898193
BG_172	2	0.46356064081192017
BG_172	3	0.29719972610473633
BG_172	4	0.3727865219116211
BG_172	5	0.9859863519668579
BG_172	6	0.9537106156349182
BG_172	7	0.2069215476512909
BG_172	8	0.879292905330658
BG_172	9	0.8588429093360901
BG_172	10	0.97594153881073
BG_172	11	0.6305434107780457
BG_172	12	0.42854732275009155
BG_172	13	0.37220609188079834
BG_172	14	0.44969213008880615
BG_172	15	0.8824579119682312
BG_172	16	0.9819990396499634
BG_172	17	0.22042660415172577
BG_172	18	0.9721506237983704
BG_172	19	0.3448071777820587
BG_174	1	0.3990180790424347
BG_174	2	0.38936126232147217
BG_174	3	0.18273329734802246
BG_174	4	0.47691744565963745
BG_174	5	0.6700797080993652
BG_174	6	0.06134317070245743
BG_174	7	0.4405086934566498
BG_174	8	0.47050154209136963
BG_174	9	0.41495025157928467
BG_174	10	0.4502922594547272
BG_174	11	0.5198047757148743
BG_174	12	0.4676060676574707
BG_174	13	0.4515761137008667
BG_174	14	0.6902952194213867
BG_174	15	0.3994142413139343
BG_174	16	0.8133541941642761
BG_174	17	0.35894477367401123
BG_174	18	0.4715994894504547
BG_174	19	0.170358806848526
BG_174	20	0.5062060952186584
BG_174	21	0.46253058314323425
BG_176	1	0.5925025939941406
BG_176	2	0.7041434049606323
BG_176	3	0.4864329397678375
BG_176	4	0.49512675404548645
BG_176	5	0.4263642728328705
BG_176	6	0.38914626836776733
BG_176	7	0.253941148519516
BG_176	8	0.5118582844734192
BG_176	9	0.7060855627059937
BG_176	10	0.3704128861427307
BG_176	11	0.3420827388763428
BG_176	12	0.7004363536834717
BG_176	13	0.3066484332084656
BG_176	14	0.33043810725212097
BG_176	15	0.33023539185523987
BG_176	16	0.339790403842926
BG_176	17	0.21597130596637726
BG_176	18	0.4732714593410492
BG_178	1	0.40347933769226074
BG_178	2	0.3089318871498108
BG_178	3	0.03845680132508278
BG_178	4	0.6706337928771973
BG_178	5	0.19047102332115173
BG_178	6	0.8028095960617065
BG_178	7	0.9373547434806824
BG_178	8	0.058953072875738144
BG_178	9	0.5157220959663391
BG_178	10	0.4017583727836609
BG_178	11	0.7246028780937195
BG_178	12	0.6696200370788574
BG_178	13	0.4162711501121521
BG_178	14	0.585748553276062
BG_178	15	0.01535764615982771
BG_178	16	0.9297839999198914
BG_178	17	0.9754398465156555
BG_178	18	0.7334681749343872
BG_178	19	0.5610842704772949
BG_178	20	0.4708539545536041
BG_192	1	0.3721466660499573
BG_192	2	0.00499170133844018
BG_192	3	0.37529483437538147
BG_192	4	0.003146406961604953
BG_192	5	0.4247460961341858
BG_192	6	0.46971720457077026
BG_192	7	0.015009925700724125
BG_192	8	0.14055386185646057
BG_192	9	0.7103890776634216
BG_192	10	0.5876339673995972
BG_192	11	0.860662579536438
BG_192	12	0.5011892318725586
BG_192	13	0.2606905996799469
BG_192	14	0.9433432221412659
BG_192	15	0.2546045482158661
BG_192	16	0.7801077365875244
BG_192	17	0.9192454218864441
BG_192	18	0.1571781188249588
BG_192	19	0.33325573801994324
BG_192	20	0.7276673913002014
BG_192	21	0.4782889783382416
BG_192	22	0.6150772571563721
BG_192	23	0.9165881872177124
BG_192	24	0.5541819334030151
BG_192	25	0.9513078331947327
BG_192	26	0.24290731549263
BG_192	27	0.15111508965492249
BG_198	1	0.6534683108329773
BG_198	2	0.5961806178092957
BG_198	3	0.6879796385765076
BG_198	4	0.11801746487617493
BG_198	5	0.47256460785865784
BG_198	6	0.05104364454746246
BG_198	7	0.4606974124908447
BG_198	8	0.9643884897232056
BG_198	9	0.8159022927284241
BG_198	10	0.6770697236061096
BG_198	11	0.7928247451782227
BG_198	12	0.975373387336731
BG_198	13	0.6643509864807129
BG_198	14	0.5856671333312988
BG_198	15	0.9108123183250427
BG_198	16	0.8020329475402832
BG_198	17	0.5421541333198547
BG_198	18	0.5045083165168762
BG_198	19	0.6409153938293457
BG_198	20	0.6021280884742737
BG_198	21	0.5538934469223022
BG_198	22	0.5458425283432007
BG_198	23	0.29266229271888733
BG_198	24	0.6959581971168518
BG_198	25	0.8174059987068176
BG_198	26	0.9252313375473022
BG_198	27	0.46472686529159546
BG_203	1	0.6475112438201904
BG_203	2	0.8448354601860046
BG_203	3	0.39808765053749084
BG_203	4	0.5904350876808167
BG_203	5	0.5861830115318298
BG_203	6	0.665010929107666
BG_203	7	0.3157631754875183
BG_203	8	0.5794383883476257
BG_203	9	0.4997752010822296
BG_203	10	0.9131831526756287
BG_203	11	0.6912592649459839
BG_203	12	0.48798826336860657
BG_203	13	0.802361786365509
BG_203	14	0.8174465894699097
BG_203	15	0.586617112159729
BG_203	16	0.5993021130561829
BG_203	17	0.7096795439720154
BG_203	18	0.5680548548698425
BG_203	19	0.5550336837768555
BG_203	20	0.08017189055681229
BG_203	21	0.797880232334137
BG_203	22	0.4241313934326172
BG_203	23	0.8562532067298889
BG_203	24	0.503312885761261
BG_205	1	0.5792132019996643
BG_205	2	0.39332690834999084
BG_205	3	0.38740816712379456
BG_205	4	0.49628207087516785
BG_205	5	0.165697380900383
BG_205	6	0.5856253504753113
BG_205	7	0.9075807332992554
BG_205	8	0.43459343910217285
BG_205	9	0.09041876345872879
BG_205	10	0.8836976885795593
BG_205	11	0.5872485041618347
BG_205	12	0.6637474894523621
BG_205	13	0.8379240036010742
BG_205	14	0.24125255644321442
BG_205	15	0.1257948875427246
BG_205	16	0.8916265368461609
BG_205	17	0.40852460265159607
BG_205	18	0.11499956995248795
BG_205	19	0.44857293367385864
BG_205	20	0.4656638205051422
BG_205	21	0.5071444511413574
BG_205	22	0.6628795266151428
BG_205	23	0.7447364926338196
BG_205	24	0.801045298576355
BG_205	25	0.4798358976840973
BG_205	26	0.10222255438566208
BG_205	27	0.5409630537033081
BG_205	28	0.7370150685310364
BG_205	29	0.7934870719909668
BG_205	30	0.33261170983314514
BG_215	1	0.6381633877754211
BG_215	2	0.6610884070396423
BG_215	3	0.8496513962745667
BG_215	4	0.6291704177856445
BG_215	5	0.887199878692627
BG_215	6	0.500016450881958
BG_215	7	0.24505262076854706
BG_215	8	0.8033660054206848
BG_215	9	0.45532742142677307
BG_215	10	0.471985787153244
BG_215	11	0.3418799936771393
BG_215	12	0.5009852647781372
BG_215	13	0.5287714600563049
BG_215	14	0.5247191190719604
BG_215	15	0.34973379969596863
BG_215	16	0.24926172196865082
BG_215	17	0.4634610414505005
BG_215	18	0.8704759478569031
BG_215	19	0.0654984638094902
BG_215	20	0.5488775968551636
BG_215	21	0.3013226091861725
BG_215	22	0.3572365343570709
BG_217	1	0.13463638722896576
BG_217	2	0.7911701798439026
BG_217	3	0.2424290031194687
BG_217	4	0.44084432721138
BG_217	5	0.9069499969482422
BG_217	6	0.43439599871635437
BG_217	7	0.351368248462677
BG_217	8	0.2396027147769928
BG_217	9	0.47707900404930115
BG_217	10	0.7044329643249512
BG_217	11	0.4083547592163086
BG_217	12	0.7461925148963928
BG_217	13	0.3542260229587555
BG_217	14	0.46087419986724854
BG_217	15	0.5504810810089111
BG_217	16	0.39498984813690186
BG_217	17	0.47104883193969727
BG_217	18	0.4229472875595093
BG_217	19	0.612306535243988
BG_217	20	0.3630395829677582
BG_217	21	0.4052218496799469
BG_219	1	0.5075631141662598
BG_219	2	0.4528200328350067
BG_219	3	0.5094607472419739
BG_219	4	0.6488582491874695
BG_219	5	0.6221304535865784
BG_219	6	0.9129072427749634
BG_219	7	0.33807453513145447
BG_219	8	0.9815717935562134
BG_219	9	0.507326066493988
BG_219	10	0.9444671273231506
BG_219	11	0.36615025997161865
BG_219	12	0.8655422925949097
BG_219	13	0.77424156665802
BG_219	14	0.30369833111763
BG_219	15	0.9376758933067322
BG_219	16	0.4283832609653473
BG_224	1	0.30185893177986145
BG_224	2	0.5319226384162903
BG_224	3	0.6301663517951965
BG_224	4	0.3878132998943329
BG_224	5	0.6373821496963501
BG_224	6	0.9666884541511536
BG_224	7	0.6741621494293213
BG_224	8	0.09706978499889374
BG_224	9	0.888311505317688
BG_224	10	0.0499347522854805
BG_224	11	0.5626232624053955
BG_224	12	0.7068701982498169
BG_224	13	0.7442676424980164
BG_224	14	0.9410478472709656
BG_224	15	0.9271491169929504
BG_224	16	0.6391726136207581
BG_224	17	0.27075472474098206
BG_224	18	0.7269237041473389
BG_224	19	0.9473357796669006
BG_224	20	0.2343979924917221
BG_224	21	0.3656899333000183
BG_224	22	0.7355954647064209
BG_224	23	0.5953992009162903
BG_224	24	0.5436843633651733
BG_224	25	0.2317182868719101
BG_224	26	0.21596479415893555
BG_224	27	0.8240458369255066
BG_224	28	0.4934239685535431
BG_224	29	0.6793647408485413
BG_224	30	0.9157209396362305
BG_M_001	1	0.5007558465003967
BG_M_001	2	0.5722753405570984
BG_M_001	3	0.2908415198326111
BG_M_001	4	0.3638201951980591
BG_M_001	5	0.36664682626724243
BG_M_001	6	0.489205539226532
BG_M_001	7	0.800994336605072
BG_M_001	8	0.7612770795822144
BG_M_001	9	0.380590558052063
BG_M_001	10	0.21823586523532867
BG_M_001	11	0.3968556523323059
BG_M_001	12	0.24447838962078094
BG_M_001	13	0.2532455027103424
BG_M_001	14	0.25752344727516174
BG_M_001	15	0.25271525979042053
BG_M_001	16	0.5007558465003967
BG_M_001	17	0.2487308233976364
BG_M_001	18	0.19523823261260986
BG_M_006	1	0.35749268531799316
BG_M_006	2	0.3162583112716675
BG_M_006	3	0.3117446303367615
BG_M_006	4	0.3521224558353424
BG_M_006	5	0.0858289897441864
BG_M_006	6	0.4966300427913666
BG_M_006	7	0.3241104483604431
BG_M_006	8	0.5398900508880615
BG_M_006	9	0.644454836845398
BG_M_006	10	0.4022568464279175
BG_M_006	11	0.39149022102355957
BG_M_006	12	0.2722187042236328
BG_M_006	13	0.2823292911052704
BG_M_006	14	0.3585332930088043
BG_M_006	15	0.18335972726345062
BG_M_006	16	0.6442168354988098
BG_M_006	17	0.8760742545127869
BG_M_006	18	0.5677070617675781
BG_M_006	19	0.40993452072143555
BG_M_006	20	0.6356162428855896
BG_M_006	21	0.8589539527893066
BG_M_006	22	0.6663601398468018
BG_M_006	23	0.5313634872436523
BG_M_006	24	0.5803199410438538
BG_M_006	25	0.8221555948257446
BG_M_006	26	0.6246772408485413
BG_M_006	27	0.2445615530014038
BG_M_006	28	0.5368282198905945
BG_M_006	29	0.18927150964736938
BG_M_006	30	0.9783521890640259
BG_M_006	31	0.5766732096672058
BG_M_006	32	0.8209241032600403
BG_M_006	33	0.8414645195007324
BG_M_014	1	0.45545685291290283
BG_M_014	2	0.6442181468009949
BG_M_014	3	0.4814305603504181
BG_M_014	4	0.734114944934845
BG_M_014	5	0.8245753645896912
BG_M_016	1	0.440534383058548
BG_M_016	2	0.35275736451148987
BG_M_016	3	0.34122857451438904
BG_M_028	1	0.18243753910064697
BG_M_028	2	0.36350348591804504
BG_M_028	3	0.034049417823553085
BG_M_028	4	0.8529837131500244
BG_M_028	5	0.4489254355430603
BG_M_028	6	0.3387601673603058
BG_M_028	7	0.5288534164428711
BG_M_028	8	0.4429278075695038
BG_M_028	9	0.5275856852531433
BG_M_028	10	0.3203282356262207
BG_M_028	11	0.8335259556770325
BG_M_028	12	0.3083830177783966
BG_M_028	13	0.2542175054550171
BG_M_028	14	0.3357447385787964
BG_M_028	15	0.21846549212932587
BG_M_028	16	0.16083520650863647
BG_M_028	17	0.11598514765501022
BG_M_028	18	0.18191184103488922
BG_M_028	19	0.49627572298049927
BG_M_028	20	0.4300175607204437
BG_M_028	21	0.49405136704444885
BG_M_028	22	0.21179528534412384
BG_M_028	23	0.818571150302887
BG_M_028	24	0.2591952085494995
BG_M_028	25	0.022418180480599403
BG_M_028	26	0.5072422027587891
BG_M_028	27	0.8055955171585083
BG_M_028	28	0.9181074500083923
BG_M_029	1	0.6145765781402588
BG_M_029	2	0.5013154149055481
BG_M_029	3	0.4777911603450775
BG_M_029	4	0.7093084454536438
BG_M_029	5	0.3920603394508362
BG_M_029	6	0.3190572261810303
BG_M_029	7	0.7051158547401428
BG_M_029	8	0.5645409822463989
BG_M_029	9	0.4863419532775879
BG_M_029	10	0.2641901671886444
BG_M_029	11	0.5716080069541931
BG_M_029	12	0.056871917098760605
BG_M_029	13	0.3641918897628784
BG_M_029	14	0.3267239034175873
BG_M_029	15	0.3864133059978485
BG_M_029	16	0.6901090145111084
BG_M_029	17	0.35360756516456604
BG_M_029	18	0.3351616859436035
BG_M_029	19	0.6214630007743835
BG_M_029	20	0.4770180284976959
BG_M_029	21	0.5617327690124512
BG_M_029	22	0.5575776696205139
BG_M_029	23	0.32921749353408813
BG_M_029	24	0.2927020490169525
BG_M_029	25	0.7720268964767456
BG_M_029	26	0.3953966796398163
BG_M_029	27	0.4230722188949585
DE_001	1	0.3391982614994049
DE_001	2	0.9502642750740051
DE_001	3	0.9924997687339783
DE_001	4	0.7255610227584839
DE_001	5	0.620721161365509
DE_001	6	0.11130614578723907
DE_001	7	0.21882633864879608
DE_001	8	0.8865184187889099
DE_001	9	0.7740870714187622
DE_001	10	0.28056076169013977
DE_001	11	0.7219663262367249
DE_001	12	0.7113580703735352
DE_001	13	0.37017086148262024
DE_001	14	0.7168945074081421
DE_001	15	0.5913309454917908
DE_001	16	0.2923080623149872
DE_001	17	0.2779843807220459
DE_001	18	0.5484937429428101
DE_001	19	0.138303741812706
DE_001	20	0.24013955891132355
DE_001	21	0.3368608355522156
DE_001	22	0.443351149559021
DE_001	23	0.3444617688655853
DE_001	24	0.7981869578361511
DE_001	25	0.3242810070514679
DE_001	26	0.6943409442901611
DE_001	27	0.14198045432567596
DE_001	28	0.07671055942773819
DE_001	29	0.387450635433197
DE_001	30	0.8845609426498413
DE_001	31	0.21474429965019226
DE_001	32	0.35405033826828003
DE_001	33	0.20440161228179932
DE_001	34	0.8301805853843689
DE_001	35	0.3760375380516052
DE_001	36	0.5127427577972412
DE_001	37	0.547429621219635
DE_001	38	0.9674583673477173
DE_002	1	0.0639154464006424
DE_002	2	0.661695122718811
DE_002	3	0.025078551843762398
DE_002	4	0.17483988404273987
DE_002	5	0.28155848383903503
DE_002	6	0.02504456788301468
DE_002	7	0.22125138342380524
DE_002	8	0.018965091556310654
DE_002	9	0.6248313188552856
DE_002	10	0.04496483504772186
DE_002	11	0.07456570863723755
DE_002	12	0.03555837646126747
DE_002	13	0.4591720700263977
DE_002	14	0.8747362494468689
DE_002	15	0.37722471356391907
DE_002	16	0.06639585644006729
DE_002	17	0.0510399229824543
DE_002	18	0.11327514052391052
DE_002	19	0.08341581374406815
DE_002	20	0.704365074634552
DE_002	21	0.4012880325317383
DE_002	22	0.007385794539004564
DE_002	23	0.7700567245483398
DE_002	24	0.5898694396018982
DE_002	25	0.015395388938486576
DE_002	26	0.8612219095230103
DE_002	27	0.020559927448630333
DE_002	28	0.05735183507204056
DE_002	29	0.30257582664489746
DE_002	30	0.4244658946990967
DE_002	31	0.31935206055641174
DE_002	32	0.20385552942752838
DE_002	33	0.04786296561360359
DE_002	34	0.6211360692977905
DE_002	35	0.9391918182373047
DE_014	1	0.21407833695411682
DE_014	2	0.2383735626935959
DE_014	3	0.18497169017791748
DE_014	4	0.4400119185447693
DE_014	5	0.24433064460754395
DE_014	6	0.41555988788604736
DE_014	7	0.7360631823539734
DE_014	8	0.3080908954143524
DE_014	9	0.4001624882221222
DE_014	10	0.017778774723410606
DE_014	11	0.049318596720695496
DE_014	12	0.08846906572580338
DE_014	13	0.023608585819602013
DE_014	14	0.2507950961589813
DE_014	15	0.3487667739391327
DE_014	16	0.38640114665031433
DE_014	17	0.1350986659526825
DE_014	18	0.45186325907707214
DE_014	19	0.5448165535926819
DE_014	20	0.0036950467620044947
DE_014	21	0.5276933908462524
DE_014	22	0.15377037227153778
DE_014	23	0.13991473615169525
DE_014	24	0.035001546144485474
DE_014	25	0.24755394458770752
DE_014	26	0.010812776163220406
DE_014	27	0.20295549929141998
DE_014	28	0.21785008907318115
DE_014	29	0.04857592657208443
DE_014	30	0.7874627709388733
DE_014	31	0.3303103744983673
DE_014	32	0.11034345626831055
DE_014	33	0.12604433298110962
DE_014	34	0.4100566804409027
DE_014	35	0.4486043453216553
DE_021	1	0.04571894556283951
DE_021	2	0.3899276852607727
DE_021	3	0.9130758047103882
DE_021	4	0.6288639307022095
DE_021	5	0.07404451072216034
DE_021	6	0.25606006383895874
DE_021	7	0.5777319669723511
DE_021	8	0.8127791881561279
DE_021	9	0.9533800482749939
DE_021	10	0.8489711880683899
DE_021	11	0.8510912656784058
DE_021	12	0.662291944026947
DE_021	13	0.6250541806221008
DE_021	14	0.7777171730995178
DE_021	15	0.98377925157547
DE_021	16	0.1475948691368103
DE_021	17	0.6457850337028503
DE_021	18	0.8631471991539001
DE_021	19	0.698982298374176
DE_021	20	0.9438377618789673
DE_021	21	0.6483052372932434
DE_021	22	0.5659627914428711
DE_021	23	0.4615713953971863
DE_021	24	0.9653096199035645
DE_021	25	0.07331109046936035
DE_021	26	0.6377409100532532
DE_021	27	0.684180736541748
DE_021	28	0.8319817185401917
DE_021	29	0.8047630190849304
DE_021	30	0.8256157040596008
DE_021	31	0.8518229722976685
DE_024	1	0.7450860142707825
DE_024	2	0.6971650719642639
DE_024	3	0.8580583333969116
DE_024	4	0.7845340967178345
DE_024	5	0.04754238948225975
DE_024	6	0.3426806628704071
DE_024	7	0.7304708361625671
DE_024	8	0.24418288469314575
DE_024	9	0.5507743954658508
DE_024	10	0.7003961205482483
DE_024	11	0.6475338935852051
DE_024	12	0.04571598023176193
DE_024	13	0.5755496025085449
DE_024	14	0.4021434485912323
DE_024	15	0.4585447311401367
DE_024	16	0.10709525644779205
DE_024	17	0.547386884689331
DE_024	18	0.684524416923523
DE_024	19	0.16871537268161774
DE_024	20	0.40647053718566895
DE_024	21	0.1642647385597229
DE_024	22	0.04693838581442833
DE_024	23	0.11787466704845428
DE_024	24	0.5805562734603882
DE_024	25	0.03296610340476036
DE_024	26	0.9040834307670593
DE_024	27	0.01690615341067314
DE_024	28	0.3845334053039551
DE_024	29	0.1294088065624237
DE_029	1	0.7366918325424194
DE_029	2	0.32564178109169006
DE_029	3	0.8250061273574829
DE_029	4	0.14324741065502167
DE_029	5	0.6334506273269653
DE_029	6	0.6838974356651306
DE_029	7	0.6722880601882935
DE_029	8	0.37408649921417236
DE_029	9	0.8305503129959106
DE_029	10	0.4206693470478058
DE_029	11	0.802290678024292
DE_029	12	0.8650291562080383
DE_029	13	0.8242499828338623
DE_029	14	0.5272971987724304
DE_029	15	0.935479462146759
DE_029	16	0.9529900550842285
DE_029	17	0.026638934388756752
DE_029	18	0.5531226396560669
DE_029	19	0.15366439521312714
DE_029	20	0.858869194984436
DE_029	21	0.45799174904823303
DE_029	22	0.6343735456466675
DE_035	1	0.0645623654127121
DE_035	2	0.3440993130207062
DE_035	3	0.8938663005828857
DE_035	4	0.469326376914978
DE_035	5	0.09355200827121735
DE_035	6	0.09715093672275543
DE_035	7	0.022754941135644913
DE_035	8	0.5889325737953186
DE_035	9	0.7541398406028748
DE_035	10	0.3334152102470398
DE_035	11	0.5285958647727966
DE_035	12	0.13136206567287445
DE_035	13	0.41986390948295593
DE_035	14	0.8170226216316223
DE_035	15	0.10507964342832565
DE_035	16	0.06160612776875496
DE_035	17	0.6050184369087219
DE_035	18	0.1149197667837143
DE_035	19	0.06996800750494003
DE_035	20	0.6834713816642761
DE_035	21	0.3144448697566986
DE_035	22	0.6904173493385315
DE_035	23	0.5452210903167725
DE_035	24	0.5811225175857544
DE_035	25	0.017705455422401428
DE_035	26	0.2457641214132309
DE_035	27	0.9651421308517456
DE_035	28	0.2707779109477997
DE_035	29	0.8232951760292053
DE_035	30	0.0687313824892044
DE_035	31	0.10681556910276413
DE_035	32	0.3713688254356384
DE_035	33	0.10765843838453293
DE_035	34	0.21148930490016937
DE_035	35	0.16980428993701935
DE_035	36	0.5657861828804016
DE_035	37	0.8622545599937439
DE_035	38	0.2106235772371292
DE_035	39	0.2659832835197449
DE_051	1	0.03713414818048477
DE_051	2	0.5107812285423279
DE_051	3	0.03558000177145004
DE_051	4	0.30456486344337463
DE_051	5	0.49551451206207275
DE_051	6	0.5497427582740784
DE_051	7	0.06999752670526505
DE_051	8	0.8167186379432678
DE_051	9	0.5524920225143433
DE_051	10	0.11289643496274948
DE_051	11	0.6454491019248962
DE_051	12	0.6815758943557739
DE_051	13	0.2394542098045349
DE_051	14	0.39692142605781555
DE_051	15	0.7831745147705078
DE_051	16	0.917097270488739
DE_051	17	0.1075507253408432
DE_051	18	0.07263509929180145
DE_051	19	0.01274159550666809
DE_051	20	0.780289888381958
DE_051	21	0.6729375720024109
DE_051	22	0.5986294150352478
DE_051	23	0.3147673010826111
DE_051	24	0.8440011143684387
DE_051	25	0.5118517279624939
DE_051	26	0.3949775695800781
DE_051	27	0.4247317612171173
DE_051	28	0.5555172562599182
DE_051	29	0.685606837272644
DE_051	30	0.6469770073890686
DE_051	31	0.45558804273605347
DE_051	32	0.5212375521659851
DE_051	33	0.9554228782653809
DE_051	34	0.8824012279510498
DE_051	35	0.29602867364883423
DE_051	36	0.7375356554985046
DE_051	37	0.47143930196762085
DE_051	38	0.6031093597412109
DE_051	39	0.9785804748535156
DE_051	40	0.6483697891235352
DE_051	41	0.9742786288261414
DE_058	1	0.880413293838501
DE_058	2	0.0777200311422348
DE_058	3	0.6952098608016968
DE_058	4	0.018723901361227036
DE_058	5	0.7237941026687622
DE_058	6	0.07070497423410416
DE_058	7	0.03346625715494156
DE_058	8	0.8585478067398071
DE_058	9	0.028580838814377785
DE_058	10	0.7866569757461548
DE_058	11	0.0123207438737154
DE_058	12	0.8384444117546082
DE_058	13	0.038322411477565765
DE_058	14	0.014568593353033066
DE_058	15	0.04492631182074547
DE_058	16	0.11273343116044998
DE_058	17	0.14531253278255463
DE_058	18	0.46946820616722107
DE_058	19	0.009909902699291706
DE_058	20	0.6911938786506653
DE_058	21	0.03563115373253822
DE_058	22	0.17274624109268188
DE_058	23	0.05425550043582916
DE_058	24	0.014535591937601566
DE_078	1	0.3540930151939392
DE_078	2	0.3218337297439575
DE_078	3	0.8901493549346924
DE_078	4	0.5775719881057739
DE_078	5	0.2671060562133789
DE_078	6	0.43437373638153076
DE_078	7	0.22869491577148438
DE_078	8	0.33841025829315186
DE_078	9	0.17714767158031464
DE_078	10	0.14880183339118958
DE_078	11	0.9580560922622681
DE_078	12	0.14699526131153107
DE_078	13	0.4366374909877777
DE_078	14	0.14670391380786896
DE_078	15	0.026044635102152824
DE_078	16	0.9196165800094604
DE_078	17	0.2805348336696625
DE_078	18	0.0733138769865036
DE_078	19	0.8495196104049683
DE_078	20	0.17710287868976593
DE_078	21	0.48558032512664795
DE_078	22	0.38166579604148865
DE_078	23	0.03417867422103882
DE_078	24	0.3653344511985779
DE_078	25	0.1575687676668167
DE_078	26	0.16310836374759674
DE_078	27	0.029841890558600426
DE_078	28	0.026373108848929405
DE_078	29	0.021931730210781097
DE_078	30	0.4285506010055542
DE_078	31	0.03779277577996254
DE_078	32	0.5973080992698669
DE_078	33	0.3955312669277191
DE_078	34	0.11987357586622238
DE_078	35	0.06366003304719925
DE_078	36	0.7402068972587585
DE_078	37	0.1118580549955368
DE_078	38	0.7317737340927124
DE_078	39	0.11400296539068222
DE_078	40	0.7438725233078003
DE_078	41	0.42891183495521545
DE_078	42	0.7661369442939758
DE_078	43	0.23294317722320557
DE_078	44	0.047966986894607544
DE_078	45	0.40013882517814636
DE_078	46	0.7140557765960693
DE_078	47	0.5772964954376221
DE_078	48	0.11318786442279816
DE_078	49	0.9336694478988647
DE_078	50	0.22100935876369476
DE_078	51	0.015540292486548424
DE_078	52	0.8178988695144653
DE_078	53	0.3991398811340332
DE_078	54	0.4683229923248291
DE_078	55	0.37920188903808594
DE_078	56	0.7617972493171692
DE_078	57	0.1524498164653778
DE_078	58	0.7051525712013245
DE_078	59	0.19200794398784637
DE_078	60	0.6074089407920837
DE_078	61	0.14983759820461273
DE_078	62	0.020525459200143814
DE_078	63	0.00829541776329279
DE_078	64	0.1006222665309906
DE_078	65	0.004805646371096373
DE_078	66	0.49913841485977173
DE_078	67	0.40071162581443787
DE_078	68	0.5634737014770508
DE_092	1	0.8986926078796387
DE_092	2	0.12702785432338715
DE_092	3	0.7290889024734497
DE_092	4	0.3048589527606964
DE_092	5	0.14173224568367004
DE_092	6	0.7759614586830139
DE_092	7	0.6716534495353699
DE_092	8	0.00958974938839674
DE_092	9	0.3559707701206207
DE_092	10	0.0330577977001667
DE_092	11	0.09011123329401016
DE_092	12	0.5617677569389343
DE_092	13	0.2028985321521759
DE_092	14	0.31167441606521606
DE_092	15	0.04589984193444252
DE_092	16	0.40671485662460327
DE_092	17	0.15120993554592133
DE_092	18	0.24556498229503632
DE_092	19	0.045097168534994125
DE_092	20	0.4801253378391266
DE_092	21	0.02782081812620163
DE_092	22	0.7541234493255615
DE_092	23	0.584345817565918
DE_092	24	0.057773273438215256
DE_092	25	0.5637171864509583
DE_092	26	0.19872444868087769
DE_092	27	0.050125811249017715
DE_092	28	0.7335190176963806
DE_092	29	0.16507680714130402
DE_092	30	0.1988968551158905
DE_092	31	0.08372026681900024
DE_092	32	0.8650345206260681
DE_092	33	0.6144685745239258
DE_092	34	0.6498801708221436
DE_092	35	0.19426435232162476
DE_092	36	0.11975177377462387
DE_092	37	0.8365579843521118
DE_092	38	0.9236516356468201
DE_092	39	0.5833709836006165
DE_092	40	0.10789816826581955
DE_095	1	0.691025972366333
DE_095	2	0.6619240045547485
DE_095	3	0.8204814195632935
DE_095	4	0.11834099143743515
DE_095	5	0.9278760552406311
DE_095	6	0.5823431611061096
DE_095	7	0.3857386112213135
DE_095	8	0.44377776980400085
DE_095	9	0.6657236814498901
DE_095	10	0.39838114380836487
DE_095	11	0.26184165477752686
DE_095	12	0.5783467292785645
DE_095	13	0.9843786358833313
DE_095	14	0.36514848470687866
DE_095	15	0.8925498127937317
DE_095	16	0.0114896884188056
DE_095	17	0.6276769638061523
DE_095	18	0.010593059472739697
DE_095	19	0.8876631259918213
DE_095	20	0.8685093522071838
DE_095	21	0.8936986923217773
DE_095	22	0.620847225189209
DE_095	23	0.9459388256072998
DE_095	24	0.9651234745979309
DE_095	25	0.6599074602127075
DE_095	26	0.8100205659866333
DE_095	27	0.6102983951568604
DE_095	28	0.11370319873094559
DE_095	29	0.9266847372055054
DE_095	30	0.3040893077850342
DE_095	31	0.5233840942382812
DE_095	32	0.9358291625976562
DE_095	33	0.07575403898954391
DE_095	34	0.769624650478363
DE_095	35	0.4624185264110565
DE_095	36	0.019569166004657745
DE_095	37	0.7976890206336975
DE_097	1	0.7799551486968994
DE_097	2	0.8404140472412109
DE_097	3	0.8496273756027222
DE_097	4	0.12980088591575623
DE_097	5	0.038045987486839294
DE_097	6	0.015262017026543617
DE_097	7	0.6632434725761414
DE_097	8	0.4352301359176636
DE_097	9	0.35507699847221375
DE_097	10	0.223857581615448
DE_097	11	0.15450534224510193
DE_097	12	0.5934790372848511
DE_097	13	0.889700710773468
DE_097	14	0.8978066444396973
DE_097	15	0.2832808494567871
DE_097	16	0.03520965203642845
DE_097	17	0.009018178097903728
DE_097	18	0.9479124546051025
DE_097	19	0.168390691280365
DE_097	20	0.3893396854400635
DE_097	21	0.05104604363441467
DE_097	22	0.7477521300315857
DE_097	23	0.7668414115905762
DE_097	24	0.08653471618890762
DE_097	25	0.3533957600593567
DE_097	26	0.5855852961540222
DE_097	27	0.9140003323554993
DE_097	28	0.7697427272796631
DE_097	29	0.281179279088974
DE_097	30	0.7679246664047241
DE_097	31	0.8313758373260498
DE_097	32	0.904847264289856
DE_097	33	0.7689215540885925
DE_097	34	0.6616451144218445
DE_097	35	0.34284311532974243
DE_097	36	0.27090388536453247
DE_097	37	0.49069616198539734
DE_097	38	0.5095310807228088
DE_097	39	0.5433377623558044
DE_097	40	0.668799638748169
DE_107	1	0.004886212758719921
DE_107	2	0.010311150923371315
DE_107	3	0.01570175588130951
DE_107	4	0.7964405417442322
DE_107	5	0.8237950801849365
DE_107	6	0.0060912542976439
DE_107	7	0.12215092033147812
DE_107	8	0.8564396500587463
DE_107	9	0.10509293526411057
DE_107	10	0.1707056164741516
DE_107	11	0.11450280994176865
DE_107	12	0.05145220085978508
DE_107	13	0.1842084527015686
DE_107	14	0.869732141494751
DE_107	15	0.8724793195724487
DE_107	16	0.8935008645057678
DE_107	17	0.5475244522094727
DE_107	18	0.4177820682525635
DE_107	19	0.157881498336792
DE_107	20	0.6662564277648926
DE_107	21	0.5543274283409119
DE_107	22	0.15393540263175964
DE_107	23	0.20568791031837463
DE_107	24	0.15432052314281464
DE_107	25	0.7758657932281494
DE_107	26	0.09832073748111725
DE_107	27	0.012965216301381588
DE_107	28	0.4388905465602875
DE_122	1	0.639922022819519
DE_122	2	0.8390392065048218
DE_122	3	0.8400365710258484
DE_122	4	0.49798333644866943
DE_122	5	0.3844136893749237
DE_122	6	0.8618343472480774
DE_122	7	0.6764288544654846
DE_122	8	0.6699666380882263
DE_122	9	0.9239907264709473
DE_122	10	0.9731212854385376
DE_122	11	0.9900679588317871
DE_122	12	0.8692042231559753
DE_122	13	0.703920304775238
DE_122	14	0.36118283867836
DE_122	15	0.8664723038673401
DE_122	16	0.49042490124702454
DE_122	17	0.6267398595809937
DE_122	18	0.7824282646179199
DE_122	19	0.6154674291610718
DE_122	20	0.6365411877632141
DE_122	21	0.014785484410822392
DE_122	22	0.46703457832336426
DE_122	23	0.8888606429100037
DE_122	24	0.4497132897377014
DE_122	25	0.1601603627204895
DE_122	26	0.9131062030792236
DE_122	27	0.41093909740448
DE_122	28	0.3043813705444336
DE_122	29	0.699675440788269
DE_122	30	0.3067355155944824
DE_122	31	0.1580280214548111
DE_122	32	0.8170568943023682
DE_122	33	0.3277609646320343
DE_122	34	0.5907553434371948
DE_122	35	0.6739381551742554
DE_122	36	0.8370252251625061
DE_122	37	0.8572407364845276
DE_122	38	0.9046238660812378
DE_125	1	0.45836544036865234
DE_125	2	0.8129283785820007
DE_125	3	0.7905229330062866
DE_125	4	0.08929085731506348
DE_125	5	0.07046421617269516
DE_125	6	0.9128058552742004
DE_125	7	0.0824998989701271
DE_125	8	0.15991123020648956
DE_125	9	0.7056759595870972
DE_125	10	0.4075610041618347
DE_125	11	0.07373402267694473
DE_125	12	0.25797778367996216
DE_125	13	0.6468196511268616
DE_125	14	0.7836383581161499
DE_125	15	0.03598710149526596
DE_125	16	0.40548253059387207
DE_125	17	0.1911894530057907
DE_125	18	0.46107035875320435
DE_125	19	0.2467702180147171
DE_125	20	0.7280358076095581
DE_125	21	0.09944969415664673
DE_125	22	0.09569559246301651
DE_135	1	0.16236671805381775
DE_135	2	0.981799840927124
DE_135	3	0.8740016222000122
DE_135	4	0.9022604823112488
DE_135	5	0.9316574335098267
DE_135	6	0.7937427163124084
DE_135	7	0.02009572833776474
DE_135	8	0.1529851257801056
DE_135	9	0.3589489161968231
DE_135	10	0.9372057318687439
DE_135	11	0.8362007737159729
DE_135	12	0.785498857498169
DE_135	13	0.8576647639274597
DE_135	14	0.9093686938285828
DE_135	15	0.8852434754371643
DE_135	16	0.935035228729248
DE_135	17	0.16705095767974854
DE_135	18	0.9744821190834045
DE_135	19	0.9763807058334351
DE_135	20	0.9923880100250244
DE_135	21	0.05635339021682739
DE_135	22	0.7064621448516846
DE_135	23	0.3745492100715637
DE_135	24	0.9678521752357483
DE_135	25	0.9854422807693481
DE_135	26	0.8670694231987
DE_135	27	0.3467998206615448
DE_135	28	0.9466313719749451
DE_135	29	0.9717428684234619
DE_135	30	0.8920094966888428
DE_135	31	0.9304425120353699
DE_135	32	0.9266607165336609
DE_159	1	0.2581954002380371
DE_159	2	0.3389382064342499
DE_159	3	0.09031695127487183
DE_159	4	0.7964377999305725
DE_159	5	0.3397177755832672
DE_159	6	0.3452346622943878
DE_159	7	0.6946106553077698
DE_159	8	0.40053993463516235
DE_159	9	0.5619145035743713
DE_159	10	0.6904943585395813
DE_159	11	0.71656733751297
DE_159	12	0.4367654323577881
DE_159	13	0.6809791922569275
DE_159	14	0.6904881596565247
DE_159	15	0.9826205372810364
DE_159	16	0.032738249748945236
DE_159	17	0.40136197209358215
DE_159	18	0.5973930954933167
DE_159	19	0.02606605738401413
DE_159	20	0.3446049392223358
DE_159	21	0.9040256142616272
DE_159	22	0.7050715088844299
DE_159	23	0.08638747781515121
DE_159	24	0.13440105319023132
DE_159	25	0.8733929395675659
DE_159	26	0.1412861943244934
DE_159	27	0.8166332840919495
DE_159	28	0.03518536314368248
DE_159	29	0.5403198003768921
DE_159	30	0.38112637400627136
DE_159	31	0.6963620781898499
DE_159	32	0.044090308248996735
DE_159	33	0.3723953068256378
DE_159	34	0.2927292585372925
DE_160	1	0.9345995187759399
DE_160	2	0.7008152604103088
DE_160	3	0.8808561563491821
DE_160	4	0.6422882080078125
DE_160	5	0.8262705206871033
DE_160	6	0.4040187895298004
DE_160	7	0.4527803361415863
DE_160	8	0.9389147758483887
DE_160	9	0.9744399785995483
DE_160	10	0.310504287481308
DE_160	11	0.3391256034374237
DE_160	12	0.8006350994110107
DE_160	13	0.7464863657951355
DE_160	14	0.8659090399742126
DE_160	15	0.5154670476913452
DE_160	16	0.4521810710430145
DE_160	17	0.7199369668960571
DE_160	18	0.6027336120605469
DE_160	19	0.7742851376533508
DE_160	20	0.7827584743499756
DE_160	21	0.7548465728759766
DE_160	22	0.9878524541854858
DE_160	23	0.8109727501869202
DE_160	24	0.7209873199462891
DE_160	25	0.8872080445289612
DE_160	26	0.32840731739997864
DE_160	27	0.8457733988761902
DE_160	28	0.03975307196378708
DE_160	29	0.7251437306404114
DE_160	30	0.11263824254274368
DE_160	31	0.4825608432292938
DE_160	32	0.9330244064331055
DE_160	33	0.5190443396568298
DE_160	34	0.14896371960639954
DE_160	35	0.11826813966035843
DE_160	36	0.8042395710945129
DE_160	37	0.6561428308486938
DE_160	38	0.07264555990695953
DE_160	39	0.7741355299949646
DE_160	40	0.042773034423589706
DE_161	1	0.5036512613296509
DE_161	2	0.474999338388443
DE_161	3	0.9721636772155762
DE_161	4	0.7443399429321289
DE_161	5	0.9432314038276672
DE_161	6	0.3859994113445282
DE_161	7	0.40251749753952026
DE_161	8	0.6403768062591553
DE_161	9	0.7854189872741699
DE_161	10	0.7057986855506897
DE_161	11	0.43171751499176025
DE_161	12	0.32177862524986267
DE_161	13	0.7010409235954285
DE_161	14	0.5753704905509949
DE_161	15	0.5659757852554321
DE_161	16	0.6424545645713806
DE_161	17	0.8204789757728577
DE_161	18	0.9281449913978577
DE_161	19	0.19213370978832245
DE_161	20	0.6983479261398315
DE_161	21	0.3377019762992859
DE_161	22	0.6733585596084595
DE_161	23	0.780457615852356
DE_161	24	0.5715908408164978
DE_161	25	0.3571475148200989
DE_161	26	0.6384363770484924
DE_161	27	0.25476428866386414
DE_161	28	0.5267186164855957
DE_161	29	0.5286170840263367
DE_161	30	0.9281957149505615
DE_161	31	0.7947114109992981
DE_161	32	0.5310235023498535
DE_161	33	0.9015346765518188
DE_161	34	0.6999037265777588
DE_161	35	0.5507214665412903
DE_161	36	0.4455207288265228
DE_161	37	0.3999173045158386
DE_161	38	0.6924893260002136
DE_161	39	0.7053782343864441
DE_164	1	0.826409101486206
DE_164	2	0.7327620387077332
DE_164	3	0.7692837119102478
DE_164	4	0.24898283183574677
DE_164	5	0.48561564087867737
DE_164	6	0.019645409658551216
DE_164	7	0.6388742327690125
DE_164	8	0.4650753140449524
DE_164	9	0.6318721175193787
DE_164	10	0.06153956055641174
DE_164	11	0.8312958478927612
DE_164	12	0.7890979051589966
DE_164	13	0.4646330773830414
DE_164	14	0.6523022055625916
DE_164	15	0.2784167528152466
DE_164	16	0.7386531829833984
DE_164	17	0.8726518750190735
DE_164	18	0.9139895439147949
DE_164	19	0.4961905777454376
DE_164	20	0.8734688758850098
DE_164	21	0.8355167508125305
DE_164	22	0.4564538896083832
DE_164	23	0.05500681698322296
DE_164	24	0.49480709433555603
DE_164	25	0.666494607925415
DE_164	26	0.6852310299873352
DE_164	27	0.6683668494224548
DE_164	28	0.4279281198978424
DE_164	29	0.6989902257919312
DE_164	30	0.9436147809028625
DE_164	31	0.5814054012298584
DE_164	32	0.19467289745807648
DE_164	33	0.39866071939468384
DE_164	34	0.8275274038314819
DE_164	35	0.39021623134613037
DE_164	36	0.8468950390815735
DE_164	37	0.2732369601726532
DE_186	1	0.38219302892684937
DE_186	2	0.41730520129203796
DE_186	3	0.0878247395157814
DE_186	4	0.8610760569572449
DE_186	5	0.7844206690788269
DE_186	6	0.3825589120388031
DE_186	7	0.5579125285148621
DE_186	8	0.8936823010444641
DE_186	9	0.9149200320243835
DE_186	10	0.46009165048599243
DE_186	11	0.8944070339202881
DE_186	12	0.8109139204025269
DE_186	13	0.7665207982063293
DE_186	14	0.7183887362480164
DE_186	15	0.687491774559021
DE_186	16	0.970032274723053
DE_186	17	0.228245347738266
DE_186	18	0.7785413861274719
DE_186	19	0.9403607249259949
DE_186	20	0.9490184783935547
DE_186	21	0.11679940670728683
DE_186	22	0.9130054116249084
DE_186	23	0.7941915988922119
DE_186	24	0.9028500318527222
DE_186	25	0.11168122291564941
DE_186	26	0.8084118366241455
DE_186	27	0.8535296320915222
DE_186	28	0.8278887867927551
DE_186	29	0.2866162657737732
DE_186	30	0.9281161427497864
DE_186	31	0.6779036521911621
DE_186	32	0.8947207927703857
DE_186	33	0.07656996697187424
DE_186	34	0.4642448425292969
DE_186	35	0.9373416900634766
DE_186	36	0.7575100064277649
DE_186	37	0.9174485206604004
DE_186	38	0.9392052888870239
DE_187	1	0.454140841960907
DE_187	2	0.5471729040145874
DE_187	3	0.5460236072540283
DE_187	4	0.7683835625648499
DE_187	5	0.7429693341255188
DE_187	6	0.015081919729709625
DE_187	7	0.7678035497665405
DE_187	8	0.25102388858795166
DE_187	9	0.6299095153808594
DE_187	10	0.47569000720977783
DE_187	11	0.3584197759628296
DE_187	12	0.5881413817405701
DE_187	13	0.44464921951293945
DE_187	14	0.44306451082229614
DE_187	15	0.74909508228302
DE_187	16	0.5125709772109985
DE_187	17	0.1922917366027832
DE_187	18	0.42637085914611816
DE_187	19	0.3986436724662781
DE_187	20	0.39367562532424927
DE_187	21	0.47065165638923645
DE_187	22	0.53558748960495
DE_187	23	0.926456093788147
DE_187	24	0.5856919288635254
DE_187	25	0.5285369157791138
DE_187	26	0.6902070641517639
DE_187	27	0.5393215417861938
DE_187	28	0.5321009755134583
DE_187	29	0.6031903028488159
DE_191	1	0.15463204681873322
DE_191	2	0.06622303277254105
DE_191	3	0.5508603453636169
DE_191	4	0.6139817833900452
DE_191	5	0.22304005920886993
DE_191	6	0.022014768794178963
DE_191	7	0.1031457856297493
DE_191	8	0.02082977071404457
DE_191	9	0.05482816323637962
DE_191	10	0.9021963477134705
DE_191	11	0.6970078945159912
DE_191	12	0.13613256812095642
DE_191	13	0.20976418256759644
DE_191	14	0.436046302318573
DE_191	15	0.9671313166618347
DE_191	16	0.9405554533004761
DE_191	17	0.27414679527282715
DE_191	18	0.43863654136657715
DE_191	19	0.15701158344745636
DE_191	20	0.028082318603992462
DE_191	21	0.13089509308338165
DE_191	22	0.6539880037307739
DE_191	23	0.44176143407821655
DE_191	24	0.8125872015953064
DE_191	25	0.07013733685016632
DE_191	26	0.4680652320384979
DE_191	27	0.034470170736312866
DE_191	28	0.3616969883441925
DE_191	29	0.06463656574487686
DE_191	30	0.0701352059841156
DE_191	31	0.2038094699382782
DE_191	32	0.608550488948822
DE_191	33	0.7685502171516418
DE_191	34	0.599177360534668
DE_191	35	0.21126297116279602
DE_191	36	0.26643994450569153
DE_191	37	0.48664361238479614
DE_191	38	0.555464506149292
DE_191	39	0.34196823835372925
DE_191	40	0.6986048221588135
DE_191	41	0.8388717174530029
DE_191	42	0.7351240515708923
DE_191	43	0.10164741426706314
DE_191	44	0.32921552658081055
DE_191	45	0.07187769562005997
DE_191	46	0.07496985793113708
DE_191	47	0.6704133749008179
DE_191	48	0.17916172742843628
DE_191	49	0.826980471611023
DE_191	50	0.28800585865974426
DE_191	51	0.4976346790790558
DE_191	52	0.48698699474334717
DE_191	53	0.5753204822540283
DE_191	54	0.4534538686275482
DE_191	55	0.2120485007762909
DE_191	56	0.2787030339241028
DE_191	57	0.23142018914222717
DE_191	58	0.2520417273044586
DE_191	59	0.5494400858879089
DE_191	60	0.1004858985543251
DE_191	61	0.03113439306616783
DE_191	62	0.7247783541679382
DE_191	63	0.6721065044403076
DE_191	64	0.8562225699424744
DE_191	65	0.7237668037414551
DE_191	66	0.8026546835899353
DE_191	67	0.6065009236335754
DE_191	68	0.04601842164993286
DE_191	69	0.04570648819208145
DE_191	70	0.9035346508026123
DE_191	71	0.4228566288948059
DE_191	72	0.8147169947624207
DE_191	73	0.6948499083518982
DE_196	1	0.6470304131507874
DE_196	2	0.6192356944084167
DE_196	3	0.9340409636497498
DE_196	4	0.9755434989929199
DE_196	5	0.4676181674003601
DE_196	6	0.957714319229126
DE_196	7	0.816522479057312
DE_196	8	0.8980883955955505
DE_196	9	0.5596515536308289
DE_196	10	0.3367421627044678
DE_196	11	0.8958088159561157
DE_196	12	0.9155641198158264
DE_196	13	0.8848763108253479
DE_196	14	0.639507532119751
DE_196	15	0.7559826970100403
DE_196	16	0.8525210618972778
DE_196	17	0.6457633972167969
DE_196	18	0.9370160698890686
DE_196	19	0.7305315136909485
DE_196	20	0.7105244398117065
DE_196	21	0.8795178532600403
DE_196	22	0.889651894569397
DE_196	23	0.803293764591217
DE_196	24	0.9464640021324158
DE_196	25	0.9465348124504089
DE_196	26	0.7993575930595398
DE_200	1	0.35734328627586365
DE_200	2	0.4354000389575958
DE_200	3	0.2642033100128174
DE_200	4	0.6598612070083618
DE_200	5	0.08759976923465729
DE_200	6	0.8748989105224609
DE_200	7	0.13526734709739685
DE_200	8	0.18066921830177307
DE_200	9	0.4142618179321289
DE_200	10	0.6228326559066772
DE_200	11	0.11819767206907272
DE_200	12	0.9597970247268677
DE_200	13	0.07991109788417816
DE_200	14	0.15392784774303436
DE_200	15	0.8573546409606934
DE_200	16	0.5749086737632751
DE_200	17	0.45543283224105835
DE_200	18	0.6749973893165588
DE_200	19	0.09959462285041809
DE_200	20	0.42462190985679626
DE_200	21	0.024705955758690834
DE_200	22	0.08723441511392593
DE_200	23	0.039727725088596344
DE_200	24	0.039669446647167206
DE_200	25	0.3247973322868347
DE_200	26	0.2807685136795044
DE_200	27	0.28152161836624146
DE_200	28	0.972501814365387
DE_200	29	0.6079763174057007
DE_200	30	0.7473387718200684
DE_200	31	0.02048448473215103
DE_200	32	0.8956886529922485
DE_200	33	0.7744531035423279
DE_200	34	0.6701918840408325
DE_200	35	0.022492483258247375
DE_200	36	0.33424627780914307
DE_200	37	0.3405550420284271
DE_200	38	0.8348923325538635
DE_200	39	0.6797250509262085
DE_200	40	0.08601751178503036
DE_200	41	0.5038754940032959
DE_200	42	0.24410392343997955
DE_200	43	0.6943802833557129
DE_200	44	0.4165748655796051
DE_200	45	0.5362901091575623
DE_200	46	0.9564319252967834
DE_200	47	0.8184861540794373
DE_200	48	0.84163498878479
DE_200	49	0.5023728013038635
DE_213	1	0.12876297533512115
DE_213	2	0.32658353447914124
DE_213	3	0.0719337984919548
DE_213	4	0.20209208130836487
DE_213	5	0.8635589480400085
DE_213	6	0.3255971372127533
DE_213	7	0.3607063889503479
DE_213	8	0.48110443353652954
DE_213	9	0.4762868583202362
DE_213	10	0.2604530453681946
DE_213	11	0.1849779635667801
DE_213	12	0.9009230732917786
DE_213	13	0.13199609518051147
DE_213	14	0.6009445786476135
DE_213	15	0.30228716135025024
DE_213	16	0.8684072494506836
DE_213	17	0.3784056007862091
DE_213	18	0.03429350629448891
DE_213	19	0.21557828783988953
DE_213	20	0.021551793441176414
DE_213	21	0.305184930562973
DE_213	22	0.1586030274629593
DE_213	23	0.30312493443489075
DE_213	24	0.22469353675842285
DE_213	25	0.3570292592048645
DE_213	26	0.3390618860721588
DE_224	1	0.7836791276931763
DE_224	2	0.4207455813884735
DE_224	3	0.9248754978179932
DE_224	4	0.7617015242576599
DE_224	5	0.80375736951828
DE_224	6	0.050382837653160095
DE_224	7	0.5343065857887268
DE_224	8	0.2679194211959839
DE_224	9	0.6051987409591675
DE_224	10	0.7089083194732666
DE_224	11	0.05918227136135101
DE_224	12	0.38736358284950256
DE_224	13	0.48207876086235046
DE_224	14	0.7995413541793823
DE_224	15	0.8366042375564575
DE_224	16	0.08208572864532471
DE_224	17	0.37714576721191406
DE_224	18	0.2341354787349701
DE_224	19	0.18233636021614075
DE_224	20	0.6955552697181702
DE_224	21	0.036181166768074036
DE_224	22	0.07521691173315048
DE_224	23	0.11124249547719955
DE_224	24	0.24789634346961975
DE_224	25	0.1930689811706543
DE_224	26	0.01680106297135353
DE_224	27	0.7090968489646912
DE_224	28	0.43178969621658325
DE_224	29	0.8059272170066833
DE_224	30	0.05555998161435127
DE_232	1	0.23606552183628082
DE_232	2	0.5066014528274536
DE_232	3	0.7638394236564636
DE_232	4	0.3130834996700287
DE_232	5	0.9615218639373779
DE_232	6	0.29374727606773376
DE_232	7	0.8868455290794373
DE_232	8	0.19701476395130157
DE_232	9	0.626013457775116
DE_232	10	0.36288291215896606
DE_232	11	0.6555874943733215
DE_232	12	0.8562818765640259
DE_232	13	0.5187105536460876
DE_232	14	0.8029236197471619
DE_232	15	0.7586483359336853
DE_232	16	0.21123413741588593
DE_232	17	0.19472479820251465
DE_232	18	0.6560210585594177
DE_232	19	0.6318365335464478
DE_232	20	0.055991631001234055
DE_232	21	0.668892502784729
DE_232	22	0.6182348132133484
DE_232	23	0.8773581385612488
DE_232	24	0.9428998231887817
DE_232	25	0.9335949420928955
DE_232	26	0.6687313914299011
DE_232	27	0.7970611453056335
DE_232	28	0.7231985330581665
DE_232	29	0.8681818246841431
DE_232	30	0.6797742247581482
DE_232	31	0.721542239189148
DE_232	32	0.8700467348098755
DE_235	1	0.45260924100875854
DE_235	2	0.36447417736053467
DE_235	3	0.7586843371391296
DE_235	4	0.2914380729198456
DE_235	5	0.055042654275894165
DE_235	6	0.16580583155155182
DE_235	7	0.23510630428791046
DE_235	8	0.814103364944458
DE_235	9	0.8060994744300842
DE_235	10	0.29556843638420105
DE_235	11	0.22952783107757568
DE_235	12	0.37385880947113037
DE_235	13	0.40908485651016235
DE_235	14	0.8643896579742432
DE_235	15	0.3757854104042053
DE_235	16	0.23557981848716736
DE_235	17	0.4022112488746643
DE_235	18	0.21611331403255463
DE_235	19	0.08497932553291321
DE_235	20	0.32279103994369507
DE_235	21	0.38719722628593445
DE_235	22	0.3901597857475281
DE_235	23	0.4562429189682007
DE_235	24	0.9104888439178467
DE_235	25	0.6414535641670227
DE_235	26	0.4354028105735779
DE_235	27	0.0262263435870409
DE_235	28	0.618847131729126
DE_235	29	0.2958996891975403
DE_235	30	0.5845063328742981
DE_235	31	0.7496424317359924
DE_235	32	0.4448218047618866
DE_235	33	0.709855854511261
DE_235	34	0.30035093426704407
DE_235	35	0.2621433734893799
DE_235	36	0.3779212534427643
DE_235	37	0.2271326333284378
DE_235	38	0.7200146317481995
DE_235	39	0.33769550919532776
DE_247	1	0.07394003123044968
DE_247	2	0.2602671682834625
DE_247	3	0.32549425959587097
DE_247	4	0.20607930421829224
DE_247	5	0.10907074064016342
DE_247	6	0.7826874852180481
DE_247	7	0.7632966637611389
DE_247	8	0.15269781649112701
DE_247	9	0.381136417388916
DE_247	10	0.17474502325057983
DE_247	11	0.5619135499000549
DE_247	12	0.9152030348777771
DE_247	13	0.5685293078422546
DE_247	14	0.07060540467500687
DE_247	15	0.16792918741703033
DE_247	16	0.9053091406822205
DE_247	17	0.3469032645225525
DE_247	18	0.7948974967002869
DE_247	19	0.21434259414672852
DE_247	20	0.505223274230957
DE_247	21	0.45640459656715393
DE_247	22	0.6610761284828186
DE_247	23	0.6754505634307861
DE_247	24	0.5304334163665771
DE_247	25	0.26455414295196533
DE_252	1	0.9893434047698975
DE_252	2	0.7935670614242554
DE_252	3	0.7775704264640808
DE_252	4	0.041865844279527664
DE_252	5	0.687119722366333
DE_252	6	0.0557667575776577
DE_252	7	0.29773664474487305
DE_252	8	0.7292771339416504
DE_252	9	0.7557418346405029
DE_252	10	0.04693346098065376
DE_252	11	0.5303379893302917
DE_252	12	0.18101006746292114
DE_252	13	0.01984277553856373
DE_252	14	0.657006025314331
DE_252	15	0.5380910634994507
DE_252	16	0.8943260312080383
DE_252	17	0.7321003079414368
DE_252	18	0.109112448990345
DE_252	19	0.65072101354599
DE_252	20	0.006496826186776161
DE_252	21	0.2695787847042084
DE_252	22	0.8567090630531311
DE_252	23	0.4111159145832062
DE_252	24	0.7916511297225952
DE_252	25	0.045428138226270676
DE_261	1	0.40171292424201965
DE_261	2	0.6320527195930481
DE_261	3	0.4103351831436157
DE_261	4	0.29160845279693604
DE_261	5	0.5349136590957642
DE_261	6	0.5637245178222656
DE_261	7	0.37371236085891724
DE_261	8	0.5180218815803528
DE_261	9	0.6899585127830505
DE_261	10	0.44075167179107666
DE_261	11	0.3666772246360779
DE_261	12	0.16932672262191772
DE_261	13	0.7709639072418213
DE_261	14	0.02329985611140728
DE_261	15	0.4679698348045349
DE_261	16	0.14833121001720428
DE_261	17	0.7612937688827515
DE_261	18	0.0816921666264534
DE_261	19	0.4679698348045349
DE_261	20	0.14833121001720428
DE_261	21	0.7612937688827515
DE_261	22	0.0816921666264534
DE_261	23	0.4220571219921112
DE_261	24	0.563640832901001
DE_261	25	0.3993549942970276
DE_261	26	0.34881386160850525
DE_261	27	0.5548979640007019
DE_261	28	0.3392086327075958
DE_261	29	0.27506306767463684
DE_261	30	0.2727851867675781
DE_267	1	0.19891893863677979
DE_267	2	0.2907554507255554
DE_267	3	0.5515950322151184
DE_267	4	0.40829703211784363
DE_267	5	0.7013511061668396
DE_267	6	0.05206941068172455
DE_267	7	0.290704607963562
DE_267	8	0.8584870100021362
DE_267	9	0.5195084810256958
DE_267	10	0.014764077961444855
DE_267	11	0.7906159162521362
DE_267	12	0.04419642314314842
DE_267	13	0.02649153396487236
DE_267	14	0.044049229472875595
DE_267	15	0.8713554739952087
DE_267	16	0.03047775663435459
DE_267	17	0.17901404201984406
DE_267	18	0.7457998991012573
DE_267	19	0.9844406843185425
DE_267	20	0.13024301826953888
DE_267	21	0.09448482096195221
DE_267	22	0.5871441960334778
DE_267	23	0.9785768985748291
DE_267	24	0.9132674336433411
DE_270	1	0.23717713356018066
DE_270	2	0.9781261086463928
DE_270	3	0.21259988844394684
DE_270	4	0.05719803646206856
DE_270	5	0.4682616591453552
DE_270	6	0.21234464645385742
DE_270	7	0.35362955927848816
DE_270	8	0.04470360279083252
DE_270	9	0.4228174090385437
DE_270	10	0.08073209226131439
DE_270	11	0.5733336210250854
DE_270	12	0.9600933194160461
DE_270	13	0.08674310147762299
DE_270	14	0.4930146038532257
DE_270	15	0.12140608578920364
DE_270	16	0.6912854313850403
DE_270	17	0.08953039348125458
DE_270	18	0.1280493587255478
DE_270	19	0.1793704330921173
DE_270	20	0.10368339717388153
DE_270	21	0.12361950427293777
DE_270	22	0.5317190885543823
DE_270	23	0.32896649837493896
DE_275	1	0.6242321729660034
DE_275	2	0.5895869731903076
DE_275	3	0.8602531552314758
DE_275	4	0.824404239654541
DE_275	5	0.14172765612602234
DE_275	6	0.0691801905632019
DE_275	7	0.5849558711051941
DE_275	8	0.5114399194717407
DE_275	9	0.0978100523352623
DE_275	10	0.9146910905838013
DE_275	11	0.8556941747665405
DE_275	12	0.19978894293308258
DE_275	13	0.7008882164955139
DE_275	14	0.42723366618156433
DE_275	15	0.35604166984558105
DE_275	16	0.8273055553436279
DE_275	17	0.17555034160614014
DE_275	18	0.35823187232017517
DE_275	19	0.7491064667701721
DE_275	20	0.16737815737724304
DE_275	21	0.8959746956825256
DE_275	22	0.6772637963294983
DE_280	1	0.7059282660484314
DE_280	2	0.557858943939209
DE_280	3	0.8880853056907654
DE_280	4	0.4007176160812378
DE_280	5	0.059781644493341446
DE_280	6	0.2571166455745697
DE_280	7	0.3868708908557892
DE_280	8	0.44869792461395264
DE_280	9	0.023673556745052338
DE_280	10	0.6725528240203857
DE_280	11	0.3670101761817932
DE_280	12	0.02191128022968769
DE_280	13	0.2950873374938965
DE_280	14	0.5757233500480652
DE_280	15	0.46797552704811096
DE_280	16	0.7178806662559509
DE_280	17	0.7118223905563354
DE_280	18	0.04589589685201645
DE_280	19	0.23175108432769775
DE_280	20	0.7629956603050232
DE_280	21	0.6727114319801331
DE_280	22	0.7752971053123474
DE_280	23	0.06259232759475708
DE_280	24	0.12546026706695557
DE_280	25	0.14336197078227997
DE_280	26	0.2603621184825897
DE_280	27	0.9392182230949402
DE_280	28	0.5134689211845398
DE_280	29	0.06877738982439041
DE_280	30	0.14222972095012665
DE_280	31	0.7834100127220154
DE_280	32	0.34931260347366333
DE_280	33	0.09309481829404831
DE_280	34	0.8916680812835693
DE_280	35	0.5602696537971497
DE_280	36	0.11598075926303864
DE_283	1	0.7650766372680664
DE_283	2	0.7158674597740173
DE_283	3	0.5518704652786255
DE_283	4	0.7241851687431335
DE_283	5	0.11239518970251083
DE_283	6	0.010774433612823486
DE_283	7	0.3956086039543152
DE_283	8	0.13227267563343048
DE_283	9	0.5868882536888123
DE_283	10	0.25177904963493347
DE_283	11	0.7895781993865967
DE_283	12	0.6600397229194641
DE_283	13	0.5364493727684021
DE_283	14	0.959982693195343
DE_283	15	0.8306640386581421
DE_283	16	0.9459217190742493
DE_283	17	0.6067628264427185
DE_283	18	0.6328166127204895
DE_283	19	0.7718663215637207
DE_283	20	0.8024678230285645
DE_283	21	0.6041111350059509
DE_283	22	0.24738001823425293
DE_283	23	0.7609074115753174
DE_283	24	0.8822643160820007
DE_283	25	0.216454416513443
DE_283	26	0.27813097834587097
DE_283	27	0.6399722695350647
DE_283	28	0.05020824447274208
DE_283	29	0.2508482038974762
DE_283	30	0.7846432328224182
DE_283	31	0.7463762760162354
DE_283	32	0.9551160931587219
DE_283	33	0.7194900512695312
DE_283	34	0.8718600273132324
DE_283	35	0.5862792730331421
DE_283	36	0.7783633470535278
DE_283	37	0.47472521662712097
DE_283	38	0.7969922423362732
DE_283	39	0.9171577095985413
DE_286	1	0.8376301527023315
DE_286	2	0.48748013377189636
DE_286	3	0.6059522032737732
DE_286	4	0.5886817574501038
DE_286	5	0.52403324842453
DE_286	6	0.4585033655166626
DE_286	7	0.8339957594871521
DE_286	8	0.7976422309875488
DE_286	9	0.6770856976509094
DE_286	10	0.3765135109424591
DE_286	11	0.7036585807800293
DE_286	12	0.6353830695152283
DE_286	13	0.4157138764858246
DE_286	14	0.5466963052749634
DE_286	15	0.35823187232017517
DE_286	16	0.6801209449768066
DE_286	17	0.883089542388916
DE_286	18	0.567354679107666
DE_286	19	0.7244625687599182
DE_286	20	0.7995691895484924
DE_286	21	0.527975857257843
DE_287	1	0.9310146570205688
DE_287	2	0.07790985703468323
DE_287	3	0.3510524034500122
DE_287	4	0.411336213350296
DE_287	5	0.16457469761371613
DE_287	6	0.9029861688613892
DE_287	7	0.4254628121852875
DE_287	8	0.7215513586997986
DE_287	9	0.45134490728378296
DE_287	10	0.3396218419075012
DE_287	11	0.5754849314689636
DE_287	12	0.2902706563472748
DE_287	13	0.3866802155971527
DE_287	14	0.30207687616348267
DE_287	15	0.05661293864250183
DE_287	16	0.9262598156929016
DE_287	17	0.1669643670320511
DE_287	18	0.19463913142681122
DE_287	19	0.17246243357658386
DE_287	20	0.06592416018247604
DE_287	21	0.817304790019989
DE_287	22	0.7878892421722412
DE_287	23	0.26116660237312317
DE_287	24	0.7107753157615662
DE_287	25	0.7797198295593262
DE_287	26	0.3490387797355652
DE_287	27	0.7318036556243896
DE_287	28	0.13992920517921448
DE_287	29	0.9014872312545776
DE_287	30	0.06611086428165436
DE_287	31	0.80154949426651
DE_287	32	0.7459807991981506
DE_287	33	0.22855673730373383
DE_287	34	0.4935562312602997
DE_288	1	0.33653876185417175
DE_288	2	0.8033446073532104
DE_288	3	0.6290384531021118
DE_288	4	0.8059980869293213
DE_288	5	0.40288564562797546
DE_288	6	0.7104099988937378
DE_288	7	0.7104709148406982
DE_288	8	0.2085724174976349
DE_288	9	0.25990474224090576
DE_288	10	0.285505473613739
DE_288	11	0.46953779458999634
DE_288	12	0.18777310848236084
DE_288	13	0.05116742104291916
DE_288	14	0.02448987029492855
DE_288	15	0.09522099047899246
DE_288	16	0.0643281489610672
DE_288	17	0.40868449211120605
DE_288	18	0.7953453660011292
DE_288	19	0.5894138813018799
DE_288	20	0.9129016995429993
DE_288	21	0.5653777718544006
DE_288	22	0.135045126080513
DE_288	23	0.1407070755958557
DE_288	24	0.04322050139307976
DE_288	25	0.7201771140098572
DE_288	26	0.17186427116394043
DE_288	27	0.3112788796424866
DE_288	28	0.03499643877148628
DE_288	29	0.4008304178714752
DE_288	30	0.5693181157112122
DE_288	31	0.2207150161266327
DE_288	32	0.6761528253555298
DE_288	33	0.1680130958557129
DE_288	34	0.3444516658782959
DE_288	35	0.4145888686180115
DE_288	36	0.22996681928634644
DE_294	1	0.4032527208328247
DE_294	2	0.895319938659668
DE_294	3	0.9226680397987366
DE_294	4	0.11040163785219193
DE_294	5	0.012120883911848068
DE_294	6	0.6201664209365845
DE_294	7	0.9614875912666321
DE_294	8	0.7769533395767212
DE_294	9	0.43437281250953674
DE_294	10	0.9664220213890076
DE_294	11	0.8853810429573059
DE_294	12	0.7536249160766602
DE_294	13	0.3496400713920593
DE_294	14	0.6649159789085388
DE_294	15	0.858733057975769
DE_294	16	0.6559428572654724
DE_294	17	0.8093372583389282
DE_294	18	0.16607870161533356
DE_294	19	0.9479214549064636
DE_294	20	0.8790549039840698
DE_294	21	0.7810359597206116
DE_294	22	0.37614256143569946
DE_294	23	0.8109140396118164
DE_294	24	0.16341353952884674
DE_294	25	0.3078478276729584
DE_294	26	0.06196320056915283
DE_294	27	0.10458442568778992
DE_294	28	0.8957054018974304
DE_294	29	0.24191266298294067
DE_294	30	0.3483702540397644
DE_294	31	0.40735581517219543
DE_294	32	0.0913991704583168
DE_294	33	0.7336077094078064
DE_294	34	0.13357973098754883
DE_294	35	0.644891619682312
DE_294	36	0.5654000043869019
DE_294	37	0.38585758209228516
DE_294	38	0.7691349983215332
DE_300	1	0.3138386905193329
DE_300	2	0.5881681442260742
DE_300	3	0.17923863232135773
DE_300	4	0.6024523973464966
DE_300	5	0.9155545830726624
DE_300	6	0.76329106092453
DE_300	7	0.08968425542116165
DE_300	8	0.5643320083618164
DE_300	9	0.4887194335460663
DE_300	10	0.5901060104370117
DE_300	11	0.7254175543785095
DE_300	12	0.8724443912506104
DE_300	13	0.44012582302093506
DE_300	14	0.11053182929754257
DE_300	15	0.5917463898658752
DE_300	16	0.06292934715747833
DE_300	17	0.3051159083843231
DE_300	18	0.8143610954284668
DE_300	19	0.2845349907875061
DE_300	20	0.6234022974967957
DE_300	21	0.945823609828949
DE_300	22	0.6692253947257996
DE_300	23	0.6991387009620667
DE_300	24	0.17337265610694885
DE_300	25	0.5717188119888306
DE_300	26	0.7633609175682068
DE_300	27	0.8599691987037659
DE_300	28	0.689644992351532
DE_300	29	0.2885303795337677
DE_300	30	0.6743246912956238
DE_300	31	0.697470486164093
DE_300	32	0.1320442408323288
DE_M_005	1	0.42881014943122864
DE_M_005	2	0.302465558052063
DE_M_005	3	0.12246177345514297
DE_M_005	4	0.5261588096618652
DE_M_005	5	0.5616241693496704
DE_M_005	6	0.30934426188468933
DE_M_005	7	0.15393078327178955
DE_M_005	8	0.34267255663871765
DE_M_005	9	0.12864722311496735
DE_M_005	10	0.2472841441631317
DE_M_005	11	0.40544435381889343
DE_M_005	12	0.3823511302471161
DE_M_005	13	0.2537345290184021
DE_M_005	14	0.6745995879173279
DE_M_005	15	0.5696242451667786
DE_M_005	16	0.2925940155982971
DE_M_005	17	0.15940609574317932
DE_M_005	18	0.7443510890007019
DE_M_005	19	0.12013494223356247
DE_M_005	20	0.20711274445056915
DE_M_005	21	0.3690468668937683
DE_M_005	22	0.8952701687812805
DE_M_005	23	0.22828444838523865
DE_M_005	24	0.5560591220855713
DE_M_005	25	0.11830076575279236
DE_M_005	26	0.11099819839000702
DE_M_005	27	0.05649122968316078
DE_M_005	28	0.5504772663116455
DE_M_005	29	0.13989731669425964
DE_M_005	30	0.4821283519268036
DE_M_005	31	0.23470722138881683
DE_M_005	32	0.4081145226955414
DE_M_005	33	0.2516912817955017
DE_M_005	34	0.2142229676246643
DE_M_005	35	0.3422333598136902
DE_M_005	36	0.07551204413175583
DE_M_005	37	0.20590606331825256
DE_M_005	38	0.3859986662864685
DE_M_005	39	0.4655281603336334
DE_M_005	40	0.45052099227905273
DE_M_005	41	0.44203147292137146
DE_M_005	42	0.33469343185424805
DE_M_005	43	0.19475232064723969
DE_M_005	44	0.38549119234085083
DE_M_005	45	0.2965952157974243
DE_M_005	46	0.14598193764686584
DE_M_005	47	0.34924042224884033
DE_M_005	48	0.8291907906532288
DE_M_005	49	0.28007328510284424
DE_M_005	50	0.6885504126548767
DE_M_005	51	0.3694758415222168
DE_M_005	52	0.3778235614299774
DE_M_005	53	0.7448863983154297
DE_M_005	54	0.08306606858968735
DE_M_005	55	0.5872334241867065
DE_M_005	56	0.3372958302497864
DE_M_005	57	0.32963311672210693
DE_M_005	58	0.1501491665840149
DE_M_005	59	0.5303437113761902
DE_M_006	1	0.16161108016967773
DE_M_006	2	0.3757905662059784
DE_M_006	3	0.9373148679733276
DE_M_006	4	0.2916256785392761
DE_M_006	5	0.09546152502298355
DE_M_006	6	0.5150101184844971
DE_M_006	7	0.10020757466554642
DE_M_006	8	0.1748289316892624
DE_M_006	9	0.736596405506134
DE_M_006	10	0.7640601992607117
DE_M_006	11	0.39501723647117615
DE_M_006	12	0.16949968039989471
DE_M_006	13	0.3841283917427063
DE_M_006	14	0.3178114593029022
DE_M_006	15	0.4569118320941925
DE_M_006	16	0.8475048542022705
DE_M_006	17	0.8339123725891113
DE_M_006	18	0.6827912926673889
DE_M_006	19	0.48454949259757996
DE_M_006	20	0.21456633508205414
DE_M_006	21	0.6770164966583252
DE_M_006	22	0.062146756798028946
DE_M_006	23	0.5646452307701111
DE_M_006	24	0.3507445752620697
DE_M_006	25	0.08094105869531631
DE_M_006	26	0.5843244791030884
DE_M_006	27	0.9616732001304626
DE_M_006	28	0.22531738877296448
DE_M_006	29	0.7295455932617188
DE_M_006	30	0.2339448630809784
DE_M_006	31	0.3104037940502167
DE_M_006	32	0.4256787598133087
DE_M_006	33	0.6017605066299438
DE_M_006	34	0.27535420656204224
DE_M_006	35	0.17546537518501282
DE_M_006	36	0.1166883036494255
DE_M_006	37	0.6649315357208252
DE_M_006	38	0.35767513513565063
DE_M_006	39	0.8573849201202393
DE_M_006	40	0.6664665341377258
DE_M_006	41	0.30455151200294495
DE_M_006	42	0.5670106410980225
DE_M_006	43	0.9027970433235168
DE_M_006	44	0.9478453993797302
DE_M_006	45	0.9131821393966675
DE_M_006	46	0.6253423094749451
DE_M_006	47	0.8784177899360657
DE_M_006	48	0.9052648544311523
DE_M_006	49	0.3375697433948517
DE_M_006	50	0.8338977694511414
DE_M_006	51	0.27691903710365295
DE_M_006	52	0.49342861771583557
DE_M_014	1	0.40478894114494324
DE_M_014	2	0.4059620797634125
DE_M_014	3	0.2508062422275543
DE_M_014	4	0.768600583076477
DE_M_014	5	0.536796510219574
DE_M_014	6	0.43603649735450745
DE_M_014	7	0.423173189163208
DE_M_014	8	0.7300928831100464
DE_M_014	9	0.7497043013572693
DE_M_014	10	0.17284321784973145
DE_M_014	11	0.4199214577674866
DE_M_014	12	0.9450276494026184
DE_M_014	13	0.7825056314468384
DE_M_014	14	0.6389354467391968
DE_M_014	15	0.387634813785553
DE_M_014	16	0.14428894221782684
DE_M_014	17	0.30990779399871826
DE_M_014	18	0.496378630399704
DE_M_014	19	0.667015552520752
DE_M_014	20	0.2758601903915405
DE_M_014	21	0.19025026261806488
DE_M_014	22	0.6865400075912476
DE_M_014	23	0.21010079979896545
DE_M_014	24	0.6078106164932251
DE_M_014	25	0.11339796334505081
DE_M_014	26	0.5050505995750427
DE_M_014	27	0.6525161266326904
DE_M_014	28	0.434291273355484
DE_M_014	29	0.5612183213233948
DE_M_014	30	0.7731691002845764
DE_M_014	31	0.580443263053894
DE_M_014	32	0.6048467755317688
DE_M_014	33	0.31465357542037964
DE_M_014	34	0.4343050420284271
DE_M_014	35	0.6909002661705017
DE_M_014	36	0.5742990970611572
DE_M_014	37	0.8925970196723938
DE_M_014	38	0.6979016661643982
DE_M_014	39	0.2672520577907562
DE_M_014	40	0.032504573464393616
DE_M_014	41	0.8545984029769897
DE_M_014	42	0.39057305455207825
DE_M_014	43	0.185161292552948
DE_M_014	44	0.31115540862083435
DE_M_014	45	0.22813723981380463
DE_M_014	46	0.398601770401001
DE_M_014	47	0.2518369257450104
DE_M_014	48	0.28203433752059937
DE_M_017	1	0.4877673387527466
DE_M_017	2	0.32724449038505554
DE_M_017	3	0.832405149936676
DE_M_017	4	0.6890238523483276
DE_M_017	5	0.017917471006512642
DE_M_017	6	0.5772286057472229
DE_M_017	7	0.059735652059316635
DE_M_017	8	0.8936749696731567
DE_M_017	9	0.6224546432495117
DE_M_017	10	0.9279363751411438
DE_M_017	11	0.6560835242271423
DE_M_017	12	0.538590133190155
DE_M_017	13	0.48007434606552124
DE_M_017	14	0.13341885805130005
DE_M_017	15	0.1545702964067459
DE_M_017	16	0.33307719230651855
DE_M_017	17	0.047679319977760315
DE_M_017	18	0.06216743588447571
DE_M_017	19	0.9022257328033447
DE_M_017	20	0.8519603610038757
DE_M_017	21	0.5444737672805786
DE_M_017	22	0.7289506196975708
DE_M_017	23	0.7622484564781189
DE_M_017	24	0.5953677892684937
DE_M_017	25	0.20153546333312988
DE_M_017	26	0.1577708125114441
DE_M_017	27	0.3712942600250244
DE_M_017	28	0.3464018404483795
DE_M_017	29	0.09255509078502655
DE_M_017	30	0.10037966072559357
DE_M_017	31	0.11515693366527557
DE_M_017	32	0.2719327509403229
DE_M_017	33	0.06881322711706161
DE_M_017	34	0.6186510920524597
DE_M_017	35	0.06975583732128143
DE_M_017	36	0.5997999906539917
DE_M_017	37	0.6819806098937988
DE_M_017	38	0.7574832439422607
DE_M_017	39	0.8372002840042114
DE_M_017	40	0.45757585763931274
DE_M_017	41	0.616118311882019
DE_M_017	42	0.09407707303762436
DE_M_017	43	0.9368696212768555
DE_M_017	44	0.06093477085232735
DE_M_017	45	0.27055126428604126
DE_M_017	46	0.24699179828166962
DE_M_020	1	0.751484751701355
DE_M_020	2	0.5960904359817505
DE_M_020	3	0.27458417415618896
DE_M_020	4	0.4880945682525635
DE_M_020	5	0.06100688502192497
DE_M_020	6	0.21139387786388397
DE_M_020	7	0.045267846435308456
DE_M_020	8	0.25324755907058716
DE_M_020	9	0.55838543176651
DE_M_020	10	0.15985707938671112
DE_M_020	11	0.5078126788139343
DE_M_020	12	0.6611492037773132
DE_M_020	13	0.7548649907112122
DE_M_020	14	0.44062063097953796
DE_M_020	15	0.13951534032821655
DE_M_020	16	0.2936703562736511
DE_M_020	17	0.4630102217197418
DE_M_020	18	0.20145349204540253
DE_M_020	19	0.33279603719711304
DE_M_020	20	0.16264048218727112
DE_M_020	21	0.3927591145038605
DE_M_020	22	0.13564568758010864
DE_M_020	23	0.511653482913971
DE_M_020	24	0.29220736026763916
DE_M_020	25	0.8169293403625488
DE_M_020	26	0.1139766201376915
DE_M_020	27	0.10394687950611115
DE_M_020	28	0.39600709080696106
DE_M_020	29	0.025935273617506027
DE_M_020	30	0.3837009370326996
DE_M_020	31	0.29180148243904114
DE_M_020	32	0.377913236618042
DE_M_020	33	0.16514652967453003
DE_M_020	34	0.04879691079258919
DE_M_020	35	0.37765535712242126
DE_M_020	36	0.4312538206577301
DE_M_020	37	0.7783911824226379
DE_M_020	38	0.6950522065162659
DE_M_020	39	0.7085145711898804
DE_M_020	40	0.6213468909263611
DE_M_020	41	0.40729066729545593
DE_M_020	42	0.3191434442996979
DE_M_020	43	0.25090035796165466
DE_M_020	44	0.19900046288967133
DE_M_020	45	0.11683524399995804
DE_M_020	46	0.2747454047203064
DE_M_020	47	0.33391961455345154
DE_M_020	48	0.33007413148880005
DE_M_020	49	0.25804945826530457
DE_M_020	50	0.3584105670452118
DE_M_020	51	0.9832045435905457
DE_M_020	52	0.08041298389434814
DE_M_020	53	0.10829833894968033
DE_M_020	54	0.36141237616539
DE_M_020	55	0.26918676495552063
DE_M_020	56	0.5461679100990295
DE_M_020	57	0.8473594784736633
DE_M_020	58	0.5094273090362549
DE_M_026	1	0.681718647480011
DE_M_026	2	0.6366453170776367
DE_M_026	3	0.3448421061038971
DE_M_026	4	0.4179525673389435
DE_M_026	5	0.8677217364311218
DE_M_026	6	0.20795001089572906
DE_M_026	7	0.6222646832466125
DE_M_026	8	0.7865520119667053
DE_M_026	9	0.3485049605369568
DE_M_026	10	0.33118632435798645
DE_M_026	11	0.471897155046463
DE_M_026	12	0.7762836217880249
DE_M_026	13	0.5806396007537842
DE_M_026	14	0.7529104948043823
DE_M_026	15	0.4622631371021271
DE_M_026	16	0.7679916620254517
DE_M_026	17	0.5722902417182922
DE_M_026	18	0.23387189209461212
DE_M_026	19	0.8373820781707764
DE_M_026	20	0.28994524478912354
DE_M_026	21	0.7680939435958862
DE_M_026	22	0.2388755828142166
DE_M_026	23	0.21980679035186768
DE_M_026	24	0.9196742177009583
DE_M_026	25	0.37486904859542847
DE_M_026	26	0.8481476902961731
DE_M_026	27	0.9120588302612305
DE_M_026	28	0.9592182040214539
DE_M_026	29	0.9198592901229858
DE_M_026	30	0.19216112792491913
DE_M_026	31	0.6946524381637573
DE_M_026	32	0.7342057824134827
DE_M_026	33	0.12305580824613571
DE_M_026	34	0.20590007305145264
DE_M_026	35	0.6333091855049133
DE_M_026	36	0.04463553428649902
DE_M_026	37	0.35701826214790344
DE_M_026	38	0.7672829031944275
DE_M_026	39	0.5409404039382935
DE_M_026	40	0.4145355522632599
DE_M_026	41	0.8788813948631287
DE_M_026	42	0.38651779294013977
DE_M_026	43	0.7267401814460754
DE_M_026	44	0.3306431472301483
DE_M_026	45	0.2959434688091278
DE_M_026	46	0.7495213150978088
DE_M_026	47	0.7005549073219299
DE_M_026	48	0.43698564171791077
DE_M_026	49	0.10646568983793259
DE_M_026	50	0.49333563446998596
DE_M_026	51	0.8058710694313049
DE_M_029	1	0.2920920252799988
DE_M_029	2	0.2529829442501068
DE_M_029	3	0.5801320672035217
DE_M_029	4	0.9429513216018677
DE_M_029	5	0.42160454392433167
DE_M_029	6	0.022284237667918205
DE_M_029	7	0.750140905380249
DE_M_029	8	0.7556116580963135
DE_M_029	9	0.255130797624588
DE_M_029	10	0.18867835402488708
DE_M_029	11	0.6249473094940186
DE_M_029	12	0.4796019196510315
DE_M_029	13	0.2767948508262634
DE_M_029	14	0.680576503276825
DE_M_029	15	0.3182498514652252
DE_M_029	16	0.6313899755477905
DE_M_029	17	0.5448578596115112
DE_M_029	18	0.3563573956489563
DE_M_029	19	0.3473956882953644
DE_M_029	20	0.9502182006835938
DE_M_029	21	0.15244479477405548
DE_M_029	22	0.9359717965126038
DE_M_029	23	0.8400590419769287
DE_M_029	24	0.23982754349708557
DE_M_029	25	0.19391672313213348
DE_M_029	26	0.1080649346113205
DE_M_029	27	0.24520614743232727
DE_M_029	28	0.15317445993423462
DE_M_029	29	0.36360251903533936
DE_M_029	30	0.8106090426445007
DE_M_029	31	0.33429017663002014
DE_M_029	32	0.242621049284935
DE_M_029	33	0.8436152338981628
DE_M_029	34	0.391845703125
DE_M_029	35	0.00381764629855752
DE_M_029	36	0.2251569628715515
DE_M_029	37	0.24505582451820374
DE_M_029	38	0.6073548793792725
DE_M_029	39	0.7176035642623901
DE_M_029	40	0.5525427460670471
DE_M_029	41	0.8883419036865234
DE_M_029	42	0.9139764308929443
DE_M_029	43	0.22902286052703857
DE_M_029	44	0.48064231872558594
DE_M_029	45	0.17923744022846222
DE_M_029	46	0.034835606813430786
DE_M_029	47	0.19476811587810516
DE_M_029	48	0.4243840277194977
DE_M_029	49	0.32246288657188416
DE_M_029	50	0.8613404035568237
DE_M_029	51	0.6656326651573181
DE_M_029	52	0.26162993907928467
DE_M_029	53	0.21973112225532532
DE_M_029	54	0.49903562664985657
DE_M_029	55	0.41044843196868896
DE_M_029	56	0.8639821410179138
DE_M_029	57	0.9805638194084167
DE_M_029	58	0.16211043298244476
DE_M_029	59	0.579944372177124
DE_M_029	60	0.41975143551826477
DE_M_029	61	0.41759398579597473
DE_M_033	1	0.9131044149398804
DE_M_033	2	0.8252384066581726
DE_M_033	3	0.9080600738525391
DE_M_033	4	0.22495760023593903
DE_M_033	5	0.6350143551826477
DE_M_033	6	0.7918106317520142
DE_M_033	7	0.4841763377189636
DE_M_033	8	0.7614153623580933
DE_M_033	9	0.9238837957382202
DE_M_033	10	0.9023661613464355
DE_M_033	11	0.15232975780963898
DE_M_033	12	0.47905632853507996
DE_M_033	13	0.8978087902069092
DE_M_033	14	0.17586858570575714
DE_M_033	15	0.07966110855340958
DE_M_033	16	0.28393107652664185
DE_M_033	17	0.8191168904304504
DE_M_033	18	0.2732924520969391
DE_M_033	19	0.5396685004234314
DE_M_033	20	0.4926157593727112
DE_M_033	21	0.16548900306224823
DE_M_033	22	0.1547071784734726
DE_M_033	23	0.3559300899505615
EL_005	1	0.15058991312980652
EL_005	2	0.6069076061248779
EL_005	3	0.28232279419898987
EL_005	4	0.41459739208221436
EL_005	5	0.5139646530151367
EL_005	6	0.10652700811624527
EL_005	7	0.03536618873476982
EL_005	8	0.45738327503204346
EL_005	9	0.2440483570098877
EL_005	10	0.422895610332489
EL_005	11	0.47294384241104126
EL_005	12	0.35274484753608704
EL_005	13	0.777959942817688
EL_005	14	0.8435460329055786
EL_005	15	0.9378877878189087
EL_005	16	0.9533339738845825
EL_005	17	0.007722723763436079
EL_005	18	0.5893439054489136
EL_005	19	0.712906002998352
EL_005	20	0.743421196937561
EL_010	1	0.05985931679606438
EL_010	2	0.13376574218273163
EL_010	3	0.3232111632823944
EL_010	4	0.5575478672981262
EL_010	5	0.5304892063140869
EL_010	6	0.39336156845092773
EL_010	7	0.3580175042152405
EL_010	8	0.38619527220726013
EL_010	9	0.48939740657806396
EL_010	10	0.061518892645835876
EL_010	11	0.48315519094467163
EL_010	12	0.044464047998189926
EL_010	13	0.9182087182998657
EL_014	1	0.5241420865058899
EL_014	2	0.19805662333965302
EL_014	3	0.43847742676734924
EL_014	4	0.4752579927444458
EL_014	5	0.8416603207588196
EL_014	6	0.30259332060813904
EL_014	7	0.8678348660469055
EL_014	8	0.6910566091537476
EL_014	9	0.33647406101226807
EL_014	10	0.3544047176837921
EL_014	11	0.3088129162788391
EL_014	12	0.3730291426181793
EL_014	13	0.8838688135147095
EL_014	14	0.37278056144714355
EL_014	15	0.7818269729614258
EL_014	16	0.6990132331848145
EL_014	17	0.876379668712616
EL_014	18	0.8673886060714722
EL_014	19	0.5818345546722412
EL_014	20	0.8206747174263
EL_016	1	0.8029114603996277
EL_016	2	0.34480661153793335
EL_016	3	0.37251225113868713
EL_016	4	0.5163400769233704
EL_016	5	0.36527252197265625
EL_016	6	0.5468095541000366
EL_016	7	0.2963297367095947
EL_016	8	0.4227554500102997
EL_016	9	0.33917078375816345
EL_016	10	0.39593344926834106
EL_016	11	0.35015401244163513
EL_016	12	0.2655463218688965
EL_016	13	0.45590806007385254
EL_016	14	0.5633056163787842
EL_016	15	0.3409386873245239
EL_016	16	0.8182337880134583
EL_016	17	0.402544766664505
EL_016	18	0.639589786529541
EL_021	1	0.16249248385429382
EL_021	2	0.8169002532958984
EL_021	3	0.16283376514911652
EL_021	4	0.7267260551452637
EL_021	5	0.06262017041444778
EL_021	6	0.11713430285453796
EL_021	7	0.41538774967193604
EL_021	8	0.17719218134880066
EL_021	9	0.23255901038646698
EL_021	10	0.9677037596702576
EL_021	11	0.8807438611984253
EL_021	12	0.09189245849847794
EL_021	13	0.6763046979904175
EL_021	14	0.9705818891525269
EL_021	15	0.37460386753082275
EL_021	16	0.23483021557331085
EL_021	17	0.12139994651079178
EL_021	18	0.04040918126702309
EL_021	19	0.061747003346681595
EL_021	20	0.0685950219631195
EL_022	1	0.7377968430519104
EL_022	2	0.06803484261035919
EL_022	3	0.5276321172714233
EL_022	4	0.1267515867948532
EL_022	5	0.8598822355270386
EL_022	6	0.4628629684448242
EL_022	7	0.32165536284446716
EL_022	8	0.035447221249341965
EL_022	9	0.11223188787698746
EL_022	10	0.5090294480323792
EL_022	11	0.4921899437904358
EL_022	12	0.3058587312698364
EL_022	13	0.11923506110906601
EL_022	14	0.28047141432762146
EL_022	15	0.2774525284767151
EL_022	16	0.0939234271645546
EL_022	17	0.18339106440544128
EL_022	18	0.6529516577720642
EL_022	19	0.322382390499115
EL_022	20	0.09538239985704422
EL_022	21	0.42944589257240295
EL_028	1	0.948975145816803
EL_028	2	0.18316428363323212
EL_028	3	0.14090266823768616
EL_028	4	0.14661239087581635
EL_028	5	0.25401172041893005
EL_028	6	0.4243115484714508
EL_028	7	0.025214018300175667
EL_028	8	0.022627750411629677
EL_028	9	0.05704307556152344
EL_028	10	0.24462071061134338
EL_028	11	0.31320276856422424
EL_028	12	0.9474968910217285
EL_028	13	0.06633744388818741
EL_028	14	0.16854481399059296
EL_028	15	0.10566986352205276
EL_028	16	0.07185543328523636
EL_028	17	0.2194756716489792
EL_028	18	0.9197572469711304
EL_028	19	0.837483823299408
EL_028	20	0.35095930099487305
EL_028	21	0.08779679983854294
EL_028	22	0.8924826979637146
EL_028	23	0.4963587522506714
EL_028	24	0.42034783959388733
EL_028	25	0.13706709444522858
EL_028	26	0.05925077944993973
EL_028	27	0.6816684603691101
EL_033	1	0.9108132123947144
EL_033	2	0.9258675575256348
EL_033	3	0.9827283024787903
EL_033	4	0.8971512317657471
EL_033	5	0.9035689830780029
EL_033	6	0.8322474360466003
EL_033	7	0.8185531497001648
EL_033	8	0.7414958477020264
EL_033	9	0.7796860337257385
EL_033	10	0.6223307847976685
EL_033	11	0.6170609593391418
EL_033	12	0.22970359027385712
EL_033	13	0.07101071625947952
EL_033	14	0.9646180272102356
EL_033	15	0.8540125489234924
EL_033	16	0.7304060459136963
EL_033	17	0.8098698854446411
EL_033	18	0.9383963346481323
EL_033	19	0.6034803986549377
EL_033	20	0.772811233997345
EL_033	21	0.3945726752281189
EL_033	22	0.5835232138633728
EL_033	23	0.9628263115882874
EL_033	24	0.6628217697143555
EL_033	25	0.10330121964216232
EL_033	26	0.32213476300239563
EL_033	27	0.7411555647850037
EL_033	28	0.825169563293457
EL_033	29	0.5987680554389954
EL_033	30	0.8836283087730408
EL_033	31	0.93858802318573
EL_035	1	0.20666511356830597
EL_035	2	0.6966164708137512
EL_035	3	0.004894845187664032
EL_035	4	0.1470782309770584
EL_035	5	0.4192996323108673
EL_035	6	0.2324959635734558
EL_035	7	0.2889087498188019
EL_035	8	0.6672771573066711
EL_035	9	0.07043414562940598
EL_046	1	0.9614362120628357
EL_046	2	0.8722441792488098
EL_046	3	0.8077753186225891
EL_046	4	0.5054052472114563
EL_046	5	0.8243902921676636
EL_046	6	0.23347865045070648
EL_046	7	0.3494718372821808
EL_046	8	0.9029269814491272
EL_046	9	0.7073959112167358
EL_046	10	0.787085235118866
EL_046	11	0.9685681462287903
EL_046	12	0.8974360227584839
EL_046	13	0.1472923457622528
EL_046	14	0.12991119921207428
EL_046	15	0.6009927988052368
EL_046	16	0.43170827627182007
EL_055	1	0.3518686294555664
EL_055	2	0.25309479236602783
EL_055	3	0.0029366014059633017
EL_055	4	0.9159935712814331
EL_055	5	0.6026849746704102
EL_055	6	0.059248317033052444
EL_055	7	0.48932865262031555
EL_055	8	0.14014264941215515
EL_055	9	0.14185887575149536
EL_055	10	0.08842139691114426
EL_055	11	0.2799028754234314
EL_055	12	0.5637972950935364
EL_055	13	0.4953818619251251
EL_055	14	0.11955028027296066
EL_055	15	0.08576874434947968
EL_062	1	0.45647984743118286
EL_062	2	0.250078409910202
EL_062	3	0.1763719767332077
EL_062	4	0.5285912156105042
EL_062	5	0.229197159409523
EL_062	6	0.3284696340560913
EL_062	7	0.4065275490283966
EL_062	8	0.49314096570014954
EL_062	9	0.15644319355487823
EL_062	10	0.06829067319631577
EL_062	11	0.39643964171409607
EL_062	12	0.11879148334264755
EL_062	13	0.06765218824148178
EL_062	14	0.08031219989061356
EL_069	1	0.9365993142127991
EL_069	2	0.2571758031845093
EL_069	3	0.6678823828697205
EL_069	4	0.15506871044635773
EL_069	5	0.5247862339019775
EL_069	6	0.830435037612915
EL_069	7	0.8278539776802063
EL_069	8	0.8699918985366821
EL_069	9	0.16019389033317566
EL_069	10	0.11798249185085297
EL_069	11	0.06472066789865494
EL_069	12	0.5264074206352234
EL_069	13	0.5010348558425903
EL_069	14	0.6261390447616577
EL_069	15	0.7858436703681946
EL_069	16	0.5093912482261658
EL_069	17	0.41870972514152527
EL_069	18	0.7657195925712585
EL_069	19	0.8224694132804871
EL_069	20	0.7108513116836548
EL_069	21	0.4919465184211731
EL_069	22	0.16019389033317566
EL_069	23	0.03940968960523605
EL_069	24	0.89451003074646
EL_069	25	0.44923773407936096
EL_069	26	0.412153422832489
EL_069	27	0.8842242360115051
EL_069	28	0.5833584666252136
EL_069	29	0.4880640208721161
EL_069	30	0.21965889632701874
EL_069	31	0.8814045190811157
EL_069	32	0.9333930015563965
EL_069	33	0.45439186692237854
EL_071	1	0.21882939338684082
EL_071	2	0.3450644016265869
EL_071	3	0.5959504842758179
EL_071	4	0.16645830869674683
EL_071	5	0.2679307460784912
EL_071	6	0.26729267835617065
EL_071	7	0.3747120499610901
EL_071	8	0.20894573628902435
EL_071	9	0.774207353591919
EL_071	10	0.2585623562335968
EL_071	11	0.36983951926231384
EL_071	12	0.4140007793903351
EL_071	13	0.33942070603370667
EL_071	14	0.18961992859840393
EL_071	15	0.09651897102594376
EL_071	16	0.45708969235420227
EL_071	17	0.3586205840110779
EL_071	18	0.30762362480163574
EL_071	19	0.3756594657897949
EL_071	20	0.41800010204315186
EL_071	21	0.37339547276496887
EL_071	22	0.3236709535121918
EL_072	1	0.0346418172121048
EL_072	2	0.030118383467197418
EL_072	3	0.9856997132301331
EL_072	4	0.7501215934753418
EL_072	5	0.7668744921684265
EL_072	6	0.04357146844267845
EL_072	7	0.07030240446329117
EL_072	8	0.29317447543144226
EL_072	9	0.10700435191392899
EL_072	10	0.1048162505030632
EL_072	11	0.6284217834472656
EL_072	12	0.8124676942825317
EL_072	13	0.47775590419769287
EL_072	14	0.5494643449783325
EL_072	15	0.35105758905410767
EL_072	16	0.5425835251808167
EL_072	17	0.7265737056732178
EL_072	18	0.09277814626693726
EL_072	19	0.04417659714818001
EL_072	20	0.22169318795204163
EL_072	21	0.020081503316760063
EL_072	22	0.076175756752491
EL_072	23	0.6701778173446655
EL_072	24	0.6805532574653625
EL_072	25	0.18117952346801758
EL_072	26	0.22725802659988403
EL_072	27	0.699672520160675
EL_072	28	0.31949761509895325
EL_075	1	0.5257652401924133
EL_075	2	0.8917236924171448
EL_075	3	0.9696853160858154
EL_075	4	0.8017539978027344
EL_075	5	0.19899089634418488
EL_075	6	0.0673399567604065
EL_075	7	0.024736318737268448
EL_075	8	0.509841799736023
EL_075	9	0.8476791381835938
EL_075	10	0.8904800415039062
EL_075	11	0.9728512167930603
EL_075	12	0.41054773330688477
EL_075	13	0.443786084651947
EL_075	14	0.8387678861618042
EL_075	15	0.8862060904502869
EL_075	16	0.6427397727966309
EL_075	17	0.6953576803207397
EL_075	18	0.8223311305046082
EL_075	19	0.2661324739456177
EL_075	20	0.32081475853919983
EL_075	21	0.5846900939941406
EL_075	22	0.8363833427429199
EL_075	23	0.8329001665115356
EL_075	24	0.36912545561790466
EL_075	25	0.6727306842803955
EL_075	26	0.6509644389152527
EL_075	27	0.5993653535842896
EL_075	28	0.15047462284564972
EL_076	1	0.7874430418014526
EL_076	2	0.6703093647956848
EL_076	3	0.737295925617218
EL_076	4	0.6090105772018433
EL_076	5	0.3625088930130005
EL_076	6	0.5393118858337402
EL_076	7	0.49268868565559387
EL_076	8	0.9169121980667114
EL_076	9	0.8394826650619507
EL_076	10	0.7722488641738892
EL_076	11	0.7102404832839966
EL_076	12	0.7756611704826355
EL_076	13	0.5752599239349365
EL_076	14	0.03827792406082153
EL_076	15	0.5498170256614685
EL_076	16	0.08868250250816345
EL_076	17	0.11654894053936005
EL_076	18	0.812669575214386
EL_076	19	0.8155505657196045
EL_078	1	0.4122086763381958
EL_078	2	0.5613375902175903
EL_078	3	0.14668327569961548
EL_078	4	0.7307068705558777
EL_078	5	0.8992077112197876
EL_078	6	0.7826331257820129
EL_078	7	0.12359604239463806
EL_078	8	0.5511612892150879
EL_078	9	0.7957603335380554
EL_078	10	0.39869970083236694
EL_078	11	0.5647870302200317
EL_078	12	0.905850350856781
EL_078	13	0.6115589737892151
EL_078	14	0.05657561868429184
EL_078	15	0.29172369837760925
EL_078	16	0.9483943581581116
EL_081	1	0.44091689586639404
EL_081	2	0.4183580279350281
EL_081	3	0.9339149594306946
EL_081	4	0.9697259068489075
EL_081	5	0.850554883480072
EL_081	6	0.6302518248558044
EL_081	7	0.8549008965492249
EL_081	8	0.41640594601631165
EL_081	9	0.6145985722541809
EL_081	10	0.6931405067443848
EL_081	11	0.6862660050392151
EL_081	12	0.6864082217216492
EL_081	13	0.02298673428595066
EL_081	14	0.48470309376716614
EL_081	15	0.9085232615470886
EL_081	16	0.1192190870642662
EL_081	17	0.5796568989753723
EL_081	18	0.36380165815353394
EL_081	19	0.5988984704017639
EL_081	20	0.5672972798347473
EL_081	21	0.6843216419219971
EL_085	1	0.7436376214027405
EL_085	2	0.45317235589027405
EL_085	3	0.8413230180740356
EL_085	4	0.42741501331329346
EL_085	5	0.4321071207523346
EL_085	6	0.21089206635951996
EL_085	7	0.6119194626808167
EL_085	8	0.7154520153999329
EL_085	9	0.8585312366485596
EL_085	10	0.7274581789970398
EL_085	11	0.12946105003356934
EL_085	12	0.42118942737579346
EL_089	1	0.08342678844928741
EL_089	2	0.965149998664856
EL_089	3	0.7753731608390808
EL_089	4	0.12529566884040833
EL_089	5	0.16467705368995667
EL_089	6	0.2816476821899414
EL_089	7	0.21145185828208923
EL_089	8	0.1251799613237381
EL_089	9	0.9539072513580322
EL_089	10	0.40606406331062317
EL_089	11	0.10906472057104111
EL_089	12	0.4948273301124573
EL_089	13	0.04612778499722481
EL_089	14	0.9159979224205017
EL_089	15	0.04481012001633644
EL_089	16	0.9916348457336426
EL_089	17	0.6147155165672302
EL_093	1	0.006053243298083544
EL_093	2	0.046109430491924286
EL_093	3	0.01760215498507023
EL_093	4	0.16196341812610626
EL_093	5	0.2484806329011917
EL_093	6	0.15779052674770355
EL_093	7	0.148871511220932
EL_093	8	0.555763840675354
EL_093	9	0.9356353282928467
EL_093	10	0.14340165257453918
EL_093	11	0.5600638389587402
EL_093	12	0.16089217364788055
EL_093	13	0.13114644587039948
EL_093	14	0.21437743306159973
EL_093	15	0.39428600668907166
EL_093	16	0.8163207769393921
EL_093	17	0.3203168213367462
EL_093	18	0.0972064957022667
EL_093	19	0.04706668108701706
EL_093	20	0.018218763172626495
EL_093	21	0.2528269290924072
EL_093	22	0.4793078303337097
EL_093	23	0.09142404049634933
EL_093	24	0.5270690321922302
EL_093	25	0.3214735686779022
EL_093	26	0.1682705134153366
EL_093	27	0.21378864347934723
EL_093	28	0.13730432093143463
EL_105	1	0.034189749509096146
EL_105	2	0.2845914661884308
EL_105	3	0.018001368269324303
EL_105	4	0.13811609148979187
EL_105	5	0.1112344041466713
EL_105	6	0.10755965113639832
EL_105	7	0.018712041899561882
EL_105	8	0.09367022663354874
EL_105	9	0.3150804936885834
EL_105	10	0.13945911824703217
EL_105	11	0.08079781383275986
EL_105	12	0.08910858631134033
EL_105	13	0.10906385630369186
EL_105	14	0.013244453817605972
EL_105	15	0.0834953635931015
EL_105	16	0.032313279807567596
EL_105	17	0.23092567920684814
EL_105	18	0.210224911570549
EL_105	19	0.07162779569625854
EL_105	20	0.13292856514453888
EL_105	21	0.07625007629394531
EL_105	22	0.08995211869478226
EL_105	23	0.07603831589221954
EL_105	24	0.06837433576583862
EL_105	25	0.09780769795179367
EL_105	26	0.3130502700805664
EL_105	27	0.03657454997301102
EL_105	28	0.06238296255469322
EL_105	29	0.08526550978422165
EL_105	30	0.09322813898324966
EL_105	31	0.054380595684051514
EL_105	32	0.1882891058921814
EL_105	33	0.17111903429031372
EL_105	34	0.12234240770339966
EL_105	35	0.019396720454096794
EL_105	36	0.23149488866329193
EL_105	37	0.12637539207935333
EL_105	38	0.020882783457636833
EL_105	39	0.0032640655990689993
EL_105	40	0.9066787362098694
EL_109	1	0.06889583170413971
EL_109	2	0.10217246413230896
EL_109	3	0.3177342116832733
EL_109	4	0.9374316334724426
EL_109	5	0.08136046677827835
EL_109	6	0.4873177707195282
EL_109	7	0.9807275533676147
EL_109	8	0.14395244419574738
EL_109	9	0.7288864850997925
EL_109	10	0.2732250392436981
EL_109	11	0.014352153055369854
EL_109	12	0.06545715779066086
EL_109	13	0.07028257101774216
EL_109	14	0.040685009211301804
EL_109	15	0.26979392766952515
EL_109	16	0.7907450199127197
EL_109	17	0.04531848803162575
EL_109	18	0.09943295270204544
EL_109	19	0.5083937644958496
EL_109	20	0.014331270009279251
EL_111	1	0.3206856846809387
EL_111	2	0.377497136592865
EL_111	3	0.14989882707595825
EL_111	4	0.08728563040494919
EL_111	5	0.3662163019180298
EL_111	6	0.14457476139068604
EL_111	7	0.7572001218795776
EL_111	8	0.19410721957683563
EL_111	9	0.19375668466091156
EL_111	10	0.09797727316617966
EL_111	11	0.4139687418937683
EL_111	12	0.5364616513252258
EL_111	13	0.4045398533344269
EL_111	14	0.20414522290229797
EL_111	15	0.5563172101974487
EL_111	16	0.11982344090938568
EL_111	17	0.8314432501792908
EL_111	18	0.4469590485095978
EL_111	19	0.14536908268928528
EL_111	20	0.20132878422737122
EL_111	21	0.29069194197654724
EL_111	22	0.1748935580253601
EL_111	23	0.8362734317779541
EL_111	24	0.9395650625228882
EL_111	25	0.2023288607597351
EL_111	26	0.9176107048988342
EL_113	1	0.1469210386276245
EL_113	2	0.0941895991563797
EL_113	3	0.651948094367981
EL_113	4	0.5696398615837097
EL_113	5	0.19824524223804474
EL_113	6	0.04297560080885887
EL_113	7	0.23357130587100983
EL_113	8	0.42318055033683777
EL_113	9	0.021297477185726166
EL_113	10	0.28133317828178406
EL_113	11	0.3390887975692749
EL_113	12	0.37206703424453735
EL_113	13	0.31164923310279846
EL_113	14	0.9721066951751709
EL_113	15	0.1544807106256485
EL_113	16	0.3456820547580719
EL_113	17	0.9548692107200623
EL_113	18	0.5333032011985779
EL_113	19	0.6489549875259399
EL_113	20	0.7193924188613892
EL_113	21	0.01997637003660202
EL_113	22	0.9054313898086548
EL_113	23	0.6304717659950256
EL_113	24	0.6732082962989807
EL_113	25	0.19824524223804474
EL_113	26	0.38582348823547363
EL_113	27	0.20758795738220215
EL_113	28	0.856813907623291
EL_113	29	0.296223521232605
EL_113	30	0.8532018661499023
EL_113	31	0.43623530864715576
EL_113	32	0.6290573477745056
EL_113	33	0.9396235942840576
EL_121	1	0.33405801653862
EL_121	2	0.5006682872772217
EL_121	3	0.09852855652570724
EL_121	4	0.10955189913511276
EL_121	5	0.13165540993213654
EL_121	6	0.36772629618644714
EL_121	7	0.08981931209564209
EL_121	8	0.5729866623878479
EL_121	9	0.9609296917915344
EL_121	10	0.24506284296512604
EL_121	11	0.0804593488574028
EL_121	12	0.14575889706611633
EL_121	13	0.6257755756378174
EL_121	14	0.21133145689964294
EL_121	15	0.5191433429718018
EL_121	16	0.10890478640794754
EL_121	17	0.10230971872806549
EL_126	1	0.025811506435275078
EL_126	2	0.3229408860206604
EL_126	3	0.22403696179389954
EL_126	4	0.7810772657394409
EL_126	5	0.43404486775398254
EL_126	6	0.03272030130028725
EL_126	7	0.2811472415924072
EL_126	8	0.21610470116138458
EL_126	9	0.4412098526954651
EL_126	10	0.6666044592857361
EL_126	11	0.15924134850502014
EL_126	12	0.5217752456665039
EL_126	13	0.6652343273162842
EL_126	14	0.15904706716537476
EL_126	15	0.03714334964752197
EL_126	16	0.025453565642237663
EL_126	17	0.014848449267446995
EL_126	18	0.01081671379506588
EL_126	19	0.3729505240917206
EL_126	20	0.6431576609611511
EL_126	21	0.2747216820716858
EL_126	22	0.9191145896911621
EL_126	23	0.9707042574882507
EL_126	24	0.40868982672691345
EL_126	25	0.24868535995483398
EL_126	26	0.8016682267189026
EL_126	27	0.6400808691978455
EL_126	28	0.5262844562530518
EL_126	29	0.810092568397522
EL_126	30	0.4540499746799469
EL_130	1	0.742843508720398
EL_130	2	0.8597533106803894
EL_130	3	0.7203943729400635
EL_130	4	0.8961593508720398
EL_130	5	0.5296840667724609
EL_130	6	0.7899160385131836
EL_130	7	0.27322936058044434
EL_130	8	0.9699834585189819
EL_130	9	0.26994451880455017
EL_130	10	0.547550618648529
EL_130	11	0.7128705382347107
EL_130	12	0.5990277528762817
EL_130	13	0.7835169434547424
EL_130	14	0.7965777516365051
EL_130	15	0.868243396282196
EL_130	16	0.9252825379371643
EL_130	17	0.856819212436676
EL_130	18	0.7492191195487976
EL_134	1	0.6247451305389404
EL_134	2	0.2097097486257553
EL_134	3	0.6422820091247559
EL_134	4	0.43224766850471497
EL_134	5	0.19810114800930023
EL_134	6	0.28376254439353943
EL_134	7	0.5292154550552368
EL_134	8	0.9793424606323242
EL_134	9	0.7004579901695251
EL_134	10	0.5419698357582092
EL_134	11	0.9720557928085327
EL_134	12	0.2712962329387665
EL_134	13	0.6000058054924011
EL_134	14	0.5037010908126831
EL_134	15	0.40500307083129883
EL_134	16	0.5812730193138123
EL_134	17	0.21297433972358704
EL_134	18	0.3649185001850128
EL_134	19	0.2744239270687103
EL_134	20	0.6823331713676453
EL_134	21	0.6358917951583862
EL_134	22	0.43454229831695557
EL_134	23	0.3140203356742859
EL_134	24	0.37312784790992737
EL_134	25	0.08462093025445938
EL_134	26	0.20372998714447021
EL_134	27	0.4079147279262543
EL_141	1	0.9003914594650269
EL_141	2	0.2754132151603699
EL_141	3	0.26074835658073425
EL_141	4	0.8749372363090515
EL_141	5	0.3744238317012787
EL_141	6	0.11572109162807465
EL_141	7	0.27187424898147583
EL_141	8	0.12713420391082764
EL_141	9	0.33412155508995056
EL_141	10	0.6129699945449829
EL_141	11	0.19645299017429352
EL_141	12	0.16301265358924866
EL_141	13	0.18527574837207794
EL_141	14	0.1600850224494934
EL_141	15	0.19987960159778595
EL_141	16	0.12951312959194183
EL_141	17	0.5280184149742126
EL_141	18	0.18390412628650665
EL_142	1	0.4492521286010742
EL_142	2	0.24926172196865082
EL_142	3	0.5535023212432861
EL_142	4	0.6087018847465515
EL_142	5	0.5318019390106201
EL_142	6	0.23571090400218964
EL_142	7	0.15663228929042816
EL_142	8	0.1561610996723175
EL_142	9	0.012997230514883995
EL_142	10	0.43219536542892456
EL_142	11	0.1962222307920456
EL_142	12	0.6325780749320984
EL_142	13	0.02732136845588684
EL_142	14	0.4286324381828308
EL_142	15	0.09124471247196198
EL_142	16	0.09673727303743362
EL_142	17	0.5608492493629456
EL_142	18	0.9271538257598877
EL_142	19	0.9388611316680908
EL_142	20	0.8614214062690735
EL_142	21	0.44923725724220276
EL_145	1	0.046864401549100876
EL_145	2	0.7219370603561401
EL_145	3	0.2525544762611389
EL_145	4	0.13352768123149872
EL_145	5	0.39272141456604004
EL_145	6	0.6231763362884521
EL_145	7	0.4410706162452698
EL_145	8	0.588259220123291
EL_145	9	0.5069854259490967
EL_145	10	0.4951350688934326
EL_145	11	0.5426813960075378
EL_145	12	0.3711808919906616
EL_145	13	0.46844616532325745
EL_145	14	0.46091586351394653
EL_145	15	0.4771215617656708
EL_146	1	0.43746885657310486
EL_146	2	0.48559585213661194
EL_146	3	0.6436800956726074
EL_146	4	0.8704500198364258
EL_146	5	0.4260227084159851
EL_146	6	0.9115273952484131
EL_146	7	0.0701000913977623
EL_146	8	0.47100168466567993
EL_146	9	0.5662433505058289
EL_146	10	0.8546931147575378
EL_146	11	0.06144591420888901
EL_146	12	0.6662424206733704
EL_146	13	0.9471832513809204
EL_146	14	0.9181581735610962
EL_146	15	0.3916383385658264
EL_146	16	0.575150728225708
EL_146	17	0.6023598313331604
EL_146	18	0.1722327023744583
EL_146	19	0.5897765159606934
EL_146	20	0.8974489569664001
EL_146	21	0.4300030469894409
EL_146	22	0.7098879814147949
EL_146	23	0.42113879323005676
EL_146	24	0.7148940563201904
EL_146	25	0.1999642699956894
EL_146	26	0.6379175186157227
EL_146	27	0.8936692476272583
EL_146	28	0.6252457499504089
EL_146	29	0.7831981778144836
EL_146	30	0.765454888343811
EL_146	31	0.8933517932891846
EL_146	32	0.8944020867347717
EL_146	33	0.7490271329879761
EL_146	34	0.6329418420791626
EL_146	35	0.843347430229187
EL_146	36	0.8409201502799988
EL_149	1	0.10121333599090576
EL_149	2	0.5074507594108582
EL_149	3	0.3725299835205078
EL_149	4	0.3533644676208496
EL_149	5	0.3305182456970215
EL_149	6	0.2963773012161255
EL_149	7	0.23943370580673218
EL_149	8	0.41269585490226746
EL_149	9	0.5093277096748352
EL_149	10	0.008535460568964481
EL_149	11	0.9118906855583191
EL_149	12	0.3715907037258148
EL_149	13	0.5205227732658386
EL_149	14	0.6281372904777527
EL_149	15	0.36382314562797546
EL_149	16	0.4679884612560272
EL_149	17	0.21945244073867798
EL_149	18	0.6533437967300415
EL_149	19	0.3638787865638733
EL_153	1	0.8474628925323486
EL_153	2	0.30461376905441284
EL_153	3	0.06585665047168732
EL_153	4	0.2569442093372345
EL_153	5	0.9694352746009827
EL_153	6	0.6989465951919556
EL_153	7	0.2731380760669708
EL_153	8	0.9267668724060059
EL_153	9	0.3119700849056244
EL_153	10	0.42682158946990967
EL_153	11	0.32272201776504517
EL_153	12	0.5094287395477295
EL_153	13	0.41326525807380676
EL_153	14	0.1514900028705597
EL_153	15	0.7343027591705322
EL_153	16	0.2631385922431946
EL_153	17	0.8418248891830444
EL_153	18	0.8942084312438965
EL_154	1	0.749426007270813
EL_154	2	0.9124176502227783
EL_154	3	0.7334696054458618
EL_154	4	0.6244205236434937
EL_154	5	0.7365589141845703
EL_154	6	0.8731198310852051
EL_154	7	0.27330052852630615
EL_154	8	0.5389584302902222
EL_154	9	0.6789363622665405
EL_154	10	0.5878421068191528
EL_154	11	0.6249974966049194
EL_154	12	0.4312162399291992
EL_154	13	0.15855656564235687
EL_154	14	0.6285946369171143
EL_154	15	0.5372354984283447
EL_154	16	0.3135734796524048
EL_154	17	0.9024291634559631
EL_154	18	0.7329040169715881
EL_154	19	0.783440887928009
EL_154	20	0.6966236233711243
EL_154	21	0.6685550212860107
EL_158	1	0.12319076061248779
EL_158	2	0.11311037093400955
EL_158	3	0.34082069993019104
EL_158	4	0.46058890223503113
EL_158	5	0.8113141655921936
EL_158	6	0.2723675072193146
EL_158	7	0.2028760015964508
EL_158	8	0.7856966257095337
EL_158	9	0.13671554625034332
EL_158	10	0.567111074924469
EL_158	11	0.8963636159896851
EL_158	12	0.11765022575855255
EL_158	13	0.779570996761322
EL_158	14	0.49061718583106995
EL_158	15	0.8103969097137451
EL_158	16	0.020874973386526108
EL_158	17	0.16901670396327972
EL_158	18	0.5574337840080261
EL_158	19	0.5202289819717407
EL_158	20	0.24963940680027008
EL_158	21	0.37777864933013916
EL_158	22	0.17262539267539978
EL_158	23	0.5740489959716797
EL_158	24	0.4792242646217346
EL_158	25	0.8187461495399475
EL_158	26	0.8152658939361572
EL_170	1	0.05734528601169586
EL_170	2	0.7282164692878723
EL_170	3	0.7780749201774597
EL_170	4	0.9510982632637024
EL_170	5	0.6933342218399048
EL_170	6	0.07697413116693497
EL_170	7	0.22390922904014587
EL_170	8	0.6210867166519165
EL_170	9	0.19487211108207703
EL_170	10	0.8767465353012085
EL_170	11	0.9164512157440186
EL_170	12	0.5327460169792175
EL_170	13	0.511786162853241
EL_170	14	0.5271912813186646
EL_170	15	0.024672996252775192
EL_171	1	0.18244899809360504
EL_171	2	0.4217182993888855
EL_171	3	0.7980203032493591
EL_171	4	0.21745546162128448
EL_171	5	0.5651687979698181
EL_171	6	0.8139724731445312
EL_171	7	0.7503204345703125
EL_171	8	0.45072707533836365
EL_171	9	0.8324531316757202
EL_171	10	0.7573452591896057
EL_171	11	0.79231196641922
EL_171	12	0.918844997882843
EL_171	13	0.27673718333244324
EL_171	14	0.96647047996521
EL_171	15	0.38202810287475586
EL_171	16	0.2230929285287857
EL_195	1	0.37346693873405457
EL_195	2	0.4049014151096344
EL_195	3	0.19678696990013123
EL_195	4	0.0522521510720253
EL_195	5	0.8776952028274536
EL_195	6	0.05495968833565712
EL_195	7	0.15126089751720428
EL_195	8	0.2107132375240326
EL_195	9	0.20598290860652924
EL_195	10	0.29185086488723755
EL_195	11	0.4263702630996704
EL_195	12	0.3382355868816376
EL_195	13	0.07265656441450119
EL_195	14	0.3269106447696686
EL_195	15	0.08664937317371368
EL_195	16	0.4828982949256897
EL_195	17	0.07879450172185898
EL_195	18	0.033249009400606155
EL_195	19	0.33851802349090576
EL_195	20	0.13919836282730103
EL_195	21	0.20907776057720184
EL_195	22	0.1643752157688141
EL_195	23	0.11582291126251221
EL_195	24	0.06494635343551636
EL_206	1	0.3705117404460907
EL_206	2	0.5318719744682312
EL_206	3	0.8012304306030273
EL_206	4	0.7324459552764893
EL_206	5	0.6737865209579468
EL_206	6	0.5466721653938293
EL_206	7	0.6057921051979065
EL_206	8	0.8794973492622375
EL_206	9	0.34090304374694824
EL_206	10	0.4591268301010132
EL_206	11	0.035266559571027756
EL_206	12	0.19577252864837646
EL_206	13	0.29884323477745056
EL_206	14	0.37864917516708374
EL_206	15	0.41313275694847107
EL_206	16	0.2530161738395691
EL_206	17	0.5868715643882751
EL_206	18	0.36897966265678406
EL_206	19	0.2300211489200592
EL_206	20	0.7244443893432617
EL_206	21	0.25345778465270996
EL_206	22	0.27608615159988403
EL_206	23	0.23010504245758057
EL_206	24	0.5403756499290466
EL_206	25	0.7961795926094055
EL_206	26	0.5308793783187866
EL_206	27	0.3394531011581421
EL_208	1	0.5464730858802795
EL_208	2	0.4288921058177948
EL_208	3	0.41831326484680176
EL_208	4	0.5348929762840271
EL_208	5	0.22507941722869873
EL_208	6	0.3841245770454407
EL_208	7	0.5125477313995361
EL_208	8	0.23701070249080658
EL_208	9	0.4579521417617798
EL_208	10	0.47581830620765686
EL_208	11	0.4601588249206543
EL_208	12	0.5896397829055786
EL_208	13	0.45231926441192627
EL_208	14	0.11154797673225403
EL_208	15	0.08769688755273819
EL_208	16	0.42723870277404785
EL_208	17	0.5953868627548218
EL_208	18	0.9132980704307556
EL_208	19	0.6701531410217285
EL_208	20	0.10179910063743591
EL_208	21	0.12040908634662628
EL_208	22	0.6459293365478516
EL_208	23	0.7941026091575623
EL_208	24	0.0646030455827713
EL_208	25	0.25838959217071533
EL_208	26	0.5445529222488403
EL_208	27	0.4986860752105713
EL_208	28	0.43948522210121155
EL_208	29	0.36482569575309753
EL_216	1	0.669003963470459
EL_216	2	0.7451605200767517
EL_216	3	0.8947809338569641
EL_216	4	0.5634666085243225
EL_216	5	0.21259786188602448
EL_216	6	0.35354524850845337
EL_216	7	0.5857257843017578
EL_216	8	0.7657939195632935
EL_216	9	0.5673589110374451
EL_216	10	0.6619569063186646
EL_216	11	0.7198796272277832
EL_216	12	0.2265983670949936
EL_216	13	0.16603462398052216
EL_216	14	0.2732028365135193
EL_216	15	0.6308203935623169
EL_216	16	0.6294008493423462
EL_216	17	0.8512293100357056
EL_216	18	0.9043428301811218
EL_216	19	0.8296211957931519
EL_216	20	0.1303369700908661
EL_216	21	0.6871135234832764
EL_216	22	0.38133832812309265
EL_216	23	0.7994158864021301
EL_218	1	0.6501224637031555
EL_218	2	0.1878756284713745
EL_218	3	0.06437711417675018
EL_218	4	0.631924569606781
EL_218	5	0.8514368534088135
EL_218	6	0.9890888333320618
EL_218	7	0.9793395400047302
EL_218	8	0.8772445321083069
EL_218	9	0.9072269797325134
EL_218	10	0.2214784473180771
EL_218	11	0.5729721784591675
EL_218	12	0.6262452006340027
EL_218	13	0.5269731283187866
EL_218	14	0.4047744870185852
EL_218	15	0.45417216420173645
EL_218	16	0.9801205992698669
EL_218	17	0.5535222887992859
EL_218	18	0.9761345982551575
EL_218	19	0.8368890881538391
EL_218	20	0.7047804594039917
EL_218	21	0.808617353439331
EL_218	22	0.9236583709716797
EL_218	23	0.8455914258956909
EL_235	1	0.18658335506916046
EL_235	2	0.24431760609149933
EL_235	3	0.4745483994483948
EL_235	4	0.11367481201887131
EL_235	5	0.18863098323345184
EL_235	6	0.5868617296218872
EL_235	7	0.1541823446750641
EL_235	8	0.4158403277397156
EL_235	9	0.4865821897983551
EL_235	10	0.5616135597229004
EL_235	11	0.2542019486427307
EL_235	12	0.20143942534923553
EL_235	13	0.32903823256492615
EL_235	14	0.23560430109500885
EL_239	1	0.6203937530517578
EL_239	2	0.6043168902397156
EL_239	3	0.32769089937210083
EL_239	4	0.2755313515663147
EL_239	5	0.3735719323158264
EL_239	6	0.11200535297393799
EL_239	7	0.31633293628692627
EL_239	8	0.21401788294315338
EL_239	9	0.6640006303787231
EL_239	10	0.5909364819526672
EL_239	11	0.31881487369537354
EL_239	12	0.3727540075778961
EL_239	13	0.6995018720626831
EL_239	14	0.6925362944602966
EL_239	15	0.7036813497543335
EL_239	16	0.7806640863418579
EL_239	17	0.5307709574699402
EL_239	18	0.4563935399055481
EL_239	19	0.38756805658340454
EL_243	1	0.8314880728721619
EL_243	2	0.6330652236938477
EL_243	3	0.6220993399620056
EL_243	4	0.8250588178634644
EL_243	5	0.3759080767631531
EL_243	6	0.6970059871673584
EL_243	7	0.9114248752593994
EL_243	8	0.3398236930370331
EL_243	9	0.7288405299186707
EL_243	10	0.801659882068634
EL_243	11	0.9040637612342834
EL_243	12	0.5727923512458801
EL_243	13	0.8050728440284729
EL_243	14	0.12834107875823975
EL_246	1	0.4629867672920227
EL_246	2	0.3463074266910553
EL_246	3	0.8419277667999268
EL_246	4	0.7831471562385559
EL_246	5	0.4646078944206238
EL_246	6	0.07165126502513885
EL_246	7	0.01978238858282566
EL_246	8	0.7112732529640198
EL_246	9	0.8431643843650818
EL_246	10	0.8534936904907227
EL_246	11	0.6418073177337646
EL_246	12	0.2289201021194458
EL_246	13	0.15555614233016968
EL_246	14	0.08597857505083084
EL_246	15	0.5863586664199829
EL_246	16	0.47977474331855774
EL_246	17	0.40140146017074585
EL_246	18	0.8459687829017639
EL_251	1	0.2859099507331848
EL_251	2	0.3617747128009796
EL_251	3	0.23481284081935883
EL_251	4	0.2911888062953949
EL_251	5	0.2654203772544861
EL_251	6	0.31032538414001465
EL_251	7	0.23001383244991302
EL_251	8	0.16521139442920685
EL_251	9	0.1647321879863739
EL_251	10	0.3002658486366272
EL_251	11	0.24652230739593506
EL_251	12	0.4622676372528076
EL_251	13	0.09707500785589218
EL_251	14	0.10978168249130249
EL_251	15	0.10919483751058578
EL_251	16	0.07580585032701492
EL_251	17	0.2834584712982178
EL_251	18	0.26094111800193787
EL_251	19	0.7870243787765503
EL_251	20	0.4280558228492737
EL_256	1	0.9270421862602234
EL_256	2	0.5428217649459839
EL_256	3	0.03703054413199425
EL_256	4	0.8258176445960999
EL_256	5	0.8690166473388672
EL_256	6	0.19835005700588226
EL_256	7	0.509555995464325
EL_256	8	0.5049289464950562
EL_256	9	0.560483992099762
EL_256	10	0.9348326921463013
EL_256	11	0.7245239615440369
EL_256	12	0.871971845626831
EL_256	13	0.6152420043945312
EL_256	14	0.5974420309066772
EL_256	15	0.2763982117176056
EL_256	16	0.6684519648551941
EL_256	17	0.15443462133407593
EL_256	18	0.672555685043335
EL_256	19	0.3364388644695282
EL_256	20	0.49022215604782104
EL_256	21	0.6285176873207092
EL_256	22	0.7457752227783203
EL_259	1	0.8983754515647888
EL_259	2	0.6996890306472778
EL_259	3	0.4133089780807495
EL_259	4	0.09577290713787079
EL_259	5	0.49716609716415405
EL_259	6	0.7752721905708313
EL_259	7	0.6812015175819397
EL_259	8	0.07381218671798706
EL_259	9	0.5235663652420044
EL_259	10	0.08582642674446106
EL_259	11	0.2724026143550873
EL_259	12	0.18819190561771393
EL_259	13	0.2165980339050293
EL_259	14	0.43209636211395264
EL_259	15	0.7101824879646301
EL_259	16	0.1819065809249878
EL_259	17	0.26266345381736755
EL_259	18	0.12400126457214355
EL_259	19	0.7777404189109802
EL_259	20	0.35410329699516296
EL_259	21	0.11694895476102829
EL_259	22	0.26399680972099304
EL_259	23	0.5537455081939697
EL_259	24	0.3291851878166199
EL_259	25	0.26308977603912354
EL_267	1	0.12699849903583527
EL_267	2	0.17011459171772003
EL_267	3	0.37466657161712646
EL_267	4	0.5656469464302063
EL_267	5	0.3036511540412903
EL_267	6	0.1530143767595291
EL_267	7	0.4249553680419922
EL_267	8	0.20241616666316986
EL_267	9	0.630911111831665
EL_267	10	0.14705036580562592
EL_267	11	0.20091946423053741
EL_267	12	0.14543883502483368
EL_267	13	0.4021129310131073
EL_267	14	0.2129451483488083
EL_274	1	0.27715614438056946
EL_274	2	0.1718064844608307
EL_274	3	0.8269287943840027
EL_274	4	0.1574917435646057
EL_274	5	0.5676306486129761
EL_274	6	0.4593602418899536
EL_274	7	0.2410387396812439
EL_274	8	0.9640894532203674
EL_274	9	0.09758540242910385
EL_274	10	0.9591566920280457
EL_274	11	0.9525460004806519
EL_274	12	0.6838980317115784
EL_274	13	0.16022256016731262
EL_274	14	0.9868723154067993
EL_274	15	0.15701141953468323
EL_274	16	0.7303358912467957
EL_274	17	0.19273334741592407
EL_274	18	0.04603465646505356
EL_274	19	0.23149554431438446
EL_274	20	0.18467973172664642
EL_274	21	0.649301290512085
EL_274	22	0.04399391636252403
EL_274	23	0.2615668773651123
EL_274	24	0.034972332417964935
EL_274	25	0.8865483999252319
EL_274	26	0.3229294717311859
EL_274	27	0.8417795300483704
EL_274	28	0.38826385140419006
EL_274	29	0.4000541865825653
EL_274	30	0.2957855463027954
EL_274	31	0.06087029352784157
EL_274	32	0.10536782443523407
EL_274	33	0.8237117528915405
EL_274	34	0.15749172866344452
EL_282	1	0.437250554561615
EL_282	2	0.1619330644607544
EL_282	3	0.24778978526592255
EL_282	4	0.5171539187431335
EL_282	5	0.7926255464553833
EL_282	6	0.3112582266330719
EL_282	7	0.03981724753975868
EL_282	8	0.35444003343582153
EL_282	9	0.4405272603034973
EL_282	10	0.40294188261032104
EL_282	11	0.20818933844566345
EL_282	12	0.043814342468976974
EL_282	13	0.6205675005912781
EL_282	14	0.6368540525436401
EL_282	15	0.11639055609703064
EL_282	16	0.10688380897045135
EL_282	17	0.7456324100494385
EL_282	18	0.04716576635837555
EL_282	19	0.09297143667936325
EL_282	20	0.8928972482681274
EL_282	21	0.5826957821846008
EL_282	22	0.26078832149505615
EL_282	23	0.4688836634159088
EL_282	24	0.7128249406814575
EL_282	25	0.3001899719238281
EL_282	26	0.21893078088760376
EL_288	1	0.7666580080986023
EL_288	2	0.27943548560142517
EL_288	3	0.05281013250350952
EL_288	4	0.36505573987960815
EL_288	5	0.14632830023765564
EL_288	6	0.28084227442741394
EL_288	7	0.04071258008480072
EL_288	8	0.5656880736351013
EL_288	9	0.19727838039398193
EL_288	10	0.6239213943481445
EL_288	11	0.04465201124548912
EL_288	12	0.14421939849853516
EL_288	13	0.2500486671924591
EL_288	14	0.10788088291883469
EL_288	15	0.16669608652591705
EL_288	16	0.08296851813793182
EL_288	17	0.1606195867061615
EL_288	18	0.10595158487558365
EL_288	19	0.4677070379257202
EL_288	20	0.12299350649118423
EL_288	21	0.10048490762710571
EL_288	22	0.15080972015857697
EL_288	23	0.1225016638636589
EL_288	24	0.041163086891174316
EL_288	25	0.1988285481929779
EL_288	26	0.4031510651111603
EL_288	27	0.1322770118713379
EL_288	28	0.07414641231298447
EL_288	29	0.6246419548988342
EL_288	30	0.6397138237953186
EL_288	31	0.22324249148368835
EL_288	32	0.6237097382545471
EL_288	33	0.3075203001499176
EL_288	34	0.33564698696136475
EL_288	35	0.69218510389328
EL_288	36	0.2534782588481903
EL_288	37	0.13881011307239532
EL_296	1	0.6389033198356628
EL_296	2	0.3787328898906708
EL_296	3	0.8005576133728027
EL_296	4	0.30723869800567627
EL_296	5	0.5271534323692322
EL_296	6	0.8905140161514282
EL_296	7	0.46654385328292847
EL_296	8	0.5966353416442871
EL_296	9	0.830483615398407
EL_296	10	0.9169850945472717
EL_296	11	0.471478134393692
EL_296	12	0.5033997297286987
EL_296	13	0.6890060901641846
EL_296	14	0.2906569242477417
EL_296	15	0.864675760269165
EL_296	16	0.10093007981777191
EL_298	1	0.2602921724319458
EL_298	2	0.5357440114021301
EL_298	3	0.28566449880599976
EL_298	4	0.8956772685050964
EL_298	5	0.17591995000839233
EL_298	6	0.32580238580703735
EL_298	7	0.2975212335586548
EL_298	8	0.4963967204093933
EL_298	9	0.27071449160575867
EL_298	10	0.28948602080345154
EL_298	11	0.21111451089382172
EL_298	12	0.48109471797943115
EL_298	13	0.7612656354904175
EL_298	14	0.0976380780339241
EL_298	15	0.3787897527217865
EL_298	16	0.8418681025505066
EL_298	17	0.20666354894638062
EL_298	18	0.3891478478908539
EL_298	19	0.04101487249135971
EL_298	20	0.24634115397930145
EL_298	21	0.16265127062797546
EL_298	22	0.5654913187026978
EL_298	23	0.3284900486469269
EL_298	24	0.43112510442733765
EL_298	25	0.4836096465587616
EL_299	1	0.5162314176559448
EL_299	2	0.5148147940635681
EL_299	3	0.8397235870361328
EL_299	4	0.3942863643169403
EL_299	5	0.4317643642425537
EL_299	6	0.9472584128379822
EL_299	7	0.26447445154190063
EL_299	8	0.22686362266540527
EL_299	9	0.6378656625747681
EL_M_013	1	0.746514618396759
EL_M_013	2	0.44263094663619995
EL_M_013	3	0.09894368052482605
EL_M_013	4	0.23018035292625427
EL_M_013	5	0.00405378732830286
EL_M_013	6	0.19562840461730957
EL_M_013	7	0.011723648756742477
EL_M_013	8	0.5427300930023193
EL_M_013	9	0.03762368857860565
EL_M_013	10	0.20178470015525818
EL_M_013	11	0.7550222277641296
EL_M_013	12	0.7973160743713379
EL_M_013	13	0.13179555535316467
EL_M_013	14	0.6384706497192383
EL_M_013	15	0.9857875108718872
EL_M_013	16	0.8140382766723633
EL_M_013	17	0.3695138096809387
EL_M_014	1	0.07309947907924652
EL_M_014	2	0.34832310676574707
EL_M_014	3	0.3866100311279297
EL_M_014	4	0.578144371509552
EL_M_014	5	0.10911328345537186
EL_M_014	6	0.3770447075366974
EL_M_014	7	0.06692114472389221
EL_M_014	8	0.7523552775382996
EL_M_014	9	0.7074077725410461
EL_M_014	10	0.5106601119041443
EL_M_014	11	0.1577204167842865
EL_M_014	12	0.2855130136013031
EL_M_014	13	0.13570699095726013
EL_M_014	14	0.35397595167160034
EL_M_014	15	0.3228258490562439
EL_M_014	16	0.8463621735572815
EL_M_014	17	0.46102744340896606
EL_M_014	18	0.018248263746500015
EL_M_014	19	0.33927810192108154
EL_M_014	20	0.5862618684768677
EL_M_014	21	0.28147295117378235
EL_M_014	22	0.1364978700876236
EL_M_014	23	0.3392454981803894
EL_M_014	24	0.2248161882162094
EL_M_014	25	0.14543578028678894
EL_M_014	26	0.5807097554206848
EL_M_014	27	0.13367433845996857
EL_M_014	28	0.6883040070533752
EL_M_014	29	0.579092800617218
EL_M_014	30	0.4544996917247772
EL_M_014	31	0.5254546999931335
EL_M_014	32	0.8166826963424683
EL_M_014	33	0.4393874704837799
EL_M_014	34	0.9478450417518616
EL_M_017	1	0.36234214901924133
EL_M_017	2	0.3414900302886963
EL_M_017	3	0.6640483736991882
EL_M_017	4	0.20240947604179382
EL_M_017	5	0.4008224904537201
EL_M_017	6	0.7796720266342163
EL_M_017	7	0.658221423625946
EL_M_017	8	0.798803985118866
EL_M_017	9	0.9612151384353638
EL_M_017	10	0.8918952941894531
EL_M_017	11	0.6922934055328369
EL_M_017	12	0.9384198188781738
EL_M_017	13	0.48127761483192444
EL_M_017	14	0.4366137683391571
EL_M_018	1	0.6172145009040833
EL_M_018	2	0.19870546460151672
EL_M_018	3	0.4244811236858368
EL_M_018	4	0.8766273260116577
EL_M_018	5	0.5528096556663513
EL_M_018	6	0.6987389922142029
EL_M_018	7	0.7572569847106934
EL_M_018	8	0.30599212646484375
EL_M_018	9	0.5652094483375549
EL_M_018	10	0.6174976229667664
EL_M_018	11	0.15179327130317688
EL_M_018	12	0.40644779801368713
EL_M_018	13	0.2936088740825653
EL_M_018	14	0.3699815571308136
EL_M_018	15	0.14321328699588776
EL_M_018	16	0.32853513956069946
EL_M_018	17	0.41159865260124207
EL_M_018	18	0.45772770047187805
EL_M_018	19	0.7255071997642517
EL_M_018	20	0.6264049410820007
EL_M_022	1	0.2959785461425781
EL_M_022	2	0.020921694114804268
EL_M_022	3	0.9847036004066467
EL_M_022	4	0.7998945713043213
EL_M_022	5	0.17912070453166962
EL_M_022	6	0.6439467072486877
EL_M_022	7	0.23299317061901093
EL_M_022	8	0.5292572379112244
EL_M_022	9	0.87890625
EL_M_022	10	0.35795578360557556
EL_M_022	11	0.9724217653274536
EL_M_022	12	0.983089029788971
EL_M_022	13	0.7976151704788208
EL_M_023	1	0.5794126987457275
EL_M_023	2	0.28214117884635925
EL_M_023	3	0.7168370485305786
EL_M_023	4	0.2803151607513428
EL_M_023	5	0.2190442979335785
EL_M_023	6	0.4635680615901947
EL_M_023	7	0.31479528546333313
EL_M_023	8	0.13223612308502197
EL_M_023	9	0.5414977669715881
EL_M_023	10	0.6338229179382324
EL_M_023	11	0.3499526381492615
EL_M_023	12	0.33829838037490845
EL_M_023	13	0.46679258346557617
EL_M_023	14	0.7669221758842468
EL_M_023	15	0.8419508337974548
EL_M_023	16	0.20089782774448395
EL_M_023	17	0.30348244309425354
EL_M_023	18	0.5227558612823486
EL_M_023	19	0.23959237337112427
EL_M_023	20	0.3751833736896515
EL_M_023	21	0.4194200932979584
EN_002	1	0.9432696104049683
EN_002	2	0.08463315665721893
EN_002	3	0.37691745162010193
EN_002	4	0.518481969833374
EN_002	5	0.17454876005649567
EN_002	6	0.18755914270877838
EN_002	7	0.30571162700653076
EN_002	8	0.5555914640426636
EN_002	9	0.053475916385650635
EN_002	10	0.1728549301624298
EN_002	11	0.7269909381866455
EN_002	12	0.5687064528465271
EN_002	13	0.41530221700668335
EN_002	14	0.35441848635673523
EN_002	15	0.6069514751434326
EN_002	16	0.6178471446037292
EN_002	17	0.6724444031715393
EN_002	18	0.5306785702705383
EN_002	19	0.6322853565216064
EN_008	1	0.7161083221435547
EN_008	2	0.6302364468574524
EN_008	3	0.13753964006900787
EN_008	4	0.6611763834953308
EN_008	5	0.6142243146896362
EN_008	6	0.8665398359298706
EN_008	7	0.424166738986969
EN_008	8	0.45216789841651917
EN_008	9	0.22557705640792847
EN_008	10	0.3743632733821869
EN_008	11	0.45226702094078064
EN_008	12	0.6425169706344604
EN_008	13	0.5615221858024597
EN_008	14	0.3486214876174927
EN_008	15	0.7768055200576782
EN_008	16	0.3216174244880676
EN_008	17	0.6914581060409546
EN_008	18	0.8210527300834656
EN_021	1	0.12486038357019424
EN_021	2	0.20397786796092987
EN_021	3	0.5377450585365295
EN_021	4	0.26114320755004883
EN_021	5	0.6239729523658752
EN_021	6	0.17525802552700043
EN_021	7	0.7314275503158569
EN_021	8	0.06964248418807983
EN_021	9	0.22416836023330688
EN_021	10	0.2180587351322174
EN_021	11	0.7061233520507812
EN_021	12	0.36628058552742004
EN_021	13	0.15499946475028992
EN_021	14	0.719673216342926
EN_021	15	0.29848146438598633
EN_021	16	0.12360318750143051
EN_021	17	0.8681053519248962
EN_021	18	0.6879414916038513
EN_021	19	0.48683810234069824
EN_021	20	0.6878531575202942
EN_021	21	0.3729800581932068
EN_021	22	0.046565454453229904
EN_021	23	0.11311972886323929
EN_021	24	0.8382595181465149
EN_021	25	0.1080317571759224
EN_021	26	0.08327294141054153
EN_021	27	0.280912846326828
EN_021	28	0.06426326930522919
EN_021	29	0.45160868763923645
EN_021	30	0.18709030747413635
EN_021	31	0.2669449746608734
EN_021	32	0.6240730881690979
EN_021	33	0.6075003743171692
EN_031	1	0.872310221195221
EN_031	2	0.7584426403045654
EN_031	3	0.8338163495063782
EN_031	4	0.844550609588623
EN_031	5	0.5985687971115112
EN_031	6	0.7512159943580627
EN_031	7	0.07976638525724411
EN_031	8	0.45879706740379333
EN_031	9	0.9312299489974976
EN_031	10	0.2523190379142761
EN_031	11	0.4908878803253174
EN_031	12	0.34698763489723206
EN_031	13	0.029058311134576797
EN_031	14	0.1749507337808609
EN_031	15	0.03148392215371132
EN_031	16	0.022523121908307076
EN_031	17	0.6924314498901367
EN_031	18	0.49175241589546204
EN_044	1	0.9386692047119141
EN_044	2	0.735415518283844
EN_044	3	0.22680316865444183
EN_044	4	0.4534417986869812
EN_044	5	0.6683832406997681
EN_044	6	0.8754274249076843
EN_044	7	0.41743963956832886
EN_044	8	0.8109716176986694
EN_044	9	0.8905556201934814
EN_044	10	0.04789787530899048
EN_044	11	0.8191450238227844
EN_044	12	0.5952911972999573
EN_044	13	0.3434428572654724
EN_044	14	0.9233944416046143
EN_044	15	0.2353188842535019
EN_044	16	0.8348022699356079
EN_044	17	0.905583381652832
EN_044	18	0.9510576128959656
EN_044	19	0.4234437942504883
EN_044	20	0.2764092981815338
EN_044	21	0.0558655671775341
EN_046	1	0.6327546238899231
EN_046	2	0.11875276267528534
EN_046	3	0.4460475742816925
EN_046	4	0.6179701685905457
EN_046	5	0.9632213711738586
EN_046	6	0.8443978428840637
EN_046	7	0.17770089209079742
EN_046	8	0.3400692939758301
EN_046	9	0.7948235273361206
EN_046	10	0.8293148875236511
EN_046	11	0.21969030797481537
EN_046	12	0.6339043974876404
EN_046	13	0.9503581523895264
EN_046	14	0.3394319713115692
EN_046	15	0.7408011555671692
EN_049	1	0.7993845343589783
EN_049	2	0.8636121153831482
EN_049	3	0.727148711681366
EN_049	4	0.6923220753669739
EN_049	5	0.8610463738441467
EN_049	6	0.5367066264152527
EN_049	7	0.35996559262275696
EN_049	8	0.878419816493988
EN_049	9	0.11656151711940765
EN_049	10	0.8286912441253662
EN_049	11	0.8372692465782166
EN_049	12	0.46136558055877686
EN_049	13	0.7231489419937134
EN_049	14	0.8652492761611938
EN_049	15	0.059970833361148834
EN_049	16	0.1576429158449173
EN_049	17	0.09161102771759033
EN_049	18	0.07687727361917496
EN_072	1	0.9189096093177795
EN_072	2	0.5422517657279968
EN_072	3	0.09868478029966354
EN_072	4	0.8835000991821289
EN_072	5	0.7675910592079163
EN_072	6	0.8846030831336975
EN_072	7	0.7347611784934998
EN_072	8	0.2635979950428009
EN_072	9	0.08861764520406723
EN_072	10	0.8144285082817078
EN_072	11	0.40541523694992065
EN_072	12	0.5047181248664856
EN_072	13	0.3517455458641052
EN_072	14	0.7707213163375854
EN_072	15	0.6983264684677124
EN_072	16	0.6863518953323364
EN_072	17	0.40724852681159973
EN_072	18	0.32073941826820374
EN_072	19	0.22489102184772491
EN_072	20	0.2468947023153305
EN_072	21	0.22489102184772491
EN_072	22	0.736885666847229
EN_072	23	0.4038533568382263
EN_078	1	0.9341588020324707
EN_078	2	0.7386597394943237
EN_078	3	0.8670952320098877
EN_078	4	0.29267460107803345
EN_078	5	0.606021523475647
EN_078	6	0.22068458795547485
EN_078	7	0.9268912672996521
EN_078	8	0.6293447017669678
EN_078	9	0.6841699481010437
EN_078	10	0.8616333603858948
EN_078	11	0.776943027973175
EN_078	12	0.7344013452529907
EN_078	13	0.6343407034873962
EN_078	14	0.6690469980239868
EN_078	15	0.35272371768951416
EN_078	16	0.8183380961418152
EN_078	17	0.7311686873435974
EN_078	18	0.8676097393035889
EN_078	19	0.7730287313461304
EN_078	20	0.8911094069480896
EN_078	21	0.47639742493629456
EN_079	1	0.6570187211036682
EN_079	2	0.6723895072937012
EN_079	3	0.867255449295044
EN_079	4	0.9421893954277039
EN_079	5	0.300481915473938
EN_079	6	0.3687768876552582
EN_079	7	0.9243842959403992
EN_079	8	0.5448395013809204
EN_079	9	0.8840293884277344
EN_079	10	0.9492631554603577
EN_079	11	0.4753880500793457
EN_079	12	0.9383206367492676
EN_079	13	0.8832979202270508
EN_079	14	0.7941725254058838
EN_079	15	0.6183913350105286
EN_079	16	0.8462317585945129
EN_079	17	0.8571006059646606
EN_079	18	0.8163285255432129
EN_079	19	0.23793327808380127
EN_079	20	0.8553103804588318
EN_079	21	0.7295746207237244
EN_079	22	0.7008237242698669
EN_079	23	0.8633143305778503
EN_079	24	0.2443782538175583
EN_079	25	0.45897945761680603
EN_086	1	0.8840993642807007
EN_086	2	0.8190314173698425
EN_086	3	0.7002220153808594
EN_086	4	0.5652186274528503
EN_086	5	0.7384321093559265
EN_086	6	0.7759886384010315
EN_086	7	0.6278492212295532
EN_086	8	0.8337637782096863
EN_086	9	0.783918559551239
EN_086	10	0.7924436330795288
EN_086	11	0.9295607209205627
EN_086	12	0.4146963655948639
EN_086	13	0.8411139845848083
EN_086	14	0.8387854695320129
EN_086	15	0.7161015272140503
EN_086	16	0.21753326058387756
EN_086	17	0.3476742208003998
EN_086	18	0.7719651460647583
EN_086	19	0.6194424033164978
EN_086	20	0.3285966217517853
EN_086	21	0.6127190589904785
EN_086	22	0.46489962935447693
EN_086	23	0.4059266448020935
EN_086	24	0.3732498586177826
EN_086	25	0.73070228099823
EN_088	1	0.7953639626502991
EN_088	2	0.34646397829055786
EN_088	3	0.5242450833320618
EN_088	4	0.8341483473777771
EN_088	5	0.4855804443359375
EN_088	6	0.6375695466995239
EN_088	7	0.4525647461414337
EN_088	8	0.3477366268634796
EN_088	9	0.6145526766777039
EN_088	10	0.535990297794342
EN_088	11	0.5092577338218689
EN_088	12	0.9575085639953613
EN_088	13	0.9862024188041687
EN_088	14	0.6162822246551514
EN_088	15	0.8343722224235535
EN_088	16	0.51058429479599
EN_088	17	0.45163583755493164
EN_088	18	0.6713036298751831
EN_088	19	0.8643462061882019
EN_097	1	0.9679861664772034
EN_097	2	0.6285485625267029
EN_097	3	0.6806526184082031
EN_097	4	0.3641913831233978
EN_097	5	0.653688371181488
EN_097	6	0.8860464692115784
EN_097	7	0.892871081829071
EN_097	8	0.7021276950836182
EN_097	9	0.2145809531211853
EN_097	10	0.23117835819721222
EN_097	11	0.37772664427757263
EN_097	12	0.42879652976989746
EN_097	13	0.8161104321479797
EN_097	14	0.7255920767784119
EN_097	15	0.5100927352905273
EN_097	16	0.8876811265945435
EN_097	17	0.9260272979736328
EN_097	18	0.6547523140907288
EN_097	19	0.13816922903060913
EN_097	20	0.8494323492050171
EN_097	21	0.9181590676307678
EN_097	22	0.8167437314987183
EN_098	1	0.5886303186416626
EN_098	2	0.8943448066711426
EN_098	3	0.8206654191017151
EN_098	4	0.7284463047981262
EN_098	5	0.5971264839172363
EN_098	6	0.701640784740448
EN_098	7	0.5768373608589172
EN_098	8	0.5424267053604126
EN_098	9	0.8618316054344177
EN_098	10	0.5716546177864075
EN_098	11	0.2942381203174591
EN_098	12	0.6670184135437012
EN_098	13	0.5610131025314331
EN_098	14	0.43948590755462646
EN_098	15	0.5431045889854431
EN_098	16	0.7825006246566772
EN_098	17	0.6765722036361694
EN_098	18	0.6160523891448975
EN_098	19	0.3958592712879181
EN_098	20	0.7182905673980713
EN_098	21	0.8213971853256226
EN_098	22	0.9391905665397644
EN_098	23	0.7435240149497986
EN_098	24	0.8150114417076111
EN_098	25	0.3028508722782135
EN_098	26	0.5380882620811462
EN_102	1	0.06411848962306976
EN_102	2	0.7101086974143982
EN_102	3	0.4046293795108795
EN_102	4	0.689190685749054
EN_102	5	0.09332357347011566
EN_102	6	0.41620033979415894
EN_102	7	0.26091328263282776
EN_102	8	0.1840539425611496
EN_102	9	0.42614078521728516
EN_102	10	0.5175262689590454
EN_102	11	0.8445547819137573
EN_102	12	0.336530476808548
EN_102	13	0.8695996403694153
EN_102	14	0.9057263135910034
EN_102	15	0.4310114085674286
EN_102	16	0.8451405167579651
EN_108	1	0.39784353971481323
EN_108	2	0.1034768745303154
EN_108	3	0.5672634243965149
EN_108	4	0.8820278644561768
EN_108	5	0.4672081172466278
EN_108	6	0.4635361433029175
EN_108	7	0.3185829520225525
EN_108	8	0.7755846977233887
EN_108	9	0.6375577449798584
EN_108	10	0.640343964099884
EN_108	11	0.12649187445640564
EN_108	12	0.2317223846912384
EN_108	13	0.5180601477622986
EN_108	14	0.6200859546661377
EN_108	15	0.34960058331489563
EN_108	16	0.7364324927330017
EN_108	17	0.7367777228355408
EN_108	18	0.40063026547431946
EN_108	19	0.630380392074585
EN_108	20	0.8749673962593079
EN_108	21	0.7168486714363098
EN_108	22	0.7018128037452698
EN_108	23	0.5107303857803345
EN_108	24	0.47938770055770874
EN_108	25	0.54059237241745
EN_110	1	0.09189562499523163
EN_110	2	0.8499742150306702
EN_110	3	0.4657710790634155
EN_110	4	0.8567683100700378
EN_110	5	0.5939691662788391
EN_110	6	0.9250509142875671
EN_110	7	0.1215483546257019
EN_110	8	0.006651873234659433
EN_110	9	0.6942470669746399
EN_110	10	0.7500901818275452
EN_110	11	0.28850314021110535
EN_110	12	0.25797978043556213
EN_110	13	0.023113934323191643
EN_110	14	0.05167094245553017
EN_110	15	0.45274022221565247
EN_110	16	0.5890645980834961
EN_110	17	0.19238309562206268
EN_110	18	0.7328539490699768
EN_110	19	0.7357252240180969
EN_110	20	0.9290387630462646
EN_110	21	0.6304410696029663
EN_110	22	0.8613225221633911
EN_110	23	0.2001841962337494
EN_110	24	0.11390897631645203
EN_110	25	0.6005028486251831
EN_110	26	0.06064219027757645
EN_110	27	0.7248888611793518
EN_111	1	0.8925891518592834
EN_111	2	0.7960852384567261
EN_111	3	0.7454006671905518
EN_111	4	0.8498181700706482
EN_111	5	0.49767744541168213
EN_111	6	0.8873919248580933
EN_111	7	0.6634950637817383
EN_111	8	0.12178051471710205
EN_111	9	0.8681005239486694
EN_111	10	0.9230281114578247
EN_111	11	0.371695876121521
EN_111	12	0.8134028315544128
EN_111	13	0.27683132886886597
EN_111	14	0.6455116868019104
EN_111	15	0.4478389322757721
EN_111	16	0.8529146313667297
EN_111	17	0.502291202545166
EN_111	18	0.7098857164382935
EN_111	19	0.60927814245224
EN_111	20	0.44986099004745483
EN_111	21	0.6109732985496521
EN_111	22	0.5720773935317993
EN_111	23	0.15267859399318695
EN_111	24	0.9382086396217346
EN_122	1	0.9433478116989136
EN_122	2	0.6675256490707397
EN_122	3	0.6313776969909668
EN_122	4	0.021388305351138115
EN_122	5	0.6019226908683777
EN_122	6	0.5707138776779175
EN_122	7	0.1046188622713089
EN_122	8	0.49043452739715576
EN_122	9	0.6051923632621765
EN_122	10	0.8428524732589722
EN_122	11	0.7577177286148071
EN_122	12	0.678321361541748
EN_122	13	0.639400839805603
EN_122	14	0.6405971646308899
EN_122	15	0.3483330011367798
EN_122	16	0.6541907787322998
EN_122	17	0.2331293821334839
EN_122	18	0.3246507942676544
EN_122	19	0.7932662963867188
EN_122	20	0.5624159574508667
EN_122	21	0.6062623262405396
EN_122	22	0.31453076004981995
EN_122	23	0.02332722581923008
EN_122	24	0.7058665156364441
EN_122	25	0.11480559408664703
EN_122	26	0.2794647812843323
EN_122	27	0.3415916860103607
EN_122	28	0.09778230637311935
EN_123	1	0.7669561505317688
EN_123	2	0.8405727744102478
EN_123	3	0.5428974628448486
EN_123	4	0.8407683372497559
EN_123	5	0.6453208327293396
EN_123	6	0.9554418921470642
EN_123	7	0.3553663194179535
EN_123	8	0.5541766285896301
EN_123	9	0.6164137125015259
EN_123	10	0.6489394307136536
EN_123	11	0.8269783854484558
EN_123	12	0.5498552918434143
EN_123	13	0.7163349390029907
EN_123	14	0.5793579816818237
EN_123	15	0.697963297367096
EN_123	16	0.12542277574539185
EN_126	1	0.619975209236145
EN_126	2	0.7871001362800598
EN_126	3	0.6329398155212402
EN_126	4	0.19971531629562378
EN_126	5	0.5890412926673889
EN_126	6	0.39680716395378113
EN_126	7	0.46171459555625916
EN_126	8	0.6765555739402771
EN_126	9	0.7094508409500122
EN_126	10	0.43013060092926025
EN_126	11	0.35177081823349
EN_126	12	0.3014870285987854
EN_126	13	0.2702268362045288
EN_126	14	0.4849599301815033
EN_126	15	0.6414664387702942
EN_126	16	0.6518967151641846
EN_126	17	0.68528151512146
EN_126	18	0.7705103754997253
EN_126	19	0.3787264823913574
EN_126	20	0.7130538821220398
EN_131	1	0.7589710354804993
EN_131	2	0.8629436492919922
EN_131	3	0.6369426846504211
EN_131	4	0.27591201663017273
EN_131	5	0.7456009387969971
EN_131	6	0.2176046371459961
EN_131	7	0.34879547357559204
EN_131	8	0.8775838613510132
EN_131	9	0.4685187041759491
EN_131	10	0.8281382322311401
EN_131	11	0.8564467430114746
EN_131	12	0.7611600160598755
EN_131	13	0.8478186130523682
EN_131	14	0.6887944340705872
EN_131	15	0.13989275693893433
EN_131	16	0.2241421490907669
EN_131	17	0.47569459676742554
EN_131	18	0.3059014081954956
EN_131	19	0.7006336450576782
EN_131	20	0.674262285232544
EN_131	21	0.8251264095306396
EN_131	22	0.8028051257133484
EN_131	23	0.8254398703575134
EN_131	24	0.8290765285491943
EN_131	25	0.6489433646202087
EN_131	26	0.5947410464286804
EN_131	27	0.6485023498535156
EN_131	28	0.2714341878890991
EN_131	29	0.30730313062667847
EN_131	30	0.048284176737070084
EN_151	1	0.9294452667236328
EN_151	2	0.4046385884284973
EN_151	3	0.901036262512207
EN_151	4	0.9423194527626038
EN_151	5	0.6176371574401855
EN_151	6	0.41187554597854614
EN_151	7	0.24068832397460938
EN_151	8	0.6948471069335938
EN_151	9	0.19544188678264618
EN_151	10	0.861963152885437
EN_151	11	0.714870035648346
EN_151	12	0.8589765429496765
EN_151	13	0.7349230647087097
EN_151	14	0.2764149308204651
EN_151	15	0.622775673866272
EN_151	16	0.3118727207183838
EN_151	17	0.8361045718193054
EN_151	18	0.6551337838172913
EN_151	19	0.2767850160598755
EN_151	20	0.3188070058822632
EN_151	21	0.1825288087129593
EN_160	1	0.6470290422439575
EN_160	2	0.13913686573505402
EN_160	3	0.5255303382873535
EN_160	4	0.8231930732727051
EN_160	5	0.9372751712799072
EN_160	6	0.778042197227478
EN_160	7	0.46826159954071045
EN_160	8	0.6686913967132568
EN_160	9	0.4527920186519623
EN_160	10	0.955118715763092
EN_160	11	0.895839512348175
EN_160	12	0.6503825187683105
EN_160	13	0.8596773743629456
EN_160	14	0.32116758823394775
EN_160	15	0.599671483039856
EN_160	16	0.7200390696525574
EN_160	17	0.7222045660018921
EN_160	18	0.6635069251060486
EN_160	19	0.6779027581214905
EN_160	20	0.7860124111175537
EN_160	21	0.014865589328110218
EN_160	22	0.9183974266052246
EN_160	23	0.7750064134597778
EN_160	24	0.7814865708351135
EN_160	25	0.769903302192688
EN_160	26	0.7297269701957703
EN_162	1	0.881611168384552
EN_162	2	0.7369161248207092
EN_162	3	0.7347171902656555
EN_162	4	0.5071963667869568
EN_162	5	0.3653194308280945
EN_162	6	0.6676287651062012
EN_162	7	0.6582138538360596
EN_162	8	0.6394250988960266
EN_162	9	0.5834535956382751
EN_162	10	0.5685383081436157
EN_162	11	0.7307215332984924
EN_162	12	0.39188310503959656
EN_162	13	0.6477957963943481
EN_162	14	0.556158721446991
EN_162	15	0.916111409664154
EN_162	16	0.587644100189209
EN_162	17	0.8913110494613647
EN_162	18	0.6861684322357178
EN_162	19	0.3757840394973755
EN_162	20	0.10551296174526215
EN_162	21	0.0673372820019722
EN_162	22	0.8483616709709167
EN_162	23	0.5683262944221497
EN_162	24	0.18413245677947998
EN_162	25	0.05133235082030296
EN_162	26	0.9152095913887024
EN_167	1	0.807863712310791
EN_167	2	0.6661673188209534
EN_167	3	0.74250727891922
EN_167	4	0.21261055767536163
EN_167	5	0.9193059802055359
EN_167	6	0.09404946118593216
EN_167	7	0.09743960201740265
EN_167	8	0.8620448708534241
EN_167	9	0.08258751779794693
EN_167	10	0.015596226789057255
EN_167	11	0.03603930398821831
EN_167	12	0.016336319968104362
EN_167	13	0.8461399078369141
EN_167	14	0.03799005225300789
EN_167	15	0.15094409883022308
EN_167	16	0.28872501850128174
EN_167	17	0.572306215763092
EN_167	18	0.8008435368537903
EN_167	19	0.12850339710712433
EN_167	20	0.7692145705223083
EN_167	21	0.017679739743471146
EN_167	22	0.9543923735618591
EN_167	23	0.841937243938446
EN_167	24	0.33397623896598816
EN_167	25	0.18905948102474213
EN_167	26	0.005704911891371012
EN_167	27	0.9697061777114868
EN_167	28	0.12131582945585251
EN_167	29	0.04113132506608963
EN_167	30	0.2196463793516159
EN_167	31	0.8259701132774353
EN_167	32	0.8162581324577332
EN_167	33	0.9228755831718445
EN_167	34	0.16369962692260742
EN_167	35	0.9651296734809875
EN_167	36	0.179607093334198
EN_167	37	0.9366558194160461
EN_167	38	0.8941494822502136
EN_167	39	0.006868729833513498
EN_167	40	0.8466383814811707
EN_170	1	0.5920373797416687
EN_170	2	0.5534903407096863
EN_170	3	0.3950762450695038
EN_170	4	0.6322756409645081
EN_170	5	0.6667746305465698
EN_170	6	0.08457452803850174
EN_170	7	0.9359501600265503
EN_170	8	0.8040807843208313
EN_170	9	0.26399490237236023
EN_170	10	0.18772730231285095
EN_170	11	0.07144788652658463
EN_170	12	0.6416626572608948
EN_170	13	0.7432971000671387
EN_170	14	0.5246008634567261
EN_170	15	0.7478978037834167
EN_170	16	0.9762183427810669
EN_170	17	0.675916314125061
EN_170	18	0.4315214157104492
EN_170	19	0.7839518189430237
EN_170	20	0.673936128616333
EN_170	21	0.12696774303913116
EN_170	22	0.42331022024154663
EN_170	23	0.31016820669174194
EN_170	24	0.4724821150302887
EN_170	25	0.8606976270675659
EN_174	1	0.31110408902168274
EN_174	2	0.286515474319458
EN_174	3	0.4451894164085388
EN_174	4	0.40569958090782166
EN_174	5	0.3968363106250763
EN_174	6	0.5770012736320496
EN_174	7	0.9234865307807922
EN_174	8	0.7914344668388367
EN_174	9	0.32022595405578613
EN_174	10	0.8323076367378235
EN_174	11	0.6380699872970581
EN_174	12	0.4564024806022644
EN_174	13	0.7650138735771179
EN_174	14	0.42433393001556396
EN_174	15	0.2842438220977783
EN_174	16	0.602870523929596
EN_174	17	0.8744587898254395
EN_174	18	0.18870863318443298
EN_174	19	0.36649006605148315
EN_174	20	0.3388047516345978
EN_174	21	0.42433393001556396
EN_174	22	0.737528920173645
EN_174	23	0.5532559752464294
EN_174	24	0.8527630567550659
EN_174	25	0.7762861847877502
EN_174	26	0.5490815043449402
EN_174	27	0.7127861976623535
EN_176	1	0.8462538719177246
EN_176	2	0.9484128355979919
EN_176	3	0.8227025866508484
EN_176	4	0.5203221440315247
EN_176	5	0.7857203483581543
EN_176	6	0.6085435748100281
EN_176	7	0.9048423767089844
EN_176	8	0.9201853275299072
EN_176	9	0.3993133008480072
EN_176	10	0.005389066878706217
EN_176	11	0.9804472923278809
EN_176	12	0.938849151134491
EN_176	13	0.563671886920929
EN_176	14	0.5465553402900696
EN_176	15	0.8127109408378601
EN_176	16	0.6103179454803467
EN_176	17	0.9278826117515564
EN_176	18	0.022969583049416542
EN_176	19	0.9085855484008789
EN_176	20	0.3583560585975647
EN_176	21	0.7674949765205383
EN_176	22	0.9000846743583679
EN_176	23	0.8986567854881287
EN_176	24	0.8292317390441895
EN_176	25	0.878567636013031
EN_179	1	0.7972716689109802
EN_179	2	0.3860384523868561
EN_179	3	0.6121777892112732
EN_179	4	0.6970957517623901
EN_179	5	0.7390961050987244
EN_179	6	0.0180769395083189
EN_179	7	0.46800920367240906
EN_179	8	0.8651916980743408
EN_179	9	0.46775928139686584
EN_179	10	0.8215764760971069
EN_179	11	0.775974452495575
EN_179	12	0.4095577299594879
EN_179	13	0.9413071274757385
EN_179	14	0.5100899934768677
EN_179	15	0.9070501327514648
EN_179	16	0.8652821779251099
EN_179	17	0.7058297991752625
EN_179	18	0.435795396566391
EN_179	19	0.882920503616333
EN_179	20	0.39735254645347595
EN_179	21	0.5549785494804382
EN_180	1	0.8154506683349609
EN_180	2	0.10050282627344131
EN_180	3	0.19724126160144806
EN_180	4	0.9024756550788879
EN_180	5	0.7958183884620667
EN_180	6	0.8141559958457947
EN_180	7	0.7613081932067871
EN_180	8	0.8569127917289734
EN_180	9	0.5437324643135071
EN_180	10	0.6584810018539429
EN_180	11	0.9105350375175476
EN_180	12	0.843113899230957
EN_180	13	0.18321706354618073
EN_180	14	0.4860527813434601
EN_180	15	0.9008147120475769
EN_180	16	0.7949894666671753
EN_180	17	0.6351970434188843
EN_182	1	0.8661025166511536
EN_182	2	0.8309838771820068
EN_182	3	0.7977134585380554
EN_182	4	0.7703211903572083
EN_182	5	0.8708035349845886
EN_182	6	0.8033839464187622
EN_182	7	0.4664163291454315
EN_182	8	0.10331080108880997
EN_182	9	0.6598991751670837
EN_182	10	0.9342017769813538
EN_182	11	0.7634740471839905
EN_182	12	0.7643307447433472
EN_182	13	0.7739989161491394
EN_182	14	0.8909387588500977
EN_182	15	0.5532730221748352
EN_182	16	0.7038956880569458
EN_182	17	0.602297306060791
EN_182	18	0.9643629789352417
EN_182	19	0.3892535865306854
EN_182	20	0.3056408166885376
EN_182	21	0.02162184752523899
EN_186	1	0.9628949761390686
EN_186	2	0.6626451015472412
EN_186	3	0.719308078289032
EN_186	4	0.9252057075500488
EN_186	5	0.24802763760089874
EN_186	6	0.3236939013004303
EN_186	7	0.48962482810020447
EN_186	8	0.10126660764217377
EN_186	9	0.7051372528076172
EN_186	10	0.8604163527488708
EN_186	11	0.47045594453811646
EN_186	12	0.023145630955696106
EN_186	13	0.6585738658905029
EN_186	14	0.5140611529350281
EN_186	15	0.4311581552028656
EN_186	16	0.29364001750946045
EN_186	17	0.9394086003303528
EN_186	18	0.9039327502250671
EN_186	19	0.053648170083761215
EN_186	20	0.818979024887085
EN_186	21	0.8211643099784851
EN_186	22	0.4105161130428314
EN_186	23	0.44388264417648315
EN_186	24	0.7872132062911987
EN_186	25	0.7504678964614868
EN_186	26	0.6945388317108154
EN_186	27	0.6136940121650696
EN_186	28	0.38745978474617004
EN_186	29	0.6011074185371399
EN_186	30	0.2840430736541748
EN_186	31	0.13056975603103638
EN_186	32	0.03906702250242233
EN_186	33	0.7801414132118225
EN_186	34	0.7297875285148621
EN_186	35	0.9711790084838867
EN_186	36	0.953403115272522
EN_186	37	0.8395222425460815
EN_186	38	0.6133340001106262
EN_186	39	0.7963879704475403
EN_186	40	0.5968015789985657
EN_187	1	0.5602148771286011
EN_187	2	0.5738102793693542
EN_187	3	0.12883968651294708
EN_187	4	0.3045899271965027
EN_187	5	0.838998556137085
EN_187	6	0.5755537748336792
EN_187	7	0.7420250177383423
EN_187	8	0.773563802242279
EN_187	9	0.16148552298545837
EN_187	10	0.6384789943695068
EN_187	11	0.5196121335029602
EN_187	12	0.577857494354248
EN_187	13	0.929332435131073
EN_187	14	0.1062825620174408
EN_187	15	0.48356717824935913
EN_187	16	0.7035865783691406
EN_187	17	0.6991243362426758
EN_187	18	0.5828244686126709
EN_187	19	0.7464397549629211
EN_187	20	0.5930418372154236
EN_187	21	0.84600830078125
EN_187	22	0.0736832469701767
EN_187	23	0.3612961173057556
EN_193	1	0.6199145913124084
EN_193	2	0.5169980525970459
EN_193	3	0.2578311264514923
EN_193	4	0.8165745139122009
EN_193	5	0.9229515790939331
EN_193	6	0.4364854693412781
EN_193	7	0.6552512049674988
EN_193	8	0.7321134209632874
EN_193	9	0.4428628087043762
EN_193	10	0.6820708513259888
EN_193	11	0.0484987311065197
EN_193	12	0.3880634605884552
EN_195	1	0.24646419286727905
EN_195	2	0.30913046002388
EN_195	3	0.19876833260059357
EN_195	4	0.30492520332336426
EN_195	5	0.41728582978248596
EN_195	6	0.05339173600077629
EN_195	7	0.2688090205192566
EN_195	8	0.6138536930084229
EN_195	9	0.45721420645713806
EN_195	10	0.1454194188117981
EN_195	11	0.9591715335845947
EN_195	12	0.9220112562179565
EN_195	13	0.3504168689250946
EN_195	14	0.7832827568054199
EN_195	15	0.4959556758403778
EN_195	16	0.6042914986610413
EN_195	17	0.22268156707286835
EN_197	1	0.621567964553833
EN_197	2	0.7998111248016357
EN_197	3	0.5644393563270569
EN_197	4	0.49428465962409973
EN_197	5	0.881106972694397
EN_197	6	0.5734967589378357
EN_197	7	0.1845960021018982
EN_197	8	0.9455115795135498
EN_197	9	0.3803403973579407
EN_197	10	0.008280384354293346
EN_197	11	0.08191840350627899
EN_197	12	0.5701349973678589
EN_197	13	0.9863988161087036
EN_197	14	0.9299387335777283
EN_197	15	0.5201196670532227
EN_197	16	0.17183086276054382
EN_197	17	0.4943261444568634
EN_197	18	0.5326791405677795
EN_197	19	0.36159634590148926
EN_197	20	0.9161615371704102
EN_197	21	0.9099112153053284
EN_199	1	0.9336415529251099
EN_199	2	0.47911208868026733
EN_199	3	0.5640166401863098
EN_199	4	0.5363110899925232
EN_199	5	0.6954892873764038
EN_199	6	0.7665717005729675
EN_199	7	0.5490610599517822
EN_199	8	0.5284862518310547
EN_199	9	0.7127084732055664
EN_199	10	0.601353108882904
EN_199	11	0.6891396641731262
EN_199	12	0.4031580984592438
EN_199	13	0.6490917801856995
EN_199	14	0.8521973490715027
EN_199	15	0.7249715328216553
EN_199	16	0.8430154323577881
EN_199	17	0.6937079429626465
EN_199	18	0.02808636985719204
EN_199	19	0.8232806324958801
EN_199	20	0.9051821231842041
EN_199	21	0.35994669795036316
EN_199	22	0.7558041214942932
EN_199	23	0.33440831303596497
EN_199	24	0.8686517477035522
EN_199	25	0.6339383125305176
EN_199	26	0.24969364702701569
EN_199	27	0.9082057476043701
EN_209	1	0.8944387435913086
EN_209	2	0.9075701236724854
EN_209	3	0.6592869758605957
EN_209	4	0.30112674832344055
EN_209	5	0.17938271164894104
EN_209	6	0.766368567943573
EN_209	7	0.5955739617347717
EN_209	8	0.5928734540939331
EN_209	9	0.5354282259941101
EN_209	10	0.1346122771501541
EN_209	11	0.812527596950531
EN_209	12	0.8094552159309387
EN_209	13	0.05229774862527847
EN_209	14	0.8486445546150208
EN_209	15	0.3688049912452698
EN_209	16	0.6768977642059326
EN_209	17	0.9082015156745911
EN_209	18	0.8628091216087341
EN_209	19	0.6422993540763855
EN_209	20	0.8408054113388062
EN_209	21	0.30955711007118225
EN_209	22	0.6536961793899536
EN_209	23	0.8730499744415283
EN_209	24	0.9159654974937439
EN_210	1	0.8304284811019897
EN_210	2	0.533173143863678
EN_210	3	0.37191101908683777
EN_210	4	0.1716209501028061
EN_210	5	0.06986012309789658
EN_210	6	0.03540755435824394
EN_210	7	0.2624758780002594
EN_210	8	0.3912010192871094
EN_210	9	0.4586840271949768
EN_210	10	0.43587133288383484
EN_210	11	0.2993696331977844
EN_210	12	0.39148449897766113
EN_210	13	0.1639232188463211
EN_210	14	0.27551180124282837
EN_210	15	0.11457810550928116
EN_210	16	0.20240440964698792
EN_210	17	0.5195173621177673
EN_210	18	0.43753233551979065
EN_210	19	0.2390560805797577
EN_210	20	0.8871665000915527
EN_210	21	0.3153972625732422
EN_210	22	0.060250841081142426
EN_210	23	0.8453377485275269
EN_210	24	0.9516420960426331
EN_210	25	0.5641738772392273
EN_210	26	0.045316558331251144
EN_210	27	0.1843407154083252
EN_210	28	0.29951247572898865
EN_210	29	0.30809614062309265
EN_210	30	0.3703305125236511
EN_210	31	0.1481305956840515
EN_210	32	0.05751705914735794
EN_210	33	0.7233150005340576
EN_210	34	0.2778733968734741
EN_213	1	0.1767248511314392
EN_213	2	0.3763636350631714
EN_213	3	0.11743821948766708
EN_213	4	0.4485175609588623
EN_213	5	0.5791987776756287
EN_213	6	0.181763157248497
EN_213	7	0.5548101663589478
EN_213	8	0.47592562437057495
EN_213	9	0.46309149265289307
EN_213	10	0.46283015608787537
EN_213	11	0.19406352937221527
EN_213	12	0.6756051778793335
EN_213	13	0.7065582275390625
EN_213	14	0.9559091925621033
EN_213	15	0.8303125500679016
EN_213	16	0.9282582998275757
EN_213	17	0.29097840189933777
EN_213	18	0.43633124232292175
EN_213	19	0.3848327696323395
EN_213	20	0.9078819751739502
EN_213	21	0.7105388641357422
EN_213	22	0.7394509315490723
EN_213	23	0.7958559393882751
EN_213	24	0.6407498121261597
EN_213	25	0.964667558670044
EN_213	26	0.07061532139778137
EN_213	27	0.6341049671173096
EN_213	28	0.8893036842346191
EN_213	29	0.7901434302330017
EN_214	1	0.1700671911239624
EN_214	2	0.2584371268749237
EN_214	3	0.2122286707162857
EN_214	4	0.262397438287735
EN_214	5	0.6407960057258606
EN_214	6	0.45497989654541016
EN_214	7	0.7418234944343567
EN_214	8	0.16313882172107697
EN_214	9	0.35526517033576965
EN_214	10	0.06956274062395096
EN_214	11	0.5019720792770386
EN_214	12	0.5066655874252319
EN_214	13	0.7663076519966125
EN_214	14	0.3226713240146637
EN_214	15	0.12909294664859772
EN_214	16	0.2719420790672302
EN_214	17	0.47263598442077637
EN_214	18	0.6084344983100891
EN_214	19	0.23662902414798737
EN_214	20	0.12178763002157211
EN_214	21	0.6215412616729736
EN_214	22	0.27336910367012024
EN_214	23	0.8735249638557434
EN_217	1	0.2848263382911682
EN_217	2	0.8553289771080017
EN_217	3	0.4265155792236328
EN_217	4	0.8440086841583252
EN_217	5	0.11332786083221436
EN_217	6	0.9287574887275696
EN_217	7	0.48287755250930786
EN_217	8	0.8904387354850769
EN_217	9	0.6407158374786377
EN_217	10	0.8665362596511841
EN_217	11	0.4924602806568146
EN_217	12	0.1778579205274582
EN_217	13	0.765645444393158
EN_217	14	0.7076587080955505
EN_217	15	0.5530481934547424
EN_217	16	0.1791665256023407
EN_217	17	0.8265633583068848
EN_217	18	0.5284692049026489
EN_217	19	0.3390817940235138
EN_217	20	0.574330747127533
EN_234	1	0.5181632041931152
EN_234	2	0.4306793212890625
EN_234	3	0.7554142475128174
EN_234	4	0.8535171151161194
EN_234	5	0.9086066484451294
EN_234	6	0.6554796099662781
EN_234	7	0.9147863388061523
EN_234	8	0.32322952151298523
EN_234	9	0.5255556106567383
EN_234	10	0.1527131348848343
EN_234	11	0.6748561263084412
EN_234	12	0.8932586312294006
EN_234	13	0.5220839381217957
EN_234	14	0.1482522338628769
EN_234	15	0.9081149101257324
EN_234	16	0.4823797643184662
EN_234	17	0.7133944034576416
EN_234	18	0.17485260963439941
EN_234	19	0.9029557704925537
EN_234	20	0.9361392259597778
EN_234	21	0.7994875311851501
EN_234	22	0.7048910856246948
EN_234	23	0.4247188866138458
EN_234	24	0.9427974224090576
EN_234	25	0.7845356464385986
EN_234	26	0.7269877791404724
EN_234	27	0.43534451723098755
EN_234	28	0.1534910351037979
EN_234	29	0.7232640981674194
EN_234	30	0.0847221314907074
EN_234	31	0.12099038809537888
EN_234	32	0.13284076750278473
EN_234	33	0.14597240090370178
EN_234	34	0.5654342770576477
EN_234	35	0.8126406073570251
EN_234	36	0.7020665407180786
EN_234	37	0.023040644824504852
EN_235	1	0.25774553418159485
EN_235	2	0.3105708360671997
EN_235	3	0.5693717002868652
EN_235	4	0.3632882535457611
EN_235	5	0.9000287055969238
EN_235	6	0.3990691602230072
EN_235	7	0.5298601388931274
EN_235	8	0.6481887102127075
EN_235	9	0.3448048532009125
EN_235	10	0.6165714263916016
EN_235	11	0.5943375825881958
EN_235	12	0.7110717296600342
EN_235	13	0.38669347763061523
EN_235	14	0.7490108013153076
EN_235	15	0.7216690182685852
EN_235	16	0.5474963784217834
EN_235	17	0.39006099104881287
EN_235	18	0.8290742635726929
EN_235	19	0.21741066873073578
EN_235	20	0.7778639793395996
EN_235	21	0.8584917783737183
EN_235	22	0.5737817883491516
EN_235	23	0.6414444446563721
EN_235	24	0.3334248661994934
EN_236	1	0.832873523235321
EN_236	2	0.7085316181182861
EN_236	3	0.19265909492969513
EN_236	4	0.8979238271713257
EN_236	5	0.07791857421398163
EN_236	6	0.5597840547561646
EN_236	7	0.3454786539077759
EN_236	8	0.49739697575569153
EN_236	9	0.24405092000961304
EN_236	10	0.9070243835449219
EN_236	11	0.8764474987983704
EN_236	12	0.04451426863670349
EN_236	13	0.7290725111961365
EN_236	14	0.2963816225528717
EN_236	15	0.4741900563240051
EN_236	16	0.9919994473457336
EN_236	17	0.7198019027709961
EN_236	18	0.454049289226532
EN_236	19	0.7078404426574707
EN_251	1	0.3374898135662079
EN_251	2	0.5150152444839478
EN_251	3	0.758238673210144
EN_251	4	0.8108959197998047
EN_251	5	0.9491658210754395
EN_251	6	0.21227358281612396
EN_251	7	0.6540006995201111
EN_251	8	0.8038956522941589
EN_251	9	0.9428086876869202
EN_251	10	0.6310220956802368
EN_251	11	0.8255631327629089
EN_251	12	0.14656929671764374
EN_251	13	0.22912552952766418
EN_251	14	0.23681722581386566
EN_251	15	0.828629195690155
EN_251	16	0.9797367453575134
EN_251	17	0.6714708805084229
EN_251	18	0.04624722898006439
EN_251	19	0.16706562042236328
EN_251	20	0.8289003968238831
EN_251	21	0.9628541469573975
EN_251	22	0.3453295826911926
EN_268	1	0.7802822589874268
EN_268	2	0.15988130867481232
EN_268	3	0.8007073402404785
EN_268	4	0.8851684927940369
EN_268	5	0.32221662998199463
EN_268	6	0.24394690990447998
EN_268	7	0.05747484415769577
EN_268	8	0.4811800420284271
EN_268	9	0.11639905720949173
EN_268	10	0.8565996885299683
EN_268	11	0.20886529982089996
EN_268	12	0.8525441288948059
EN_268	13	0.9326358437538147
EN_268	14	0.803279459476471
EN_268	15	0.7027535438537598
EN_268	16	0.666276216506958
EN_268	17	0.9812107086181641
EN_268	18	0.4409659504890442
EN_268	19	0.33715683221817017
EN_268	20	0.7340527772903442
EN_268	21	0.8576672077178955
EN_268	22	0.8639204502105713
EN_268	23	0.3206911087036133
EN_268	24	0.1473177969455719
EN_268	25	0.8706855773925781
EN_272	1	0.9724193811416626
EN_272	2	0.8053292036056519
EN_272	3	0.6700816750526428
EN_272	4	0.6484336256980896
EN_272	5	0.927720844745636
EN_272	6	0.8618319034576416
EN_272	7	0.9504648447036743
EN_272	8	0.9558093547821045
EN_272	9	0.5025302171707153
EN_272	10	0.6325193047523499
EN_272	11	0.6690173149108887
EN_272	12	0.8943896293640137
EN_272	13	0.8844384551048279
EN_272	14	0.5277161598205566
EN_272	15	0.9114263653755188
EN_272	16	0.06538772583007812
EN_272	17	0.12306974083185196
EN_272	18	0.11924799531698227
EN_272	19	0.7636213898658752
EN_272	20	0.3631114959716797
EN_272	21	0.6520331501960754
EN_272	22	0.7138535976409912
EN_272	23	0.48668038845062256
EN_272	24	0.5223580598831177
EN_272	25	0.7794895768165588
EN_272	26	0.9755557775497437
EN_272	27	0.11905656009912491
EN_272	28	0.5506254434585571
EN_272	29	0.9402450919151306
EN_272	30	0.8984872102737427
EN_272	31	0.1663694828748703
EN_272	32	0.8347104787826538
EN_272	33	0.32335931062698364
EN_272	34	0.8490771651268005
EN_272	35	0.6983346343040466
EN_272	36	0.12982113659381866
EN_275	1	0.9407774806022644
EN_275	2	0.5483044385910034
EN_275	3	0.47447115182876587
EN_275	4	0.19015385210514069
EN_275	5	0.9080303907394409
EN_275	6	0.0077002765610814095
EN_275	7	0.8182367086410522
EN_275	8	0.7143837213516235
EN_275	9	0.4763842821121216
EN_275	10	0.49939438700675964
EN_275	11	0.8488607406616211
EN_275	12	0.05676298215985298
EN_275	13	0.333113431930542
EN_275	14	0.5135560035705566
EN_275	15	0.8104845881462097
EN_275	16	0.755180299282074
EN_275	17	0.08944342285394669
EN_275	18	0.48033928871154785
EN_275	19	0.7393585443496704
EN_275	20	0.6787744164466858
EN_275	21	0.8797985315322876
EN_275	22	0.9149215221405029
EN_275	23	0.09812355786561966
EN_275	24	0.7223495244979858
EN_275	25	0.43437033891677856
EN_275	26	0.11901625245809555
EN_275	27	0.9564595222473145
EN_275	28	0.15677689015865326
EN_275	29	0.9169256687164307
EN_275	30	0.28995567560195923
EN_275	31	0.6650988459587097
EN_275	32	0.2102619856595993
EN_275	33	0.6259455680847168
EN_275	34	0.8057734966278076
EN_275	35	0.29724904894828796
EN_275	36	0.6590350270271301
EN_278	1	0.9276188015937805
EN_278	2	0.35023951530456543
EN_278	3	0.8384005427360535
EN_278	4	0.36989879608154297
EN_278	5	0.08695081621408463
EN_278	6	0.9078180193901062
EN_278	7	0.8322694897651672
EN_278	8	0.72983717918396
EN_278	9	0.5895030498504639
EN_278	10	0.3763868808746338
EN_278	11	0.7808592915534973
EN_278	12	0.8666651248931885
EN_278	13	0.18382520973682404
EN_278	14	0.95829176902771
EN_278	15	0.3379737436771393
EN_278	16	0.5329647064208984
EN_278	17	0.5795876383781433
EN_278	18	0.8318243026733398
EN_278	19	0.7720860838890076
EN_278	20	0.6767380237579346
EN_278	21	0.39796337485313416
EN_278	22	0.6572017073631287
EN_278	23	0.9278879165649414
EN_278	24	0.5699172616004944
EN_286	1	0.3787219822406769
EN_286	2	0.708238959312439
EN_286	3	0.7648265957832336
EN_286	4	0.9567734599113464
EN_286	5	0.284445196390152
EN_286	6	0.09930766373872757
EN_286	7	0.33066263794898987
EN_286	8	0.7387731075286865
EN_286	9	0.2675991356372833
EN_286	10	0.08216475695371628
EN_286	11	0.47523033618927
EN_286	12	0.3687109053134918
EN_286	13	0.464537650346756
EN_286	14	0.015160730108618736
EN_286	15	0.5086995959281921
EN_286	16	0.6573529839515686
EN_286	17	0.7923086881637573
EN_286	18	0.2937256991863251
EN_287	1	0.6280664801597595
EN_287	2	0.22313351929187775
EN_287	3	0.03096006065607071
EN_287	4	0.13065321743488312
EN_287	5	0.13299599289894104
EN_287	6	0.1406937837600708
EN_287	7	0.035986777395009995
EN_287	8	0.7666459679603577
EN_287	9	0.6501741409301758
EN_287	10	0.7991810441017151
EN_287	11	0.94025719165802
EN_287	12	0.2608032524585724
EN_287	13	0.514032244682312
EN_287	14	0.7098658680915833
EN_287	15	0.7613726258277893
EN_287	16	0.6270156502723694
EN_287	17	0.3927084803581238
EN_287	18	0.8988734483718872
EN_287	19	0.462461918592453
EN_287	20	0.4772959351539612
EN_287	21	0.4271819591522217
EN_287	22	0.5867428183555603
EN_292	1	0.23755836486816406
EN_292	2	0.5998262763023376
EN_292	3	0.6158496141433716
EN_292	4	0.3263283967971802
EN_292	5	0.0999823585152626
EN_292	6	0.5212231874465942
EN_292	7	0.5417479872703552
EN_292	8	0.7097885012626648
EN_292	9	0.32344353199005127
EN_292	10	0.2531200349330902
EN_292	11	0.6992407441139221
EN_292	12	0.7589144110679626
EN_292	13	0.6585926413536072
EN_292	14	0.37253913283348083
EN_292	15	0.12378011643886566
EN_292	16	0.5025798082351685
EN_294	1	0.24217595160007477
EN_294	2	0.2903183698654175
EN_294	3	0.6662651896476746
EN_294	4	0.36317282915115356
EN_294	5	0.08072251826524734
EN_294	6	0.6650092601776123
EN_294	7	0.22870710492134094
EN_294	8	0.5184863209724426
EN_294	9	0.4830916225910187
EN_294	10	0.6669643521308899
EN_294	11	0.13158664107322693
EN_294	12	0.03558538481593132
EN_294	13	0.3498764932155609
EN_294	14	0.560264527797699
EN_294	15	0.06996464729309082
EN_294	16	0.6539003849029541
EN_294	17	0.8756797313690186
EN_294	18	0.5675816535949707
EN_294	19	0.6301321387290955
EN_294	20	0.6090542674064636
EN_294	21	0.7669729590415955
EN_294	22	0.6496986746788025
EN_294	23	0.05710549280047417
EN_294	24	0.3904096484184265
EN_294	25	0.6635140776634216
EN_294	26	0.08997884392738342
EN_294	27	0.9444357752799988
EN_294	28	0.3165559470653534
EN_294	29	0.8212597370147705
EN_294	30	0.5633984208106995
EN_294	31	0.5834304690361023
EN_294	32	0.954727292060852
EN_302	1	0.2629236578941345
EN_302	2	0.7857198119163513
EN_302	3	0.3363190293312073
EN_302	4	0.4234299957752228
EN_302	5	0.7356734275817871
EN_302	6	0.14096234738826752
EN_302	7	0.16795659065246582
EN_302	8	0.7067614197731018
EN_302	9	0.6157330870628357
EN_302	10	0.7643373608589172
EN_302	11	0.40378907322883606
EN_302	12	0.5031477212905884
EN_302	13	0.3840753138065338
EN_302	14	0.7869803309440613
EN_302	15	0.13740621507167816
EN_302	16	0.5227146744728088
EN_302	17	0.19334354996681213
EN_302	18	0.8029221892356873
EN_302	19	0.7099133133888245
EN_303	1	0.21976368129253387
EN_303	2	0.019958315417170525
EN_303	3	0.4520738422870636
EN_303	4	0.2801755368709564
EN_303	5	0.5543420910835266
EN_303	6	0.06116756424307823
EN_303	7	0.19208192825317383
EN_303	8	0.36991146206855774
EN_303	9	0.4644392430782318
EN_303	10	0.7390343546867371
EN_303	11	0.03303015977144241
EN_303	12	0.5514714121818542
EN_303	13	0.7965760231018066
EN_303	14	0.148996964097023
EN_303	15	0.41144320368766785
EN_303	16	0.05111731216311455
EN_303	17	0.5544993877410889
EN_303	18	0.23520028591156006
EN_303	19	0.15500472486019135
EN_303	20	0.057239241898059845
EN_303	21	0.6711059808731079
EN_303	22	0.598348081111908
EN_304	1	0.865527868270874
EN_304	2	0.48949602246284485
EN_304	3	0.6490148901939392
EN_304	4	0.6855992078781128
EN_304	5	0.8718902468681335
EN_304	6	0.3006346821784973
EN_304	7	0.9316387176513672
EN_304	8	0.844138503074646
EN_304	9	0.3355906903743744
EN_304	10	0.3597548007965088
EN_304	11	0.06597550213336945
EN_304	12	0.7590165734291077
EN_304	13	0.7834272384643555
EN_304	14	0.9205045104026794
EN_304	15	0.13446849584579468
EN_304	16	0.7508472204208374
EN_304	17	0.34530991315841675
EN_304	18	0.598896861076355
EN_304	19	0.706474781036377
EN_304	20	0.34884411096572876
EN_313	1	0.292257696390152
EN_313	2	0.2983914017677307
EN_313	3	0.4634455740451813
EN_313	4	0.2785947322845459
EN_313	5	0.3140295445919037
EN_313	6	0.0351768434047699
EN_313	7	0.36593568325042725
EN_313	8	0.6030276417732239
EN_313	9	0.4274425506591797
EN_313	10	0.4655877351760864
EN_313	11	0.48523736000061035
EN_313	12	0.6011654138565063
EN_313	13	0.42240071296691895
EN_313	14	0.14862412214279175
EN_313	15	0.4113762378692627
EN_313	16	0.5762810111045837
EN_313	17	0.47150352597236633
EN_313	18	0.5396386981010437
EN_313	19	0.7635211944580078
EN_313	20	0.3636409342288971
EN_313	21	0.2472773790359497
EN_313	22	0.8412147760391235
EN_313	23	0.8477203249931335
EN_313	24	0.8202812671661377
EN_313	25	0.6139267086982727
EN_313	26	0.4209248125553131
EN_316	1	0.8752251863479614
EN_316	2	0.7343740463256836
EN_316	3	0.49893665313720703
EN_316	4	0.35382968187332153
EN_316	5	0.6647787690162659
EN_316	6	0.35907596349716187
EN_316	7	0.6561958193778992
EN_316	8	0.3435576856136322
EN_316	9	0.6327954530715942
EN_316	10	0.37598544359207153
EN_316	11	0.5498212575912476
EN_316	12	0.41148099303245544
EN_316	13	0.49555227160453796
EN_316	14	0.6985127925872803
EN_316	15	0.9793519973754883
EN_316	16	0.41147491335868835
EN_316	17	0.37049922347068787
EN_316	18	0.8201238512992859
EN_316	19	0.48303109407424927
EN_316	20	0.8268537521362305
EN_316	21	0.4353392720222473
EN_316	22	0.9066136479377747
EN_316	23	0.7490278482437134
EN_316	24	0.5669276714324951
EN_316	25	0.8480464816093445
EN_316	26	0.4403054714202881
EN_316	27	0.9000868797302246
EN_322	1	0.8814419507980347
EN_322	2	0.2491663545370102
EN_322	3	0.5831291079521179
EN_322	4	0.7093486189842224
EN_322	5	0.6696176528930664
EN_322	6	0.031779441982507706
EN_322	7	0.6792116165161133
EN_322	8	0.9005316495895386
EN_322	9	0.7644562125205994
EN_322	10	0.30075764656066895
EN_322	11	0.3160513937473297
EN_322	12	0.4666658639907837
EN_322	13	0.8456352949142456
EN_322	14	0.8521849513053894
EN_322	15	0.061559610068798065
EN_322	16	0.26504820585250854
EN_322	17	0.7045790553092957
EN_322	18	0.48785290122032166
EN_322	19	0.7863033413887024
EN_322	20	0.46900707483291626
EN_322	21	0.23507528007030487
EN_322	22	0.8197222352027893
EN_322	23	0.606975793838501
EN_322	24	0.8945686221122742
EN_323	1	0.9007902145385742
EN_323	2	0.34288012981414795
EN_323	3	0.1104293242096901
EN_323	4	0.3110436797142029
EN_323	5	0.29268351197242737
EN_323	6	0.2526059150695801
EN_323	7	0.8452215790748596
EN_323	8	0.21532124280929565
EN_323	9	0.5550692677497864
EN_323	10	0.07153382152318954
EN_323	11	0.1674296259880066
EN_323	12	0.45736342668533325
EN_323	13	0.061088256537914276
EN_323	14	0.451744943857193
EN_323	15	0.3685629367828369
EN_323	16	0.5918620228767395
EN_323	17	0.17018310725688934
EN_323	18	0.20694784820079803
EN_323	19	0.6062764525413513
EN_323	20	0.4566710591316223
EN_323	21	0.6381658315658569
EN_323	22	0.21637554466724396
EN_323	23	0.652664303779602
EN_323	24	0.4485684037208557
EN_323	25	0.6829850077629089
EN_323	26	0.6830338835716248
EN_332	1	0.3531882166862488
EN_332	2	0.5794495940208435
EN_332	3	0.2500145435333252
EN_332	4	0.28241094946861267
EN_332	5	0.7960973381996155
EN_332	6	0.47777336835861206
EN_332	7	0.41584283113479614
EN_332	8	0.4811437129974365
EN_332	9	0.09219324588775635
EN_332	10	0.028784653171896935
EN_332	11	0.9532681107521057
EN_332	12	0.6534664034843445
EN_332	13	0.937629759311676
EN_332	14	0.36352306604385376
EN_332	15	0.5810644030570984
EN_332	16	0.4821517765522003
EN_332	17	0.866988480091095
EN_332	18	0.8769257068634033
EN_332	19	0.4215180575847626
EN_332	20	0.600165843963623
EN_332	21	0.439970463514328
EN_335	1	0.2913927733898163
EN_335	2	0.8607934713363647
EN_335	3	0.6718136072158813
EN_335	4	0.579273521900177
EN_335	5	0.6907626390457153
EN_335	6	0.5576090216636658
EN_335	7	0.6994739770889282
EN_335	8	0.7176011204719543
EN_335	9	0.5019194483757019
EN_335	10	0.5310898423194885
EN_335	11	0.6784242391586304
EN_335	12	0.9442138075828552
EN_335	13	0.017494093626737595
EN_335	14	0.46371790766716003
EN_335	15	0.6240152716636658
EN_335	16	0.020998772233724594
EN_335	17	0.3346070349216461
EN_335	18	0.15834951400756836
EN_335	19	0.2125091850757599
EN_335	20	0.6417756676673889
EN_335	21	0.056805048137903214
EN_335	22	0.6570606827735901
EN_335	23	0.4712052047252655
EN_335	24	0.28167784214019775
EN_335	25	0.39300259947776794
EN_335	26	0.6280531287193298
EN_335	27	0.768883466720581
EN_335	28	0.5097866058349609
EN_335	29	0.20529426634311676
EN_335	30	0.6096065640449524
EN_335	31	0.8982059955596924
EN_335	32	0.05466218665242195
EN_338	1	0.6428790092468262
EN_338	2	0.7003681659698486
EN_338	3	0.5321053862571716
EN_338	4	0.8719573616981506
EN_338	5	0.16057972609996796
EN_338	6	0.6738983988761902
EN_338	7	0.21347375214099884
EN_338	8	0.2044045478105545
EN_338	9	0.4958082139492035
EN_338	10	0.6944684386253357
EN_338	11	0.118044413626194
EN_338	12	0.22362972795963287
EN_338	13	0.7976914048194885
EN_338	14	0.4044356346130371
EN_338	15	0.8357042074203491
EN_338	16	0.7327864170074463
EN_338	17	0.8508678078651428
EN_338	18	0.16176578402519226
EN_338	19	0.30867570638656616
EN_338	20	0.5116351246833801
EN_338	21	0.7091827392578125
EN_338	22	0.6425743103027344
EN_338	23	0.7958338260650635
EN_346	1	0.7423897981643677
EN_346	2	0.8739084601402283
EN_346	3	0.49163609743118286
EN_346	4	0.4336774945259094
EN_346	5	0.12507104873657227
EN_346	6	0.6073857545852661
EN_346	7	0.5467799305915833
EN_346	8	0.5147993564605713
EN_346	9	0.579483687877655
EN_346	10	0.5432172417640686
EN_346	11	0.1403425931930542
EN_346	12	0.5943086743354797
EN_346	13	0.30131199955940247
EN_346	14	0.9330760836601257
EN_346	15	0.41880232095718384
EN_346	16	0.8160365223884583
EN_346	17	0.07170598208904266
EN_346	18	0.3559880554676056
EN_346	19	0.4480079412460327
EN_346	20	0.614144504070282
EN_346	21	0.7079987525939941
EN_346	22	0.3453295826911926
EN_353	1	0.86578768491745
EN_353	2	0.7496808767318726
EN_353	3	0.6080472469329834
EN_353	4	0.6846041679382324
EN_353	5	0.8504218459129333
EN_353	6	0.6901729106903076
EN_353	7	0.9021591544151306
EN_353	8	0.6139271259307861
EN_353	9	0.7756925225257874
EN_353	10	0.774040937423706
EN_353	11	0.7779919505119324
EN_353	12	0.5005108118057251
EN_353	13	0.6793755888938904
EN_353	14	0.4291222095489502
EN_353	15	0.2492757886648178
EN_353	16	0.7781036496162415
EN_353	17	0.757400631904602
EN_353	18	0.397914856672287
EN_353	19	0.7670831680297852
EN_353	20	0.6572522521018982
EN_353	21	0.5497537851333618
EN_363	1	0.7619258761405945
EN_363	2	0.12253855168819427
EN_363	3	0.10515589267015457
EN_363	4	0.1335405856370926
EN_363	5	0.447439968585968
EN_363	6	0.3579100966453552
EN_363	7	0.7433404922485352
EN_363	8	0.4376857876777649
EN_363	9	0.008964663371443748
EN_363	10	0.6016905903816223
EN_363	11	0.1747097373008728
EN_363	12	0.4726528525352478
EN_363	13	0.6524795293807983
EN_363	14	0.6069443225860596
EN_363	15	0.307676762342453
EN_363	16	0.5594987869262695
EN_363	17	0.5849034190177917
EN_363	18	0.6429511308670044
EN_363	19	0.4617217183113098
EN_363	20	0.8032049536705017
EN_363	21	0.22925882041454315
EN_363	22	0.6920655369758606
EN_363	23	0.637926459312439
EN_363	24	0.4159632623195648
EN_363	25	0.7854770421981812
EN_363	26	0.504179835319519
EN_363	27	0.09797908365726471
EN_363	28	0.34258389472961426
EN_363	29	0.7601618766784668
EN_363	30	0.6665917634963989
EN_370	1	0.8773755431175232
EN_370	2	0.8654693365097046
EN_370	3	0.1786794364452362
EN_370	4	0.1391638070344925
EN_370	5	0.2835807502269745
EN_370	6	0.6050817966461182
EN_370	7	0.13834692537784576
EN_370	8	0.08731432259082794
EN_370	9	0.9013270735740662
EN_370	10	0.2825829088687897
EN_370	11	0.333268404006958
EN_370	12	0.13081301748752594
EN_370	13	0.20678293704986572
EN_370	14	0.8645616173744202
EN_370	15	0.44521695375442505
EN_370	16	0.9803733825683594
EN_370	17	0.8474874496459961
EN_370	18	0.00604878319427371
EN_370	19	0.8292152285575867
EN_370	20	0.8923398852348328
EN_370	21	0.958016037940979
EN_370	22	0.9615014791488647
EN_370	23	0.9674628376960754
EN_370	24	0.721242368221283
EN_370	25	0.92885822057724
EN_370	26	0.5904530882835388
EN_370	27	0.051356203854084015
EN_370	28	0.9129347801208496
EN_370	29	0.9117541909217834
EN_370	30	0.1225656121969223
EN_370	31	0.7204778790473938
EN_370	32	0.9527137279510498
EN_370	33	0.9509826898574829
EN_370	34	0.8111138939857483
EN_370	35	0.7198832631111145
EN_370	36	0.05032699927687645
EN_370	37	0.221180260181427
EN_372	1	0.13114425539970398
EN_372	2	0.6352843642234802
EN_372	3	0.799973726272583
EN_372	4	0.26495468616485596
EN_372	5	0.3247872292995453
EN_372	6	0.8129507303237915
EN_372	7	0.6311809420585632
EN_372	8	0.3316442370414734
EN_372	9	0.7348170876502991
EN_372	10	0.4361917972564697
EN_372	11	0.49949267506599426
EN_372	12	0.6788376569747925
EN_372	13	0.8157280683517456
EN_372	14	0.31747621297836304
EN_372	15	0.5947869420051575
EN_372	16	0.7480990886688232
EN_372	17	0.5034180283546448
EN_372	18	0.10410547256469727
EN_372	19	0.7772449254989624
EN_372	20	0.7608247995376587
EN_372	21	0.8226044774055481
EN_372	22	0.9168493747711182
EN_372	23	0.8384881615638733
EN_372	24	0.35818028450012207
EN_372	25	0.6915287375450134
EN_372	26	0.6975013017654419
EN_372	27	0.3118256628513336
EN_372	28	0.6480923295021057
EN_372	29	0.854561984539032
EN_372	30	0.5901733040809631
EN_372	31	0.3241146504878998
EN_372	32	0.6552903652191162
EN_372	33	0.714855432510376
EN_372	34	0.9020705223083496
EN_372	35	0.782483696937561
EN_372	36	0.7983906865119934
EN_372	37	0.7988954186439514
EN_376	1	0.6220213770866394
EN_376	2	0.6298399567604065
EN_376	3	0.822638750076294
EN_376	4	0.7285676598548889
EN_376	5	0.7021527886390686
EN_376	6	0.26747897267341614
EN_376	7	0.9314534068107605
EN_376	8	0.8541589379310608
EN_376	9	0.8472142219543457
EN_376	10	0.36779171228408813
EN_376	11	0.7886538505554199
EN_376	12	0.9373475313186646
EN_376	13	0.5382508039474487
EN_376	14	0.7103666067123413
EN_376	15	0.785688042640686
EN_376	16	0.5996303558349609
EN_376	17	0.8666998744010925
EN_376	18	0.1831386685371399
EN_376	19	0.5544591546058655
EN_376	20	0.6354178190231323
EN_376	21	0.7580249905586243
EN_376	22	0.568291187286377
EN_377	1	0.793793797492981
EN_377	2	0.798796534538269
EN_377	3	0.7337974309921265
EN_377	4	0.07342106103897095
EN_377	5	0.9549609422683716
EN_377	6	0.037926506251096725
EN_377	7	0.5577089786529541
EN_377	8	0.09300515800714493
EN_377	9	0.8536511659622192
EN_377	10	0.773466169834137
EN_377	11	0.4037189185619354
EN_377	12	0.5196765065193176
EN_377	13	0.3617454469203949
EN_377	14	0.2380489856004715
EN_377	15	0.05906348302960396
EN_377	16	0.44076627492904663
EN_377	17	0.31432345509529114
EN_377	18	0.3647941052913666
EN_377	19	0.4397440254688263
EN_377	20	0.8982743620872498
EN_377	21	0.951651394367218
EN_377	22	0.9133668541908264
EN_377	23	0.37717780470848083
EN_377	24	0.590937614440918
EN_377	25	0.8055634498596191
EN_377	26	0.4509136378765106
EN_377	27	0.5477966666221619
EN_377	28	0.02486610785126686
EN_377	29	0.49108052253723145
EN_377	30	0.0465230718255043
EN_389	1	0.7655308246612549
EN_389	2	0.23202022910118103
EN_389	3	0.2066827118396759
EN_389	4	0.3375392556190491
EN_389	5	0.5835901498794556
EN_389	6	0.8707037568092346
EN_389	7	0.29141074419021606
EN_389	8	0.09810832887887955
EN_389	9	0.7678194046020508
EN_389	10	0.3652123212814331
EN_389	11	0.35597851872444153
EN_389	12	0.20640511810779572
EN_389	13	0.5446255803108215
EN_389	14	0.23250669240951538
EN_389	15	0.6908910870552063
EN_389	16	0.23047222197055817
EN_389	17	0.4180522561073303
EN_389	18	0.19385264813899994
EN_389	19	0.6770464181900024
EN_389	20	0.4019359052181244
EN_389	21	0.21903029084205627
EN_389	22	0.22619646787643433
EN_389	23	0.12717504799365997
EN_389	24	0.6999810338020325
EN_389	25	0.8464668989181519
EN_389	26	0.5585672855377197
EN_390	1	0.4881487488746643
EN_390	2	0.39516013860702515
EN_390	3	0.6676339507102966
EN_390	4	0.7214398980140686
EN_390	5	0.060232046991586685
EN_390	6	0.4587397277355194
EN_390	7	0.5264139771461487
EN_390	8	0.43857765197753906
EN_390	9	0.40957528352737427
EN_390	10	0.6687792539596558
EN_390	11	0.6536999344825745
EN_390	12	0.4794352054595947
EN_390	13	0.30067452788352966
EN_390	14	0.541089653968811
EN_390	15	0.8086873292922974
EN_390	16	0.5861647725105286
EN_390	17	0.39327478408813477
EN_390	18	0.5264058709144592
EN_390	19	0.6188000440597534
EN_390	20	0.45119768381118774
EN_M_003	1	0.8689872622489929
EN_M_003	2	0.38686254620552063
EN_M_003	3	0.6604354381561279
EN_M_003	4	0.452673077583313
EN_M_003	5	0.5446537733078003
EN_M_003	6	0.36725640296936035
EN_M_003	7	0.9274534583091736
EN_M_003	8	0.3110204339027405
EN_M_003	9	0.3467462956905365
EN_M_003	10	0.40012890100479126
EN_M_003	11	0.2846158444881439
EN_M_003	12	0.40012142062187195
EN_M_003	13	0.3168780207633972
EN_M_003	14	0.1232234388589859
EN_M_003	15	0.7975054979324341
EN_M_003	16	0.5222508907318115
EN_M_003	17	0.6937845945358276
EN_M_003	18	0.29144522547721863
EN_M_003	19	0.7954128980636597
EN_M_003	20	0.3633066415786743
EN_M_003	21	0.35627448558807373
EN_M_003	22	0.6742755174636841
EN_M_003	23	0.5372719168663025
EN_M_003	24	0.5085934400558472
EN_M_003	25	0.13546964526176453
EN_M_003	26	0.7592290639877319
EN_M_003	27	0.4999118149280548
EN_M_003	28	0.6487523317337036
EN_M_003	29	0.27894043922424316
EN_M_003	30	0.42020443081855774
EN_M_006	1	0.29749390482902527
EN_M_006	2	0.7073684930801392
EN_M_006	3	0.5383956432342529
EN_M_006	4	0.8719001412391663
EN_M_006	5	0.7107407450675964
EN_M_006	6	0.6196081638336182
EN_M_006	7	0.6940900683403015
EN_M_006	8	0.5887134671211243
EN_M_006	9	0.6694309115409851
EN_M_006	10	0.5843950510025024
EN_M_006	11	0.7932433485984802
EN_M_006	12	0.5642279982566833
EN_M_006	13	0.8052693605422974
EN_M_006	14	0.7166448831558228
EN_M_006	15	0.9052984118461609
EN_M_006	16	0.7901675701141357
EN_M_006	17	0.7346866130828857
EN_M_006	18	0.7061201333999634
EN_M_006	19	0.7624450325965881
EN_M_006	20	0.4883085787296295
EN_M_006	21	0.7761001586914062
EN_M_006	22	0.5387648344039917
EN_M_006	23	0.07737017422914505
EN_M_007	1	0.7580308318138123
EN_M_007	2	0.7482478618621826
EN_M_007	3	0.5140618681907654
EN_M_007	4	0.6172772645950317
EN_M_007	5	0.4264765679836273
EN_M_007	6	0.48857489228248596
EN_M_007	7	0.8993731141090393
EN_M_007	8	0.26401880383491516
EN_M_007	9	0.6341368556022644
EN_M_007	10	0.885140061378479
EN_M_007	11	0.7771913409233093
EN_M_007	12	0.06527145206928253
EN_M_007	13	0.9500437378883362
EN_M_007	14	0.7400895953178406
EN_M_007	15	0.8583168983459473
EN_M_007	16	0.3370947539806366
EN_M_007	17	0.8174158930778503
EN_M_011	1	0.06052698940038681
EN_M_011	2	0.637549638748169
EN_M_011	3	0.9283543229103088
EN_M_011	4	0.717633843421936
EN_M_011	5	0.7812904715538025
EN_M_011	6	0.9733158349990845
EN_M_011	7	0.8666697144508362
EN_M_011	8	0.5450876355171204
EN_M_011	9	0.6814414858818054
EN_M_011	10	0.7436776757240295
EN_M_011	11	0.9504969716072083
EN_M_011	12	0.7134581208229065
EN_M_011	13	0.9809702038764954
EN_M_011	14	0.9869495034217834
EN_M_011	15	0.41491127014160156
EN_M_011	16	0.2735763192176819
EN_M_011	17	0.40591710805892944
EN_M_011	18	0.37640976905822754
EN_M_011	19	0.37270116806030273
EN_M_011	20	0.22746144235134125
EN_M_011	21	0.5546842217445374
EN_M_011	22	0.6076287031173706
EN_M_011	23	0.30936309695243835
EN_M_011	24	0.9187538027763367
EN_M_011	25	0.5566766858100891
EN_M_011	26	0.9201840162277222
EN_M_011	27	0.7073493599891663
EN_M_011	28	0.8112325072288513
EN_M_011	29	0.42233747243881226
EN_M_011	30	0.9416694641113281
EN_M_011	31	0.7309167981147766
EN_M_011	32	0.5635216236114502
EN_M_011	33	0.7700365781784058
EN_M_013	1	0.47290998697280884
EN_M_013	2	0.8070639967918396
EN_M_013	3	0.459166020154953
EN_M_013	4	0.3990378975868225
EN_M_013	5	0.7627584338188171
EN_M_013	6	0.43309515714645386
EN_M_013	7	0.5160369873046875
EN_M_013	8	0.7169666886329651
EN_M_013	9	0.9617202877998352
EN_M_013	10	0.5394279956817627
EN_M_013	11	0.4382438063621521
EN_M_013	12	0.5218513011932373
EN_M_013	13	0.8026247620582581
EN_M_013	14	0.21458935737609863
EN_M_013	15	0.5580921769142151
EN_M_013	16	0.40341678261756897
EN_M_013	17	0.130655437707901
EN_M_013	18	0.2918320298194885
EN_M_013	19	0.11541207134723663
EN_M_013	20	0.24859052896499634
EN_M_013	21	0.7603389024734497
EN_M_013	22	0.8859454989433289
EN_M_013	23	0.08996249735355377
EN_M_013	24	0.8333771824836731
EN_M_013	25	0.3973844349384308
EN_M_013	26	0.24296586215496063
EN_M_013	27	0.8182328343391418
EN_M_013	28	0.6360759735107422
EN_M_013	29	0.5637407898902893
EN_M_013	30	0.2262364774942398
EN_M_013	31	0.1038568839430809
EN_M_013	32	0.41689759492874146
EN_M_013	33	0.14984852075576782
EN_M_013	34	0.42359793186187744
EN_M_013	35	0.5191712379455566
EN_M_013	36	0.8333088159561157
EN_M_013	37	0.5668779015541077
EN_M_013	38	0.885104775428772
EN_M_013	39	0.6398624181747437
EN_M_013	40	0.34360840916633606
EN_M_013	41	0.5932359099388123
EN_M_013	42	0.8233322501182556
EN_M_013	43	0.39025458693504333
EN_M_013	44	0.4252527058124542
EN_M_013	45	0.5642780065536499
EN_M_013	46	0.9345594048500061
EN_M_013	47	0.6842442750930786
EN_M_013	48	0.38601863384246826
EN_M_013	49	0.03490633890032768
EN_M_013	50	0.5777696967124939
EN_M_013	51	0.5769866704940796
EN_M_013	52	0.6298268437385559
EN_M_013	53	0.5198282599449158
EN_M_013	54	0.019708499312400818
EN_M_021	1	0.5645092725753784
EN_M_021	2	0.6226615309715271
EN_M_021	3	0.4167376458644867
EN_M_021	4	0.4258941411972046
EN_M_021	5	0.837732195854187
EN_M_021	6	0.4445854425430298
EN_M_021	7	0.35226935148239136
EN_M_021	8	0.3573753237724304
EN_M_021	9	0.3808535933494568
EN_M_021	10	0.5775082111358643
EN_M_021	11	0.34199872612953186
EN_M_021	12	0.49348515272140503
EN_M_021	13	0.5217096209526062
EN_M_021	14	0.6497741937637329
EN_M_021	15	0.7230129241943359
EN_M_021	16	0.4705231487751007
EN_M_021	17	0.6713094711303711
EN_M_021	18	0.557230532169342
EN_M_021	19	0.9326496124267578
EN_M_021	20	0.6649333834648132
EN_M_021	21	0.4928479492664337
EN_M_021	22	0.7598460912704468
EN_M_021	23	0.903928279876709
EN_M_021	24	0.49426260590553284
EN_M_021	25	0.9658436179161072
EN_M_032	1	0.8250296115875244
EN_M_032	2	0.9174330830574036
EN_M_032	3	0.6636317372322083
EN_M_032	4	0.8800801634788513
EN_M_032	5	0.8895623087882996
EN_M_032	6	0.9238141179084778
EN_M_032	7	0.50401771068573
EN_M_032	8	0.3262135088443756
EN_M_032	9	0.49804234504699707
EN_M_032	10	0.7044713497161865
EN_M_032	11	0.15280424058437347
EN_M_032	12	0.03506685048341751
EN_M_032	13	0.1987277865409851
EN_M_032	14	0.48503801226615906
EN_M_032	15	0.2835777699947357
EN_M_032	16	0.542158305644989
EN_M_032	17	0.30761605501174927
EN_M_032	18	0.5901156067848206
EN_M_032	19	0.7139636278152466
FR_001	1	0.8254818916320801
FR_001	2	0.6165063977241516
FR_001	3	0.6240158081054688
FR_001	4	0.34459447860717773
FR_001	5	0.785668134689331
FR_001	6	0.5700927972793579
FR_001	7	0.6714063882827759
FR_001	8	0.7177210450172424
FR_001	9	0.830788254737854
FR_001	10	0.09703997522592545
FR_001	11	0.9509944319725037
FR_001	12	0.7056235671043396
FR_002	1	0.7538955807685852
FR_002	2	0.015653807669878006
FR_002	3	0.41534143686294556
FR_002	4	0.8287423253059387
FR_002	5	0.8593733310699463
FR_002	6	0.9353088140487671
FR_002	7	0.7366759777069092
FR_002	8	0.3463665246963501
FR_002	9	0.8349600434303284
FR_002	10	0.14721159636974335
FR_002	11	0.7898840308189392
FR_002	12	0.8523710370063782
FR_002	13	0.403249591588974
FR_002	14	0.06886149197816849
FR_002	15	0.7571171522140503
FR_002	16	0.4967019855976105
FR_002	17	0.9037414789199829
FR_002	18	0.2531402111053467
FR_006	1	0.3930879235267639
FR_006	2	0.7068649530410767
FR_006	3	0.7763567566871643
FR_006	4	0.39518627524375916
FR_006	5	0.6074635982513428
FR_006	6	0.6191416382789612
FR_006	7	0.7350287437438965
FR_006	8	0.8858209848403931
FR_006	9	0.7136474847793579
FR_006	10	0.23302201926708221
FR_006	11	0.6752499341964722
FR_006	12	0.6533464789390564
FR_006	13	0.7803888320922852
FR_006	14	0.5125800967216492
FR_006	15	0.5125734210014343
FR_006	16	0.3883282542228699
FR_006	17	0.4250240623950958
FR_006	18	0.5031639337539673
FR_006	19	0.6759739518165588
FR_006	20	0.8435826897621155
FR_006	21	0.41884326934814453
FR_006	22	0.422735333442688
FR_006	23	0.41159698367118835
FR_006	24	0.744787335395813
FR_006	25	0.5704824924468994
FR_008	1	0.2596847116947174
FR_008	2	0.9472468495368958
FR_008	3	0.11452742666006088
FR_008	4	0.8803845643997192
FR_008	5	0.21063220500946045
FR_008	6	0.9540184736251831
FR_008	7	0.5754909515380859
FR_008	8	0.114455446600914
FR_008	9	0.9472468495368958
FR_008	10	0.6292797923088074
FR_008	11	0.5754909515380859
FR_008	12	0.114455446600914
FR_009	1	0.9440188407897949
FR_009	2	0.7151564955711365
FR_009	3	0.021228257566690445
FR_009	4	0.1930062621831894
FR_009	5	0.045981671661138535
FR_009	6	0.054942503571510315
FR_009	7	0.002368723275139928
FR_009	8	0.05934322252869606
FR_009	9	0.07112734764814377
FR_009	10	0.6681075096130371
FR_009	11	0.7895572185516357
FR_009	12	0.017710773274302483
FR_009	13	0.10301676392555237
FR_009	14	0.019828567281365395
FR_009	15	0.5274707674980164
FR_009	16	0.5593021512031555
FR_009	17	0.8909655213356018
FR_009	18	0.13536570966243744
FR_009	19	0.013233976438641548
FR_013	1	0.28679415583610535
FR_013	2	0.016076242551207542
FR_013	3	0.22202737629413605
FR_013	4	0.018099917098879814
FR_013	5	0.07096731662750244
FR_013	6	0.12933866679668427
FR_013	7	0.08720742911100388
FR_013	8	0.14787249267101288
FR_013	9	0.005451624281704426
FR_013	10	0.851446270942688
FR_013	11	0.12978540360927582
FR_013	12	0.00737126637250185
FR_013	13	0.42871105670928955
FR_013	14	0.0074424417689442635
FR_013	15	0.1359405815601349
FR_013	16	0.11713731288909912
FR_013	17	0.5070806741714478
FR_013	18	0.07139937579631805
FR_019	1	0.12737467885017395
FR_019	2	0.01693163625895977
FR_019	3	0.10164081305265427
FR_019	4	0.5537419319152832
FR_019	5	0.022464795038104057
FR_019	6	0.8291001319885254
FR_019	7	0.282981276512146
FR_019	8	0.25569581985473633
FR_019	9	0.006779273971915245
FR_019	10	0.45828714966773987
FR_019	11	0.41231101751327515
FR_019	12	0.9037427306175232
FR_019	13	0.27804258465766907
FR_019	14	0.1647012084722519
FR_019	15	0.6629920601844788
FR_019	16	0.9078956246376038
FR_019	17	0.035948313772678375
FR_019	18	0.060160618275403976
FR_019	19	0.7003325819969177
FR_019	20	0.49168485403060913
FR_020	1	0.2790111303329468
FR_020	2	0.21147137880325317
FR_020	3	0.8008188009262085
FR_020	4	0.2417771816253662
FR_020	5	0.06833550333976746
FR_020	6	0.9417445063591003
FR_020	7	0.14300718903541565
FR_020	8	0.5271929502487183
FR_020	9	0.07079175114631653
FR_020	10	0.3633389472961426
FR_020	11	0.3446085751056671
FR_020	12	0.07244960218667984
FR_020	13	0.1383173167705536
FR_020	14	0.25853440165519714
FR_020	15	0.5602706670761108
FR_020	16	0.26793813705444336
FR_020	17	0.40630000829696655
FR_020	18	0.6901506185531616
FR_020	19	0.22188541293144226
FR_020	20	0.924254834651947
FR_020	21	0.9026626348495483
FR_020	22	0.13959895074367523
FR_026	1	0.5281230211257935
FR_026	2	0.5287925601005554
FR_026	3	0.1891499161720276
FR_026	4	0.37636449933052063
FR_026	5	0.9059156775474548
FR_026	6	0.3136264383792877
FR_026	7	0.9049581289291382
FR_026	8	0.8912320137023926
FR_026	9	0.652977466583252
FR_026	10	0.5649160742759705
FR_026	11	0.08408799022436142
FR_026	12	0.5091210007667542
FR_026	13	0.5109695196151733
FR_026	14	0.550615131855011
FR_026	15	0.808020293712616
FR_026	16	0.5368428230285645
FR_026	17	0.14456722140312195
FR_026	18	0.37398761510849
FR_026	19	0.5607658624649048
FR_027	1	0.09846610575914383
FR_027	2	0.3978287875652313
FR_027	3	0.018278345465660095
FR_027	4	0.7924882173538208
FR_027	5	0.49529170989990234
FR_027	6	0.05887975916266441
FR_027	7	0.9239345788955688
FR_027	8	0.5983242988586426
FR_027	9	0.23926249146461487
FR_027	10	0.46441733837127686
FR_027	11	0.7233906984329224
FR_027	12	0.3050941228866577
FR_027	13	0.18951520323753357
FR_027	14	0.8359524607658386
FR_027	15	0.41630974411964417
FR_027	16	0.4661564826965332
FR_027	17	0.7656168341636658
FR_027	18	0.5405520796775818
FR_027	19	0.8271587491035461
FR_027	20	0.9535497426986694
FR_027	21	0.4100857079029083
FR_027	22	0.8169183731079102
FR_027	23	0.4009378254413605
FR_027	24	0.9386287927627563
FR_027	25	0.7523601651191711
FR_027	26	0.8843775987625122
FR_027	27	0.6571104526519775
FR_027	28	0.9416257739067078
FR_027	29	0.5577817559242249
FR_027	30	0.4510578513145447
FR_030	1	0.019487392157316208
FR_030	2	0.2209182232618332
FR_030	3	0.9210938215255737
FR_030	4	0.004890204407274723
FR_030	5	0.5989378690719604
FR_030	6	0.01770169846713543
FR_030	7	0.4542785584926605
FR_030	8	0.8511477112770081
FR_030	9	0.6700243353843689
FR_030	10	0.09871304780244827
FR_030	11	0.831027626991272
FR_030	12	0.050743468105793
FR_030	13	0.9788181781768799
FR_030	14	0.027567170560359955
FR_030	15	0.8874812126159668
FR_030	16	0.0552351213991642
FR_030	17	0.0027556063141673803
FR_030	18	0.9752494096755981
FR_030	19	0.13938599824905396
FR_030	20	0.3467811346054077
FR_030	21	0.7758582234382629
FR_031	1	0.8345685601234436
FR_031	2	0.3909514248371124
FR_031	3	0.9627561569213867
FR_031	4	0.25953176617622375
FR_031	5	0.9060282111167908
FR_031	6	0.4781120717525482
FR_031	7	0.6647192239761353
FR_031	8	0.07954733818769455
FR_031	9	0.2405318021774292
FR_031	10	0.3988053798675537
FR_031	11	0.45036497712135315
FR_031	12	0.7570092082023621
FR_031	13	0.7254268527030945
FR_031	14	0.7991085648536682
FR_031	15	0.8344196677207947
FR_031	16	0.28712520003318787
FR_031	17	0.4071204662322998
FR_034	1	0.7300654053688049
FR_034	2	0.14546245336532593
FR_034	3	0.04083631932735443
FR_034	4	0.009057844057679176
FR_034	5	0.22828884422779083
FR_034	6	0.26864591240882874
FR_034	7	0.31210294365882874
FR_034	8	0.9514710903167725
FR_034	9	0.07471346855163574
FR_034	10	0.656182587146759
FR_034	11	0.025200333446264267
FR_034	12	0.40955761075019836
FR_034	13	0.6148584485054016
FR_034	14	0.9872351288795471
FR_034	15	0.5928351283073425
FR_034	16	0.05437852069735527
FR_034	17	0.14150558412075043
FR_034	18	0.13603226840496063
FR_034	19	0.5485556125640869
FR_034	20	0.022635232657194138
FR_034	21	0.961250901222229
FR_034	22	0.18456268310546875
FR_034	23	0.1275833696126938
FR_034	24	0.7227817177772522
FR_036	1	0.8702425956726074
FR_036	2	0.820704460144043
FR_036	3	0.29611191153526306
FR_036	4	0.03885439783334732
FR_036	5	0.1061943843960762
FR_036	6	0.09546817094087601
FR_036	7	0.07429578900337219
FR_036	8	0.33973264694213867
FR_036	9	0.1414705216884613
FR_036	10	0.14507439732551575
FR_036	11	0.043298445641994476
FR_036	12	0.564896821975708
FR_036	13	0.1343318670988083
FR_036	14	0.9715105891227722
FR_036	15	0.9900750517845154
FR_036	16	0.03177909180521965
FR_036	17	0.48866504430770874
FR_036	18	0.025375597178936005
FR_036	19	0.6009300947189331
FR_036	20	0.11895477771759033
FR_036	21	0.45360544323921204
FR_036	22	0.6896911263465881
FR_036	23	0.058214280754327774
FR_036	24	0.43523627519607544
FR_036	25	0.9242039322853088
FR_036	26	0.38513681292533875
FR_036	27	0.43226903676986694
FR_036	28	0.23877233266830444
FR_036	29	0.876126766204834
FR_036	30	0.36720120906829834
FR_036	31	0.97056645154953
FR_036	32	0.8444403409957886
FR_049	1	0.8505168557167053
FR_049	2	0.2965163290500641
FR_049	3	0.9312207698822021
FR_049	4	0.7822244763374329
FR_049	5	0.8708473443984985
FR_049	6	0.932072639465332
FR_049	7	0.7858178615570068
FR_049	8	0.7860889434814453
FR_049	9	0.031217504292726517
FR_049	10	0.4319935142993927
FR_049	11	0.059638891369104385
FR_049	12	0.0144632114097476
FR_049	13	0.8311508893966675
FR_049	14	0.18101204931735992
FR_049	15	0.7618027925491333
FR_049	16	0.9841099977493286
FR_049	17	0.0168001651763916
FR_049	18	0.58372563123703
FR_049	19	0.9567172527313232
FR_054	1	0.009180238470435143
FR_054	2	0.02634112723171711
FR_054	3	0.06815504282712936
FR_054	4	0.05753853917121887
FR_054	5	0.09104941785335541
FR_054	6	0.1816568225622177
FR_054	7	0.06286121159791946
FR_054	8	0.3858872950077057
FR_054	9	0.5907595157623291
FR_054	10	0.1390661597251892
FR_054	11	0.7623114585876465
FR_054	12	0.6398060917854309
FR_054	13	0.2587895691394806
FR_054	14	0.16019095480442047
FR_054	15	0.5126391053199768
FR_054	16	0.20962940156459808
FR_057	1	0.04241050034761429
FR_057	2	0.3493403196334839
FR_057	3	0.8986194133758545
FR_057	4	0.6991478204727173
FR_057	5	0.06267329305410385
FR_057	6	0.6434008479118347
FR_057	7	0.007500607054680586
FR_057	8	0.13530045747756958
FR_057	9	0.8025417923927307
FR_057	10	0.1685897409915924
FR_057	11	0.37688061594963074
FR_057	12	0.6871280670166016
FR_057	13	0.13983072340488434
FR_057	14	0.0050010341219604015
FR_057	15	0.8653185963630676
FR_057	16	0.7945197820663452
FR_057	17	0.5448674559593201
FR_057	18	0.13820412755012512
FR_057	19	0.70538729429245
FR_057	20	0.907604992389679
FR_057	21	0.6816685795783997
FR_057	22	0.8301934003829956
FR_057	23	0.22983117401599884
FR_057	24	0.7587089538574219
FR_057	25	0.8734161257743835
FR_057	26	0.19379696249961853
FR_057	27	0.25749775767326355
FR_057	28	0.8232735395431519
FR_057	29	0.09130740165710449
FR_057	30	0.08116284012794495
FR_057	31	0.6948303580284119
FR_057	32	0.419971227645874
FR_057	33	0.14983178675174713
FR_058	1	0.06949871778488159
FR_058	2	0.44277632236480713
FR_058	3	0.6751199960708618
FR_058	4	0.8361535668373108
FR_058	5	0.6438412070274353
FR_058	6	0.09065135568380356
FR_058	7	0.19435258209705353
FR_058	8	0.0073148105293512344
FR_058	9	0.0537809319794178
FR_058	10	0.5310248732566833
FR_058	11	0.3252241015434265
FR_058	12	0.010963615030050278
FR_058	13	0.7893053889274597
FR_058	14	0.873405933380127
FR_058	15	0.2649395763874054
FR_058	16	0.5937569737434387
FR_058	17	0.6369621157646179
FR_058	18	0.1771133691072464
FR_058	19	0.725789487361908
FR_058	20	0.7276473045349121
FR_058	21	0.6022971868515015
FR_063	1	0.37258288264274597
FR_063	2	0.46062588691711426
FR_063	3	0.46086522936820984
FR_063	4	0.41457808017730713
FR_063	5	0.8975226283073425
FR_063	6	0.6804097890853882
FR_063	7	0.6011162400245667
FR_063	8	0.7862624526023865
FR_063	9	0.09714631736278534
FR_063	10	0.16153983771800995
FR_063	11	0.04681340605020523
FR_063	12	0.5131344795227051
FR_063	13	0.419961154460907
FR_063	14	0.5172528624534607
FR_063	15	0.42840084433555603
FR_063	16	0.1622464507818222
FR_063	17	0.37089887261390686
FR_063	18	0.17428624629974365
FR_063	19	0.7241252660751343
FR_063	20	0.4514794945716858
FR_063	21	0.30521321296691895
FR_063	22	0.9526646137237549
FR_063	23	0.5012688636779785
FR_063	24	0.4755626320838928
FR_063	25	0.5660704970359802
FR_063	26	0.39941802620887756
FR_063	27	0.3953763246536255
FR_063	28	0.5164491534233093
FR_063	29	0.3045407831668854
FR_063	30	0.4719429612159729
FR_074	1	0.07944827526807785
FR_074	2	0.03450542688369751
FR_074	3	0.6271831393241882
FR_074	4	0.06069227308034897
FR_074	5	0.38352641463279724
FR_074	6	0.032694268971681595
FR_074	7	0.29253676533699036
FR_074	8	0.8565009236335754
FR_074	9	0.62669438123703
FR_074	10	0.9705670475959778
FR_074	11	0.9942717552185059
FR_074	12	0.0017340428894385695
FR_074	13	0.35419413447380066
FR_074	14	0.886124849319458
FR_074	15	0.07473895698785782
FR_074	16	0.5543512105941772
FR_074	17	0.011045188643038273
FR_074	18	0.2784850597381592
FR_074	19	0.826515793800354
FR_074	20	0.6402826309204102
FR_074	21	0.7162744998931885
FR_074	22	0.9674545526504517
FR_074	23	0.0033184904605150223
FR_076	1	0.9906348586082458
FR_076	2	0.9902414679527283
FR_076	3	0.9861019849777222
FR_076	4	0.8906717300415039
FR_076	5	0.9909083247184753
FR_076	6	0.7603244781494141
FR_076	7	0.37363454699516296
FR_076	8	0.947064220905304
FR_076	9	0.8829240202903748
FR_076	10	0.9536232352256775
FR_076	11	0.7208386659622192
FR_076	12	0.9175734519958496
FR_076	13	0.9910473227500916
FR_076	14	0.16944384574890137
FR_079	1	0.09643447399139404
FR_079	2	0.6885265111923218
FR_079	3	0.11821068078279495
FR_079	4	0.441418319940567
FR_079	5	0.07224902510643005
FR_079	6	0.7928726077079773
FR_079	7	0.008901488035917282
FR_079	8	0.003529028035700321
FR_079	9	0.6660650372505188
FR_079	10	0.04660003259778023
FR_079	11	0.11912314593791962
FR_079	12	0.05663403123617172
FR_079	13	0.5894210338592529
FR_079	14	0.22071589529514313
FR_079	15	0.5575686097145081
FR_079	16	0.3878604471683502
FR_079	17	0.08076773583889008
FR_079	18	0.07592074573040009
FR_079	19	0.01954464800655842
FR_079	20	0.0156037462875247
FR_079	21	0.003629114478826523
FR_079	22	0.5331222414970398
FR_086	1	0.05040295422077179
FR_086	2	0.03125520050525665
FR_086	3	0.033830638974905014
FR_086	4	0.16516977548599243
FR_086	5	0.23468628525733948
FR_086	6	0.9191440939903259
FR_086	7	0.051339585334062576
FR_086	8	0.174811452627182
FR_086	9	0.05050808936357498
FR_086	10	0.7599683403968811
FR_086	11	0.1701076775789261
FR_086	12	0.15532921254634857
FR_086	13	0.06392717361450195
FR_086	14	0.8173879981040955
FR_086	15	0.14193937182426453
FR_086	16	0.7256222367286682
FR_086	17	0.49337705969810486
FR_086	18	0.11289285868406296
FR_086	19	0.21679922938346863
FR_086	20	0.05984368920326233
FR_086	21	0.019624527543783188
FR_086	22	0.08636946231126785
FR_086	23	0.5518742799758911
FR_086	24	0.6759713888168335
FR_087	1	0.06724190711975098
FR_087	2	0.10432898253202438
FR_087	3	0.6612391471862793
FR_087	4	0.01773105002939701
FR_087	5	0.1389811635017395
FR_087	6	0.10604235529899597
FR_087	7	0.2804059386253357
FR_087	8	0.03500257432460785
FR_087	9	0.800437867641449
FR_087	10	0.46364250779151917
FR_087	11	0.7351404428482056
FR_087	12	0.7145450115203857
FR_087	13	0.6901383996009827
FR_087	14	0.9393243789672852
FR_087	15	0.40226131677627563
FR_094	1	0.32961416244506836
FR_094	2	0.7801940441131592
FR_094	3	0.36284106969833374
FR_094	4	0.9074719548225403
FR_094	5	0.9087551832199097
FR_094	6	0.7314814329147339
FR_094	7	0.6056397557258606
FR_094	8	0.7830440402030945
FR_094	9	0.15192607045173645
FR_094	10	0.13932830095291138
FR_094	11	0.19622118771076202
FR_094	12	0.8634974956512451
FR_094	13	0.8092514276504517
FR_094	14	0.8613665103912354
FR_094	15	0.09869031608104706
FR_094	16	0.9205945134162903
FR_094	17	0.09443769603967667
FR_094	18	0.49527573585510254
FR_094	19	0.28659215569496155
FR_094	20	0.7380934357643127
FR_094	21	0.4708173871040344
FR_094	22	0.4000559449195862
FR_094	23	0.5574377179145813
FR_094	24	0.4807814359664917
FR_094	25	0.6390674710273743
FR_094	26	0.7794020175933838
FR_094	27	0.21261492371559143
FR_106	1	0.6982675790786743
FR_106	2	0.013934040442109108
FR_106	3	0.2949644923210144
FR_106	4	0.6369572877883911
FR_106	5	0.3312170207500458
FR_106	6	0.861876368522644
FR_106	7	0.013241337612271309
FR_106	8	0.15038923919200897
FR_106	9	0.8863148093223572
FR_106	10	0.3424607813358307
FR_106	11	0.18033894896507263
FR_106	12	0.8363126516342163
FR_106	13	0.20551861822605133
FR_106	14	0.14016106724739075
FR_106	15	0.9222574830055237
FR_106	16	0.9099643230438232
FR_106	17	0.07099709659814835
FR_106	18	0.0991070419549942
FR_106	19	0.03714606165885925
FR_106	20	0.05571342259645462
FR_106	21	0.005619620904326439
FR_106	22	0.09026658535003662
FR_106	23	0.8182095289230347
FR_106	24	0.6964300274848938
FR_106	25	0.9315400719642639
FR_106	26	0.42333149909973145
FR_106	27	0.700758159160614
FR_106	28	0.0018669820856302977
FR_106	29	0.23991848528385162
FR_118	1	0.012199372984468937
FR_118	2	0.04857878014445305
FR_118	3	0.310590535402298
FR_118	4	0.08903627097606659
FR_118	5	0.839049756526947
FR_118	6	0.9492669105529785
FR_118	7	0.023621290922164917
FR_118	8	0.27858448028564453
FR_118	9	0.003957805223762989
FR_118	10	0.0030773135367780924
FR_118	11	0.022276146337389946
FR_118	12	0.3874390125274658
FR_118	13	0.009639236144721508
FR_118	14	0.9158220887184143
FR_118	15	0.3803052008152008
FR_118	16	0.06748206168413162
FR_118	17	0.09162400662899017
FR_118	18	0.04241079092025757
FR_118	19	0.007528309710323811
FR_118	20	0.0020927556324750185
FR_118	21	0.37151381373405457
FR_118	22	0.37845709919929504
FR_118	23	0.019407333806157112
FR_118	24	0.08093123137950897
FR_123	1	0.9124780893325806
FR_123	2	0.44714727997779846
FR_123	3	0.1655808836221695
FR_123	4	0.774298906326294
FR_123	5	0.06991466134786606
FR_123	6	0.07274644076824188
FR_123	7	0.578536868095398
FR_123	8	0.7719355821609497
FR_123	9	0.03939148783683777
FR_123	10	0.04952885955572128
FR_123	11	0.8906657695770264
FR_123	12	0.05359356105327606
FR_123	13	0.09537749737501144
FR_123	14	0.35725992918014526
FR_123	15	0.8418689370155334
FR_123	16	0.012852417305111885
FR_123	17	0.5133800506591797
FR_123	18	0.28521645069122314
FR_123	19	0.7712701559066772
FR_123	20	0.5673824548721313
FR_123	21	0.0692819282412529
FR_123	22	0.4599640965461731
FR_123	23	0.4632117748260498
FR_123	24	0.8884949684143066
FR_123	25	0.12589263916015625
FR_123	26	0.9106838703155518
FR_123	27	0.618424117565155
FR_123	28	0.07418390363454819
FR_123	29	0.920301616191864
FR_123	30	0.603588879108429
FR_123	31	0.6512411832809448
FR_123	32	0.6976214647293091
FR_123	33	0.7820249199867249
FR_143	1	0.15406407415866852
FR_143	2	0.049459345638751984
FR_143	3	0.8917242884635925
FR_143	4	0.4342891573905945
FR_143	5	0.15685726702213287
FR_143	6	0.47163650393486023
FR_143	7	0.08862581104040146
FR_143	8	0.021979408338665962
FR_143	9	0.00241661979816854
FR_143	10	0.7591619491577148
FR_143	11	0.8183655142784119
FR_143	12	0.6066489815711975
FR_143	13	0.69802325963974
FR_143	14	0.17662757635116577
FR_143	15	0.43192705512046814
FR_143	16	0.6879980564117432
FR_143	17	0.2560208737850189
FR_143	18	0.7412912845611572
FR_143	19	0.006062803789973259
FR_143	20	0.9366483092308044
FR_143	21	0.03892151638865471
FR_143	22	0.9641855359077454
FR_143	23	0.09782093018293381
FR_143	24	0.9769870042800903
FR_143	25	0.9853954911231995
FR_143	26	0.7174122333526611
FR_143	27	0.06141704320907593
FR_143	28	0.09990575164556503
FR_143	29	0.21780721843242645
FR_143	30	0.4772205650806427
FR_176	1	0.7345665693283081
FR_176	2	0.3611578345298767
FR_176	3	0.04004840552806854
FR_176	4	0.06968170404434204
FR_176	5	0.6363875865936279
FR_176	6	0.043204449117183685
FR_176	7	0.0753844827413559
FR_176	8	0.14809037744998932
FR_176	9	0.4926058053970337
FR_176	10	0.014206423424184322
FR_176	11	0.00636681541800499
FR_176	12	0.19704145193099976
FR_176	13	0.2234519124031067
FR_176	14	0.18959245085716248
FR_176	15	0.5226823687553406
FR_176	16	0.6527442336082458
FR_176	17	0.05587524175643921
FR_176	18	0.11683306097984314
FR_176	19	0.005274752154946327
FR_176	20	0.5339231491088867
FR_176	21	0.8673278093338013
FR_176	22	0.08960729837417603
FR_176	23	0.013177107088267803
FR_176	24	0.02265830524265766
FR_176	25	0.023668356239795685
FR_176	26	0.11683306097984314
FR_176	27	0.17273429036140442
FR_176	28	0.06979645788669586
FR_176	29	0.15621303021907806
FR_176	30	0.8021391034126282
FR_176	31	0.046451304107904434
FR_176	32	0.9192553758621216
FR_182	1	0.7880328297615051
FR_182	2	0.9108266830444336
FR_182	3	0.4786849915981293
FR_182	4	0.8631693720817566
FR_182	5	0.0693284422159195
FR_182	6	0.796047031879425
FR_182	7	0.21481138467788696
FR_182	8	0.07679375261068344
FR_182	9	0.4471559524536133
FR_182	10	0.4964408874511719
FR_182	11	0.6932209134101868
FR_182	12	0.8219218254089355
FR_182	13	0.07868295162916183
FR_182	14	0.061786144971847534
FR_182	15	0.7508669495582581
FR_182	16	0.041768040508031845
FR_182	17	0.2745971977710724
FR_182	18	0.7923343777656555
FR_185	1	0.6774521470069885
FR_185	2	0.03130020573735237
FR_185	3	0.20753087103366852
FR_185	4	0.11100046336650848
FR_185	5	0.7640926241874695
FR_185	6	0.4976199269294739
FR_185	7	0.9010421633720398
FR_185	8	0.8951795697212219
FR_185	9	0.17086778581142426
FR_185	10	0.8054173588752747
FR_185	11	0.32551342248916626
FR_185	12	0.7876944541931152
FR_185	13	0.07240978628396988
FR_185	14	0.06917337328195572
FR_185	15	0.6909104585647583
FR_185	16	0.8968722224235535
FR_185	17	0.010176673531532288
FR_185	18	0.02956382744014263
FR_185	19	0.2919565737247467
FR_185	20	0.6370551586151123
FR_185	21	0.12948647141456604
FR_185	22	0.45792970061302185
FR_185	23	0.706545889377594
FR_185	24	0.6696169972419739
FR_185	25	0.2525351047515869
FR_185	26	0.06261931359767914
FR_185	27	0.3096469044685364
FR_185	28	0.6144143342971802
FR_185	29	0.5788435935974121
FR_185	30	0.12153471261262894
FR_185	31	0.1821632981300354
FR_185	32	0.04816499352455139
FR_185	33	0.3945833742618561
FR_185	34	0.6963598728179932
FR_185	35	0.46701306104660034
FR_185	36	0.5603938698768616
FR_185	37	0.9557710886001587
FR_185	38	0.7268813848495483
FR_193	1	0.42305028438568115
FR_193	2	0.4098030626773834
FR_193	3	0.37846532464027405
FR_193	4	0.4706328511238098
FR_193	5	0.12472648173570633
FR_193	6	0.4449901878833771
FR_193	7	0.16689175367355347
FR_193	8	0.33677318692207336
FR_193	9	0.08723113685846329
FR_193	10	0.4038745164871216
FR_193	11	0.5219801068305969
FR_193	12	0.2106897234916687
FR_193	13	0.3324770927429199
FR_193	14	0.21663203835487366
FR_193	15	0.4742909073829651
FR_193	16	0.4263630509376526
FR_193	17	0.22703871130943298
FR_193	18	0.5371195673942566
FR_193	19	0.7429333925247192
FR_193	20	0.26028919219970703
FR_193	21	0.4961177408695221
FR_193	22	0.28604423999786377
FR_193	23	0.6776586174964905
FR_193	24	0.3540394604206085
FR_193	25	0.49612361192703247
FR_193	26	0.4444139301776886
FR_208	1	0.15799285471439362
FR_208	2	0.5443469882011414
FR_208	3	0.9721198678016663
FR_208	4	0.410631388425827
FR_208	5	0.5122434496879578
FR_208	6	0.6961800456047058
FR_208	7	0.35448816418647766
FR_208	8	0.3113063871860504
FR_208	9	0.4117277264595032
FR_208	10	0.30121153593063354
FR_208	11	0.4067605435848236
FR_214	1	0.006677933037281036
FR_214	2	0.294570654630661
FR_214	3	0.5359781384468079
FR_214	4	0.8282976150512695
FR_214	5	0.4641536474227905
FR_214	6	0.8618201017379761
FR_214	7	0.2783563435077667
FR_214	8	0.3379833698272705
FR_214	9	0.309685617685318
FR_214	10	0.05165005475282669
FR_214	11	0.0534818097949028
FR_214	12	0.1911807656288147
FR_214	13	0.2455616444349289
FR_214	14	0.07021951675415039
FR_214	15	0.25242000818252563
FR_214	16	0.11158518493175507
FR_227	1	0.6948844790458679
FR_227	2	0.5869272351264954
FR_227	3	0.7274734377861023
FR_227	4	0.47860628366470337
FR_227	5	0.6846168637275696
FR_227	6	0.024798229336738586
FR_227	7	0.16439026594161987
FR_227	8	0.4570779800415039
FR_227	9	0.08730772882699966
FR_227	10	0.2672533690929413
FR_227	11	0.07091717422008514
FR_227	12	0.05940729007124901
FR_227	13	0.8628561496734619
FR_227	14	0.5253552198410034
FR_227	15	0.9089269638061523
FR_227	16	0.07852458953857422
FR_227	17	0.28746041655540466
FR_227	18	0.1373775154352188
FR_227	19	0.5785144567489624
FR_227	20	0.3012625277042389
FR_227	21	0.6887109279632568
FR_227	22	0.9500482678413391
FR_227	23	0.36510422825813293
FR_239	1	0.313351571559906
FR_239	2	0.2653607726097107
FR_239	3	0.5766609907150269
FR_239	4	0.020274557173252106
FR_239	5	0.138795405626297
FR_239	6	0.21680736541748047
FR_239	7	0.019032498821616173
FR_239	8	0.2044684737920761
FR_239	9	0.8042975068092346
FR_239	10	0.32740652561187744
FR_239	11	0.1981711983680725
FR_239	12	0.30171987414360046
FR_239	13	0.16982392966747284
FR_239	14	0.6304157972335815
FR_239	15	0.39770302176475525
FR_239	16	0.048769351094961166
FR_M_012	1	0.6172540783882141
FR_M_012	2	0.9474601149559021
FR_M_012	3	0.5415371656417847
FR_M_012	4	0.022461293265223503
FR_M_012	5	0.6172540783882141
FR_M_012	6	0.9474601149559021
FR_M_012	7	0.5415371656417847
FR_M_012	8	0.25794050097465515
FR_M_012	9	0.5681427717208862
FR_M_012	10	0.9745051860809326
FR_M_012	11	0.38889360427856445
FR_M_012	12	0.9177555441856384
FR_M_012	13	0.3026737868785858
FR_M_012	14	0.315216988325119
FR_M_012	15	0.5077137351036072
FR_M_015	1	0.7019180059432983
FR_M_015	2	0.16186437010765076
FR_M_015	3	0.8793908953666687
FR_M_015	4	0.9168201088905334
FR_M_015	5	0.8538464903831482
FR_M_015	6	0.8473021984100342
FR_M_015	7	0.9594691395759583
FR_M_015	8	0.9707141518592834
FR_M_015	9	0.8196130990982056
FR_M_015	10	0.5321258306503296
FR_M_015	11	0.9249569773674011
FR_M_015	12	0.1307878941297531
FR_M_015	13	0.969193160533905
FR_M_015	14	0.995387852191925
FR_M_015	15	0.9425342082977295
FR_M_015	16	0.01602047123014927
FR_M_015	17	0.3498651087284088
FR_M_015	18	0.20465797185897827
FR_M_015	19	0.9603878855705261
FR_M_015	20	0.6609091758728027
FR_M_015	21	0.8826345205307007
FR_M_015	22	0.09308147430419922
FR_M_015	23	0.028005652129650116
FR_M_015	24	0.821249783039093
FR_M_018	1	0.1326339840888977
FR_M_018	2	0.8495885729789734
FR_M_018	3	0.8587871789932251
FR_M_018	4	0.8308277726173401
FR_M_018	5	0.8138083815574646
FR_M_027	1	0.476809561252594
FR_M_027	2	0.753852367401123
FR_M_027	3	0.6237106919288635
FR_M_027	4	0.8913872838020325
FR_M_027	5	0.9652425050735474
FR_M_027	6	0.1881948858499527
FR_M_027	7	0.8248510956764221
FR_M_027	8	0.7203758358955383
FR_M_027	9	0.853139340877533
FR_M_027	10	0.9643518328666687
FR_M_027	11	0.8627671003341675
FR_M_027	12	0.6896461844444275
FR_M_027	13	0.8840224742889404
FR_M_027	14	0.38175851106643677
FR_M_027	15	0.812786340713501
FR_M_027	16	0.8558703064918518
FR_M_027	17	0.5010467171669006
FR_M_027	18	0.9340671896934509
FR_M_027	19	0.6934701204299927
FR_M_033	1	0.78730708360672
FR_M_033	2	0.7216177582740784
FR_M_033	3	0.4143362045288086
FR_M_033	4	0.5096742510795593
FR_M_033	5	0.9678866863250732
FR_M_033	6	0.16073794662952423
FR_M_033	7	0.7077935934066772
FR_M_033	8	0.6807699203491211
FR_M_033	9	0.7403258085250854
FR_M_033	10	0.6292642951011658
FR_M_033	11	0.10901618748903275
FR_M_033	12	0.5766602754592896
FR_M_033	13	0.9619671106338501
FR_M_033	14	0.6543300747871399
FR_M_033	15	0.3800024688243866
FR_M_033	16	0.7517057657241821
FR_M_033	17	0.3307949900627136
FR_M_033	18	0.011193985119462013
FR_M_033	19	0.06940116733312607
FR_M_035	1	0.8768584132194519
FR_M_035	2	0.08223222196102142
FR_M_035	3	0.6174418926239014
FR_M_035	4	0.5661042332649231
FR_M_035	5	0.8229886293411255
FR_M_035	6	0.9052377939224243
FR_M_035	7	0.2925487458705902
FR_M_035	8	0.7030913829803467
FR_M_035	9	0.8959630131721497
FR_M_035	10	0.5577564239501953
FR_M_035	11	0.6488845944404602
FR_M_035	12	0.8458587527275085
FR_M_035	13	0.12307211011648178
FR_M_035	14	0.5684821009635925
FR_M_035	15	0.7195388674736023
FR_M_035	16	0.27213960886001587
FR_M_035	17	0.8692016005516052
FR_M_035	18	0.9531949162483215
FR_M_035	19	0.983636200428009
FR_M_035	20	0.5427473187446594
HE_001	1	0.9892613887786865
HE_001	2	0.2008080780506134
HE_001	3	0.9879075884819031
HE_001	4	0.3733595609664917
HE_001	5	0.1288737654685974
HE_001	6	0.9783617854118347
HE_001	7	0.9859040379524231
HE_001	8	0.952968180179596
HE_001	9	0.8552422523498535
HE_001	10	0.9178850054740906
HE_001	11	0.9828763604164124
HE_001	12	0.9441532492637634
HE_001	13	0.08744971454143524
HE_001	14	0.865431547164917
HE_001	15	0.9537080526351929
HE_001	16	0.8924141526222229
HE_001	17	0.6085392832756042
HE_001	18	0.9880325794219971
HE_001	19	0.946444571018219
HE_001	20	0.9833342432975769
HE_001	21	0.9654821157455444
HE_001	22	0.9592130780220032
HE_001	23	0.9931875467300415
HE_001	24	0.9827273488044739
HE_001	25	0.9966245889663696
HE_001	26	0.9924172163009644
HE_001	27	0.9863995313644409
HE_001	28	0.9942070245742798
HE_001	29	0.9165592789649963
HE_001	30	0.9972694516181946
HE_001	31	0.9878330230712891
HE_001	32	0.8582895398139954
HE_006	1	0.6445615291595459
HE_006	2	0.9061132669448853
HE_006	3	0.9876024127006531
HE_006	4	0.07065653800964355
HE_006	5	0.9868854284286499
HE_006	6	0.5398723483085632
HE_006	7	0.6286420226097107
HE_006	8	0.6321519017219543
HE_006	9	0.9476199150085449
HE_006	10	0.91579669713974
HE_006	11	0.8485261797904968
HE_006	12	0.9689176678657532
HE_006	13	0.6854193806648254
HE_006	14	0.3845652937889099
HE_006	15	0.6157301664352417
HE_006	16	0.7619152069091797
HE_006	17	0.9908456206321716
HE_006	18	0.9419673085212708
HE_006	19	0.9011253118515015
HE_006	20	0.12452225387096405
HE_006	21	0.504997968673706
HE_006	22	0.9790657758712769
HE_006	23	0.9974660873413086
HE_006	24	0.9961238503456116
HE_006	25	0.8947137594223022
HE_006	26	0.5751053690910339
HE_006	27	0.7927555441856384
HE_008	1	0.8219507932662964
HE_008	2	0.7948105931282043
HE_008	3	0.46327221393585205
HE_008	4	0.9658271670341492
HE_008	5	0.9581848978996277
HE_008	6	0.9882524609565735
HE_008	7	0.97675621509552
HE_008	8	0.9147977232933044
HE_008	9	0.9972208738327026
HE_008	10	0.8996357917785645
HE_008	11	0.986457884311676
HE_008	12	0.9858514666557312
HE_008	13	0.9827893376350403
HE_008	14	0.24321533739566803
HE_008	15	0.11123295873403549
HE_008	16	0.08282160013914108
HE_008	17	0.03896310552954674
HE_008	18	0.975740373134613
HE_008	19	0.9932106137275696
HE_008	20	0.9724323749542236
HE_008	21	0.623573899269104
HE_008	22	0.9835950136184692
HE_008	23	0.984825074672699
HE_008	24	0.5359112024307251
HE_008	25	0.5689867734909058
HE_010	1	0.6695014238357544
HE_010	2	0.8016102910041809
HE_010	3	0.9904436469078064
HE_010	4	0.9805569648742676
HE_010	5	0.41692206263542175
HE_010	6	0.7970864772796631
HE_010	7	0.8924971222877502
HE_010	8	0.9835716485977173
HE_010	9	0.12115741521120071
HE_010	10	0.8900945782661438
HE_010	11	0.45185011625289917
HE_010	12	0.3783438503742218
HE_010	13	0.5108663439750671
HE_010	14	0.05076815187931061
HE_010	15	0.9686275124549866
HE_010	16	0.2299131602048874
HE_010	17	0.9567437767982483
HE_010	18	0.9349673986434937
HE_010	19	0.8021372556686401
HE_010	20	0.9967606663703918
HE_010	21	0.5583170652389526
HE_010	22	0.24733774363994598
HE_010	23	0.9759683609008789
HE_010	24	0.8956882953643799
HE_010	25	0.9933381080627441
HE_010	26	0.996206521987915
HE_010	27	0.050397977232933044
HE_013	1	0.7182207107543945
HE_013	2	0.9205136895179749
HE_013	3	0.8367996215820312
HE_013	4	0.6301988959312439
HE_013	5	0.8857751488685608
HE_013	6	0.9939571619033813
HE_013	7	0.983867883682251
HE_013	8	0.6772897243499756
HE_013	9	0.977923572063446
HE_013	10	0.990746259689331
HE_013	11	0.9680309891700745
HE_013	12	0.8692255616188049
HE_013	13	0.8111354112625122
HE_013	14	0.5173779129981995
HE_013	15	0.6172531247138977
HE_013	16	0.41880419850349426
HE_013	17	0.1071321964263916
HE_013	18	0.9802630543708801
HE_013	19	0.8809928894042969
HE_013	20	0.9220142960548401
HE_013	21	0.9947370886802673
HE_013	22	0.10156392306089401
HE_013	23	0.9603890180587769
HE_013	24	0.6321779489517212
HE_013	25	0.6158135533332825
HE_013	26	0.6859079003334045
HE_013	27	0.2872897684574127
HE_013	28	0.7670897245407104
HE_013	29	0.9472648501396179
HE_015	1	0.7900374531745911
HE_015	2	0.13824953138828278
HE_015	3	0.660302996635437
HE_015	4	0.9559645652770996
HE_015	5	0.30036717653274536
HE_015	6	0.998019814491272
HE_015	7	0.8786540627479553
HE_015	8	0.9594769477844238
HE_015	9	0.8152604699134827
HE_015	10	0.22670474648475647
HE_015	11	0.5737667679786682
HE_015	12	0.985545814037323
HE_015	13	0.989304780960083
HE_015	14	0.9804860353469849
HE_015	15	0.9674113988876343
HE_015	16	0.9950664043426514
HE_015	17	0.9868905544281006
HE_015	18	0.9396777153015137
HE_015	19	0.9691274166107178
HE_015	20	0.9943846464157104
HE_015	21	0.9867053627967834
HE_015	22	0.9856591820716858
HE_015	23	0.9705519676208496
HE_015	24	0.9937519431114197
HE_015	25	0.9960514903068542
HE_021	1	0.4559532105922699
HE_021	2	0.7934366464614868
HE_021	3	0.9808647036552429
HE_021	4	0.9543100595474243
HE_021	5	0.9793865084648132
HE_021	6	0.9163080453872681
HE_021	7	0.8997887372970581
HE_021	8	0.955251157283783
HE_021	9	0.9816944003105164
HE_021	10	0.8812460899353027
HE_021	11	0.888928234577179
HE_021	12	0.22298696637153625
HE_021	13	0.8384647369384766
HE_021	14	0.4817080795764923
HE_021	15	0.8019648790359497
HE_021	16	0.4002467393875122
HE_021	17	0.6197643280029297
HE_021	18	0.8315494656562805
HE_021	19	0.8648374080657959
HE_021	20	0.7165650725364685
HE_021	21	0.9948114156723022
HE_021	22	0.9923933744430542
HE_021	23	0.7986267805099487
HE_021	24	0.9515885710716248
HE_021	25	0.6259119510650635
HE_021	26	0.40906351804733276
HE_021	27	0.9815564155578613
HE_021	28	0.8530688285827637
HE_025	1	0.9815767407417297
HE_025	2	0.8094848990440369
HE_025	3	0.985724687576294
HE_025	4	0.9143427014350891
HE_025	5	0.9882436990737915
HE_025	6	0.9867364764213562
HE_025	7	0.9086350798606873
HE_025	8	0.8422775864601135
HE_025	9	0.9889532327651978
HE_025	10	0.9817829728126526
HE_025	11	0.984307587146759
HE_025	12	0.9681814908981323
HE_025	13	0.9913541674613953
HE_025	14	0.9912793040275574
HE_025	15	0.9602004885673523
HE_025	16	0.988186240196228
HE_025	17	0.9176240563392639
HE_025	18	0.9119700789451599
HE_025	19	0.9568076133728027
HE_025	20	0.9550406336784363
HE_025	21	0.9804868102073669
HE_025	22	0.9928950667381287
HE_025	23	0.9738338589668274
HE_025	24	0.9620282053947449
HE_025	25	0.9785875678062439
HE_025	26	0.9624760150909424
HE_025	27	0.9854271411895752
HE_025	28	0.7965772747993469
HE_029	1	0.9932764768600464
HE_029	2	0.9966533780097961
HE_029	3	0.9734858274459839
HE_029	4	0.989141583442688
HE_029	5	0.9804943799972534
HE_029	6	0.9955169558525085
HE_029	7	0.9893214702606201
HE_029	8	0.16585507988929749
HE_029	9	0.7656477093696594
HE_029	10	0.9716253280639648
HE_029	11	0.9774911403656006
HE_029	12	0.9816873669624329
HE_029	13	0.9789090156555176
HE_029	14	0.9785240888595581
HE_029	15	0.9580307006835938
HE_029	16	0.9850504398345947
HE_029	17	0.955549955368042
HE_029	18	0.5885376334190369
HE_029	19	0.9550715088844299
HE_029	20	0.9953692555427551
HE_029	21	0.9216696619987488
HE_029	22	0.9681422710418701
HE_029	23	0.9907089471817017
HE_029	24	0.9512414336204529
HE_029	25	0.9902150630950928
HE_029	26	0.9900688529014587
HE_029	27	0.9827991127967834
HE_029	28	0.9860498309135437
HE_029	29	0.974326491355896
HE_031	1	0.8515733480453491
HE_031	2	0.9963417649269104
HE_031	3	0.9966214895248413
HE_031	4	0.9765308499336243
HE_031	5	0.9745460748672485
HE_031	6	0.8969653844833374
HE_031	7	0.9866787791252136
HE_031	8	0.9663792848587036
HE_031	9	0.9045600891113281
HE_031	10	0.9688050746917725
HE_031	11	0.9862159490585327
HE_031	12	0.9870251417160034
HE_031	13	0.993194580078125
HE_031	14	0.7773063778877258
HE_031	15	0.996907651424408
HE_031	16	0.9970893263816833
HE_031	17	0.9598413109779358
HE_031	18	0.339042067527771
HE_031	19	0.17680373787879944
HE_031	20	0.9914022088050842
HE_031	21	0.9706318378448486
HE_031	22	0.9118636846542358
HE_031	23	0.9903233051300049
HE_031	24	0.4279036223888397
HE_031	25	0.9872625470161438
HE_031	26	0.9626509547233582
HE_031	27	0.7465003728866577
HE_031	28	0.9960247278213501
HE_031	29	0.4866657555103302
HE_031	30	0.9736906886100769
HE_031	31	0.9576139450073242
HE_031	32	0.9838756918907166
HE_031	33	0.97686368227005
HE_031	34	0.9688429236412048
HE_031	35	0.9924160242080688
HE_031	36	0.9724908471107483
HE_031	37	0.9796033501625061
HE_031	38	0.87947016954422
HE_031	39	0.9690653085708618
HE_031	40	0.7812880873680115
HE_032	1	0.9763379693031311
HE_032	2	0.48856374621391296
HE_032	3	0.9767318964004517
HE_032	4	0.9840099215507507
HE_032	5	0.9885532855987549
HE_032	6	0.9796983003616333
HE_032	7	0.9245644807815552
HE_032	8	0.9488295912742615
HE_032	9	0.6435648798942566
HE_032	10	0.9858530759811401
HE_032	11	0.7799739837646484
HE_032	12	0.9757217764854431
HE_032	13	0.004158788826316595
HE_032	14	0.673088014125824
HE_032	15	0.10965150594711304
HE_032	16	0.6681502461433411
HE_032	17	0.6469724178314209
HE_032	18	0.6904729008674622
HE_032	19	0.9383671283721924
HE_032	20	0.6597197651863098
HE_032	21	0.9848387241363525
HE_032	22	0.9844619035720825
HE_032	23	0.6142740249633789
HE_032	24	0.9577568173408508
HE_032	25	0.2598583698272705
HE_032	26	0.9721494913101196
HE_032	27	0.9906274080276489
HE_032	28	0.09206569939851761
HE_032	29	0.990936815738678
HE_032	30	0.9720813632011414
HE_032	31	0.2466335892677307
HE_032	32	0.8790777325630188
HE_032	33	0.9969377517700195
HE_032	34	0.9770498275756836
HE_032	35	0.9938284754753113
HE_032	36	0.9901318550109863
HE_032	37	0.948986291885376
HE_032	38	0.9969953298568726
HE_032	39	0.9900439977645874
HE_043	1	0.9760294556617737
HE_043	2	0.9693426489830017
HE_043	3	0.36490753293037415
HE_043	4	0.9776226878166199
HE_043	5	0.989098310470581
HE_043	6	0.18876244127750397
HE_043	7	0.9881440997123718
HE_043	8	0.9854766726493835
HE_043	9	0.5227144956588745
HE_043	10	0.8060179948806763
HE_043	11	0.8978463411331177
HE_043	12	0.9933224320411682
HE_043	13	0.9878180027008057
HE_043	14	0.07745815813541412
HE_043	15	0.9901204109191895
HE_043	16	0.9958062171936035
HE_043	17	0.929645836353302
HE_043	18	0.9672970771789551
HE_043	19	0.9905214309692383
HE_043	20	0.9771140217781067
HE_043	21	0.9955294728279114
HE_043	22	0.983194887638092
HE_043	23	0.2774217128753662
HE_043	24	0.988197386264801
HE_043	25	0.9828261733055115
HE_043	26	0.8250274658203125
HE_043	27	0.9850571751594543
HE_043	28	0.22696417570114136
HE_043	29	0.7767778635025024
HE_043	30	0.9741296172142029
HE_052	1	0.9776638150215149
HE_052	2	0.9946731925010681
HE_052	3	0.9800723791122437
HE_052	4	0.9419069290161133
HE_052	5	0.9936124682426453
HE_052	6	0.762974739074707
HE_052	7	0.9929674863815308
HE_052	8	0.11326812952756882
HE_052	9	0.9977193474769592
HE_052	10	0.9835487008094788
HE_052	11	0.996458113193512
HE_052	12	0.9532063603401184
HE_052	13	0.5928924083709717
HE_052	14	0.7143876552581787
HE_052	15	0.9861650466918945
HE_052	16	0.99265456199646
HE_052	17	0.9966692328453064
HE_052	18	0.9961672425270081
HE_052	19	0.9963317513465881
HE_052	20	0.9869312644004822
HE_052	21	0.9981416463851929
HE_052	22	0.9958544969558716
HE_052	23	0.07664358615875244
HE_056	1	0.9819067120552063
HE_056	2	0.9643967151641846
HE_056	3	0.9610385894775391
HE_056	4	0.993809163570404
HE_056	5	0.9953542947769165
HE_056	6	0.9682350158691406
HE_056	7	0.9750605821609497
HE_056	8	0.0901813730597496
HE_056	9	0.8521571755409241
HE_056	10	0.990659236907959
HE_056	11	0.9905051589012146
HE_056	12	0.8570086359977722
HE_056	13	0.955466091632843
HE_056	14	0.9866558313369751
HE_056	15	0.9902820587158203
HE_056	16	0.8719946146011353
HE_056	17	0.9972097277641296
HE_056	18	0.28078314661979675
HE_056	19	0.8712784647941589
HE_056	20	0.9495001435279846
HE_056	21	0.9898866415023804
HE_056	22	0.9868264198303223
HE_056	23	0.9525980353355408
HE_056	24	0.9733561277389526
HE_056	25	0.9935867786407471
HE_056	26	0.9964441657066345
HE_056	27	0.9874372482299805
HE_056	28	0.9982831478118896
HE_056	29	0.9877190589904785
HE_056	30	0.9883922934532166
HE_056	31	0.9767078757286072
HE_056	32	0.992356538772583
HE_056	33	0.995075523853302
HE_056	34	0.987896203994751
HE_056	35	0.9158313870429993
HE_056	36	0.9867938160896301
HE_056	37	0.9819543361663818
HE_056	38	0.989600419998169
HE_056	39	0.16175854206085205
HE_059	1	0.544874370098114
HE_059	2	0.5205904841423035
HE_059	3	0.08151763677597046
HE_059	4	0.9888126850128174
HE_059	5	0.9968562126159668
HE_059	6	0.9870423078536987
HE_059	7	0.9509971737861633
HE_059	8	0.9982017278671265
HE_059	9	0.9763985276222229
HE_059	10	0.9660846590995789
HE_059	11	0.7194397449493408
HE_059	12	0.7249631285667419
HE_059	13	0.875615119934082
HE_059	14	0.9754965305328369
HE_059	15	0.9040170907974243
HE_059	16	0.9819712042808533
HE_059	17	0.9757645726203918
HE_059	18	0.7080546617507935
HE_059	19	0.9605660438537598
HE_059	20	0.9966133236885071
HE_062	1	0.9957524538040161
HE_062	2	0.5243171453475952
HE_062	3	0.020397227257490158
HE_062	4	0.6610389351844788
HE_062	5	0.9755265116691589
HE_062	6	0.9946787357330322
HE_062	7	0.9854456186294556
HE_062	8	0.7874400019645691
HE_062	9	0.9828484058380127
HE_062	10	0.36759182810783386
HE_062	11	0.9947556257247925
HE_062	12	0.9762154817581177
HE_062	13	0.3719382584095001
HE_062	14	0.22078049182891846
HE_062	15	0.9914388656616211
HE_062	16	0.9394212365150452
HE_062	17	0.9849731922149658
HE_062	18	0.9973426461219788
HE_062	19	0.9336838722229004
HE_062	20	0.9860727787017822
HE_062	21	0.9927182197570801
HE_062	22	0.9969568252563477
HE_062	23	0.9821173548698425
HE_062	24	0.9909698367118835
HE_062	25	0.06442597508430481
HE_062	26	0.864259660243988
HE_062	27	0.7829411625862122
HE_062	28	0.41951414942741394
HE_062	29	0.9937281608581543
HE_062	30	0.9267749786376953
HE_062	31	0.9303293824195862
HE_062	32	0.8382620215415955
HE_062	33	0.8669811487197876
HE_062	34	0.6743170022964478
HE_063	1	0.997310996055603
HE_063	2	0.5971015691757202
HE_063	3	0.988260805606842
HE_063	4	0.48643791675567627
HE_063	5	0.9674713015556335
HE_063	6	0.9964190721511841
HE_063	7	0.9966005682945251
HE_063	8	0.9623000025749207
HE_063	9	0.8902380466461182
HE_063	10	0.9969571828842163
HE_063	11	0.9932078719139099
HE_063	12	0.7380998134613037
HE_063	13	0.09906075149774551
HE_063	14	0.08815230429172516
HE_063	15	0.1576596349477768
HE_063	16	0.9866365790367126
HE_063	17	0.9957118034362793
HE_063	18	0.9923684000968933
HE_063	19	0.993499755859375
HE_063	20	0.9958460927009583
HE_063	21	0.997215747833252
HE_063	22	0.991238534450531
HE_063	23	0.9950637221336365
HE_063	24	0.9953796863555908
HE_075	1	0.9564562439918518
HE_075	2	0.9936802387237549
HE_075	3	0.8839778900146484
HE_075	4	0.761307954788208
HE_075	5	0.6474258899688721
HE_075	6	0.980838418006897
HE_075	7	0.6134489178657532
HE_075	8	0.8509105443954468
HE_075	9	0.9564512372016907
HE_075	10	0.980350136756897
HE_075	11	0.9791358113288879
HE_075	12	0.994766354560852
HE_075	13	0.2549271583557129
HE_075	14	0.9826523065567017
HE_075	15	0.9681757688522339
HE_075	16	0.9932652711868286
HE_075	17	0.9909178614616394
HE_075	18	0.9944883584976196
HE_075	19	0.9962583780288696
HE_075	20	0.7312920093536377
HE_075	21	0.3431008458137512
HE_075	22	0.7878988981246948
HE_075	23	0.025487635284662247
HE_075	24	0.16067898273468018
HE_075	25	0.9286369681358337
HE_075	26	0.13512468338012695
HE_075	27	0.9923158884048462
HE_081	1	0.7071719765663147
HE_081	2	0.924170196056366
HE_081	3	0.5694201588630676
HE_081	4	0.7247903347015381
HE_081	5	0.17035463452339172
HE_081	6	0.9236628413200378
HE_081	7	0.995917022228241
HE_081	8	0.9335618615150452
HE_081	9	0.9741231799125671
HE_081	10	0.31603682041168213
HE_081	11	0.18518954515457153
HE_081	12	0.9419119954109192
HE_081	13	0.9601125717163086
HE_081	14	0.8216056227684021
HE_081	15	0.7754245400428772
HE_081	16	0.19884350895881653
HE_081	17	0.0674956664443016
HE_081	18	0.2544502019882202
HE_081	19	0.9804868102073669
HE_081	20	0.9814469814300537
HE_081	21	0.9740183353424072
HE_081	22	0.9936424493789673
HE_081	23	0.47316884994506836
HE_081	24	0.8932667374610901
HE_081	25	0.8841909766197205
HE_081	26	0.16825197637081146
HE_081	27	0.207765594124794
HE_085	1	0.39760294556617737
HE_085	2	0.7923979163169861
HE_085	3	0.985607385635376
HE_085	4	0.384630411863327
HE_085	5	0.2567327618598938
HE_085	6	0.6713317632675171
HE_085	7	0.852846086025238
HE_085	8	0.7093324065208435
HE_085	9	0.8420705199241638
HE_085	10	0.989794909954071
HE_085	11	0.9858328104019165
HE_085	12	0.9706911444664001
HE_085	13	0.9923890233039856
HE_085	14	0.9782004952430725
HE_085	15	0.855370044708252
HE_085	16	0.5797811150550842
HE_085	17	0.9737780690193176
HE_085	18	0.9713259339332581
HE_085	19	0.9717631936073303
HE_085	20	0.9819688200950623
HE_085	21	0.9856132864952087
HE_087	1	0.9630973935127258
HE_087	2	0.594990611076355
HE_087	3	0.7700435519218445
HE_087	4	0.7339313626289368
HE_087	5	0.9804654121398926
HE_087	6	0.9629559516906738
HE_087	7	0.7863272428512573
HE_087	8	0.9046711921691895
HE_087	9	0.9712784886360168
HE_087	10	0.6594028472900391
HE_087	11	0.292050838470459
HE_087	12	0.7458601593971252
HE_087	13	0.4384693503379822
HE_087	14	0.8798283338546753
HE_087	15	0.8783872723579407
HE_087	16	0.8268358111381531
HE_087	17	0.058280784636735916
HE_087	18	0.056472666561603546
HE_087	19	0.8853117823600769
HE_087	20	0.005840201862156391
HE_087	21	0.8957326412200928
HE_087	22	0.15353621542453766
HE_087	23	0.45048221945762634
HE_087	24	0.4839293360710144
HE_087	25	0.171634703874588
HE_087	26	0.18866562843322754
HE_087	27	0.9137774705886841
HE_087	28	0.7307341694831848
HE_087	29	0.7718092799186707
HE_087	30	0.8208467364311218
HE_087	31	0.02737061120569706
HE_087	32	0.988724410533905
HE_087	33	0.8060924410820007
HE_087	34	0.9573975205421448
HE_087	35	0.8994523882865906
HE_087	36	0.7465479373931885
HE_087	37	0.7379380464553833
HE_087	38	0.41317614912986755
HE_087	39	0.9446127414703369
HE_087	40	0.5871036648750305
HE_087	41	0.8876796960830688
HE_087	42	0.9785716533660889
HE_087	43	0.6708970665931702
HE_098	1	0.988454282283783
HE_098	2	0.9751703143119812
HE_098	3	0.9922888875007629
HE_098	4	0.9944190382957458
HE_098	5	0.3299276828765869
HE_098	6	0.9895691275596619
HE_098	7	0.8126571774482727
HE_098	8	0.9944739937782288
HE_098	9	0.9957001209259033
HE_098	10	0.9933632612228394
HE_098	11	0.9914313554763794
HE_098	12	0.9462894201278687
HE_098	13	0.9757166504859924
HE_098	14	0.9881487488746643
HE_098	15	0.9854446053504944
HE_098	16	0.9917128086090088
HE_098	17	0.9940098524093628
HE_098	18	0.9798451066017151
HE_098	19	0.97216796875
HE_098	20	0.9033342003822327
HE_098	21	0.0952942818403244
HE_098	22	0.7349141836166382
HE_098	23	0.8000115752220154
HE_098	24	0.09315487742424011
HE_099	1	0.9952848553657532
HE_099	2	0.0746941864490509
HE_099	3	0.5514857172966003
HE_099	4	0.9777767658233643
HE_099	5	0.2989336848258972
HE_099	6	0.9781239628791809
HE_099	7	0.9940908551216125
HE_099	8	0.9938223361968994
HE_099	9	0.9774709939956665
HE_099	10	0.9836614727973938
HE_099	11	0.9968186616897583
HE_099	12	0.9479667544364929
HE_099	13	0.6234496831893921
HE_099	14	0.990009069442749
HE_099	15	0.9942355751991272
HE_099	16	0.9961950778961182
HE_099	17	0.8457631468772888
HE_099	18	0.9944769740104675
HE_099	19	0.9199329018592834
HE_099	20	0.04897333309054375
HE_099	21	0.9266016483306885
HE_099	22	0.9784411191940308
HE_099	23	0.6908758878707886
HE_099	24	0.9581165909767151
HE_099	25	0.9335086941719055
HE_099	26	0.9899553060531616
HE_099	27	0.9931926131248474
HE_099	28	0.9356179237365723
HE_099	29	0.994933545589447
HE_099	30	0.8933619260787964
HE_105	1	0.9937105178833008
HE_105	2	0.9899672269821167
HE_105	3	0.5510468482971191
HE_105	4	0.9575673341751099
HE_105	5	0.9911443591117859
HE_105	6	0.6910965442657471
HE_105	7	0.9954859614372253
HE_105	8	0.9292857646942139
HE_105	9	0.9897140860557556
HE_105	10	0.9841077327728271
HE_105	11	0.9983575940132141
HE_105	12	0.9783523082733154
HE_105	13	0.9923134446144104
HE_105	14	0.9947904348373413
HE_105	15	0.9859840273857117
HE_105	16	0.9594079256057739
HE_105	17	0.8055990934371948
HE_105	18	0.9741846919059753
HE_105	19	0.979162871837616
HE_105	20	0.5149679183959961
HE_105	21	0.9962933659553528
HE_105	22	0.9643818736076355
HE_105	23	0.9744909405708313
HE_105	24	0.9867559671401978
HE_122	1	0.9932384490966797
HE_122	2	0.9974229335784912
HE_122	3	0.9943002462387085
HE_122	4	0.35249149799346924
HE_122	5	0.9927818775177002
HE_122	6	0.9599379897117615
HE_122	7	0.6921772360801697
HE_122	8	0.009840847924351692
HE_122	9	0.9972302317619324
HE_122	10	0.9857158064842224
HE_122	11	0.9730086326599121
HE_122	12	0.9942164421081543
HE_122	13	0.9958475232124329
HE_122	14	0.9953221678733826
HE_122	15	0.9619524478912354
HE_122	16	0.3567492663860321
HE_122	17	0.9975179433822632
HE_122	18	0.9947761297225952
HE_122	19	0.7516128420829773
HE_122	20	0.9835741519927979
HE_122	21	0.31528300046920776
HE_122	22	0.9181493520736694
HE_122	23	0.1649290919303894
HE_122	24	0.973578691482544
HE_122	25	0.9842483401298523
HE_122	26	0.9779822826385498
HE_122	27	0.993650496006012
HE_124	1	0.9829992651939392
HE_124	2	0.9524439573287964
HE_124	3	0.8641180992126465
HE_124	4	0.987348198890686
HE_124	5	0.887925922870636
HE_124	6	0.9606870412826538
HE_124	7	0.9855327010154724
HE_124	8	0.9829639196395874
HE_124	9	0.9937428832054138
HE_124	10	0.07582762092351913
HE_124	11	0.9586398601531982
HE_124	12	0.03599737584590912
HE_124	13	0.9849770069122314
HE_124	14	0.95743328332901
HE_124	15	0.9554597735404968
HE_124	16	0.896796464920044
HE_124	17	0.4743654131889343
HE_124	18	0.9718207716941833
HE_131	1	0.9191948175430298
HE_131	2	0.979162335395813
HE_131	3	0.9061022996902466
HE_131	4	0.4694174528121948
HE_131	5	0.6701725721359253
HE_131	6	0.9081687927246094
HE_131	7	0.9199615716934204
HE_131	8	0.8088568449020386
HE_131	9	0.6858773827552795
HE_131	10	0.9819279909133911
HE_131	11	0.3248703181743622
HE_131	12	0.9391278028488159
HE_131	13	0.9890867471694946
HE_131	14	0.9862456321716309
HE_131	15	0.9429419636726379
HE_131	16	0.8187200427055359
HE_131	17	0.8002461791038513
HE_131	18	0.9779472947120667
HE_131	19	0.45860299468040466
HE_131	20	0.7581331133842468
HE_131	21	0.29486560821533203
HE_131	22	0.9255918860435486
HE_131	23	0.8632564544677734
HE_131	24	0.10810515284538269
HE_131	25	0.9109534025192261
HE_131	26	0.9808624982833862
HE_131	27	0.024340596050024033
HE_131	28	0.9266464710235596
HE_131	29	0.47801169753074646
HE_131	30	0.9037544131278992
HE_131	31	0.98524010181427
HE_131	32	0.9954108595848083
HE_131	33	0.851641058921814
HE_131	34	0.27901971340179443
HE_131	35	0.03914341330528259
HE_131	36	0.8436490893363953
HE_131	37	0.937343955039978
HE_131	38	0.9534211158752441
HE_131	39	0.7965400218963623
HE_131	40	0.8170915842056274
HE_131	41	0.3897843062877655
HE_131	42	0.9118953347206116
HE_138	1	0.9879578948020935
HE_138	2	0.9959418177604675
HE_138	3	0.9974287152290344
HE_138	4	0.9952658414840698
HE_138	5	0.9928566217422485
HE_138	6	0.9930658340454102
HE_138	7	0.9789857864379883
HE_138	8	0.9950425624847412
HE_138	9	0.04352733865380287
HE_138	10	0.9949089884757996
HE_138	11	0.9878111481666565
HE_138	12	0.8154032826423645
HE_138	13	0.931286096572876
HE_138	14	0.988490104675293
HE_138	15	0.02276580035686493
HE_138	16	0.5639199614524841
HE_138	17	0.27655425667762756
HE_138	18	0.9884852170944214
HE_138	19	0.9745546579360962
HE_138	20	0.11353174597024918
HE_138	21	0.6148558259010315
HE_138	22	0.9930883049964905
HE_138	23	0.9315248131752014
HE_138	24	0.9919751286506653
HE_138	25	0.9851005673408508
HE_138	26	0.7548311948776245
HE_138	27	0.07070358097553253
HE_138	28	0.8174102306365967
HE_138	29	0.03539805859327316
HE_138	30	0.870929479598999
HE_138	31	0.9738413691520691
HE_138	32	0.21801802515983582
HE_138	33	0.976302981376648
HE_138	34	0.9927074313163757
HE_138	35	0.9706522822380066
HE_138	36	0.9874372482299805
HE_138	37	0.27088019251823425
HE_138	38	0.7231963276863098
HE_138	39	0.994044840335846
HE_138	40	0.879531741142273
HE_138	41	0.9364093542098999
HE_138	42	0.9953592419624329
HE_144	1	0.9098769426345825
HE_144	2	0.9363638162612915
HE_144	3	0.9418707489967346
HE_144	4	0.04238105192780495
HE_144	5	0.9599195122718811
HE_144	6	0.9866310954093933
HE_144	7	0.9732611775398254
HE_144	8	0.8572399616241455
HE_144	9	0.960385262966156
HE_144	10	0.8152385950088501
HE_144	11	0.9741663932800293
HE_144	12	0.11877114325761795
HE_144	13	0.985413670539856
HE_144	14	0.9322658181190491
HE_144	15	0.9931825995445251
HE_144	16	0.9930837154388428
HE_144	17	0.9408458471298218
HE_144	18	0.9834982752799988
HE_144	19	0.9849110841751099
HE_144	20	0.9873099327087402
HE_144	21	0.9951216578483582
HE_144	22	0.9876646399497986
HE_144	23	0.9056277275085449
HE_144	24	0.9784809350967407
HE_144	25	0.9961602687835693
HE_144	26	0.9876884818077087
HE_144	27	0.9892780780792236
HE_144	28	0.953999936580658
HE_155	1	0.9717831611633301
HE_155	2	0.9915844202041626
HE_155	3	0.9813474416732788
HE_155	4	0.004286587703973055
HE_155	5	0.8517431616783142
HE_155	6	0.9908807277679443
HE_155	7	0.9728999733924866
HE_155	8	0.8110887408256531
HE_155	9	0.996703565120697
HE_155	10	0.08361036330461502
HE_155	11	0.9252588748931885
HE_155	12	0.802971363067627
HE_155	13	0.6810830235481262
HE_155	14	0.6759043335914612
HE_155	15	0.0902087613940239
HE_155	16	0.3689091205596924
HE_155	17	0.4265056252479553
HE_155	18	0.7915628552436829
HE_155	19	0.9581069946289062
HE_155	20	0.98907870054245
HE_155	21	0.9907609820365906
HE_155	22	0.994347870349884
HE_155	23	0.9952564835548401
HE_155	24	0.026310758665204048
HE_155	25	0.993463397026062
HE_155	26	0.9804685115814209
HE_155	27	0.9800112247467041
HE_155	28	0.9866802096366882
HE_155	29	0.9953908920288086
HE_155	30	0.9915676712989807
HE_157	1	0.8740522265434265
HE_157	2	0.9289990663528442
HE_157	3	0.8136507272720337
HE_157	4	0.06950085610151291
HE_157	5	0.5575547814369202
HE_157	6	0.21414721012115479
HE_157	7	0.91837477684021
HE_157	8	0.3589239716529846
HE_157	9	0.35951170325279236
HE_157	10	0.12314803898334503
HE_157	11	0.4392927587032318
HE_157	12	0.996579110622406
HE_157	13	0.9150197505950928
HE_157	14	0.9670391082763672
HE_157	15	0.9273591637611389
HE_157	16	0.24904930591583252
HE_157	17	0.7565920948982239
HE_157	18	0.9723817706108093
HE_157	19	0.954730749130249
HE_157	20	0.9843889474868774
HE_157	21	0.7890787720680237
HE_157	22	0.6131581664085388
HE_157	23	0.9148667454719543
HE_157	24	0.9674815535545349
HE_157	25	0.9497267603874207
HE_157	26	0.011974704451858997
HE_157	27	0.07049375027418137
HE_157	28	0.9956883788108826
HE_157	29	0.9919838309288025
HE_157	30	0.9873743653297424
HE_165	1	0.9944120049476624
HE_165	2	0.99169921875
HE_165	3	0.8593010902404785
HE_165	4	0.9970756769180298
HE_165	5	0.9920281767845154
HE_165	6	0.3376215398311615
HE_165	7	0.9183251261711121
HE_165	8	0.974222719669342
HE_165	9	0.9898492097854614
HE_165	10	0.9632666110992432
HE_165	11	0.9891519546508789
HE_165	12	0.9395004510879517
HE_165	13	0.989147961139679
HE_165	14	0.9930509328842163
HE_165	15	0.9166726469993591
HE_165	16	0.9902691841125488
HE_165	17	0.9909953474998474
HE_165	18	0.9961138963699341
HE_165	19	0.7647390961647034
HE_165	20	0.9889156818389893
HE_177	1	0.5911479592323303
HE_177	2	0.9926890730857849
HE_177	3	0.9755472540855408
HE_177	4	0.9038436412811279
HE_177	5	0.6531819701194763
HE_177	6	0.9819222688674927
HE_177	7	0.9910467267036438
HE_177	8	0.9762743711471558
HE_177	9	0.991729199886322
HE_177	10	0.8207323551177979
HE_177	11	0.9926436543464661
HE_177	12	0.6469879746437073
HE_177	13	0.9875383377075195
HE_177	14	0.9292102456092834
HE_177	15	0.39864102005958557
HE_177	16	0.8081983923912048
HE_177	17	0.9817773699760437
HE_177	18	0.8346326351165771
HE_177	19	0.9883466362953186
HE_177	20	0.9967359900474548
HE_177	21	0.9603675603866577
HE_177	22	0.9331873655319214
HE_177	23	0.9498159289360046
HE_177	24	0.9889398217201233
HE_177	25	0.8510651588439941
HE_177	26	0.9828307628631592
HE_177	27	0.8947268128395081
HE_180	1	0.24719302356243134
HE_180	2	0.8190526962280273
HE_180	3	0.6721776127815247
HE_180	4	0.9058218598365784
HE_180	5	0.9330503940582275
HE_180	6	0.9911079406738281
HE_180	7	0.994575023651123
HE_180	8	0.6820176243782043
HE_180	9	0.6482721567153931
HE_180	10	0.2170068621635437
HE_180	11	0.922336995601654
HE_180	12	0.9531347751617432
HE_180	13	0.9759470224380493
HE_180	14	0.9311239123344421
HE_180	15	0.05475961044430733
HE_180	16	0.5141679048538208
HE_180	17	0.7224380373954773
HE_180	18	0.8708992004394531
HE_180	19	0.44624415040016174
HE_180	20	0.888651430606842
HE_180	21	0.9111148715019226
HE_180	22	0.9802557229995728
HE_180	23	0.9009817838668823
HE_180	24	0.042347684502601624
HE_180	25	0.13071487843990326
HE_180	26	0.9680819511413574
HE_180	27	0.45061206817626953
HE_180	28	0.953718900680542
HE_180	29	0.0882328674197197
HE_180	30	0.7543501257896423
HE_180	31	0.7645077109336853
HE_180	32	0.6238827705383301
HE_180	33	0.04551146924495697
HE_180	34	0.9818504452705383
HE_180	35	0.7683699131011963
HE_180	36	0.9842569231987
HE_180	37	0.8643049597740173
HE_180	38	0.9765889644622803
HE_180	39	0.1550125926733017
HE_180	40	0.8399221897125244
HE_180	41	0.953922688961029
HE_180	42	0.9247599840164185
HE_180	43	0.9653040170669556
HE_180	44	0.0648447647690773
HE_180	45	0.9191098213195801
HE_180	46	0.9912444353103638
HE_180	47	0.7598468065261841
HE_180	48	0.04520533233880997
HE_180	49	0.9218825101852417
HE_180	50	0.7164698243141174
HE_180	51	0.9628058671951294
HE_180	52	0.9840298891067505
HE_180	53	0.9461709856987
HE_180	54	0.7597432136535645
HE_180	55	0.36692214012145996
HE_180	56	0.9412375092506409
HE_180	57	0.06087813898921013
HE_180	58	0.05101592093706131
HE_180	59	0.8507139682769775
HE_180	60	0.9756229519844055
HE_180	61	0.06785497069358826
HE_180	62	0.9642332196235657
HE_180	63	0.5544158816337585
HE_180	64	0.23369252681732178
HE_180	65	0.7457678914070129
HE_180	66	0.9211702346801758
HE_180	67	0.666534423828125
HE_180	68	0.030515015125274658
HE_180	69	0.91935795545578
HE_180	70	0.9602072834968567
HE_180	71	0.7624220252037048
HE_180	72	0.6666542887687683
HE_180	73	0.13583627343177795
HE_180	74	0.40938010811805725
HE_180	75	0.9974930286407471
HE_180	76	0.082849882543087
HE_180	77	0.8724671602249146
HE_180	78	0.988084614276886
HE_180	79	0.30574652552604675
HE_180	80	0.06509795784950256
HE_180	81	0.7555842399597168
HE_180	82	0.9412082433700562
HE_181	1	0.9793054461479187
HE_181	2	0.977770984172821
HE_181	3	0.9790385365486145
HE_181	4	0.9751265645027161
HE_181	5	0.9012343287467957
HE_181	6	0.7574435472488403
HE_181	7	0.987148106098175
HE_181	8	0.9941921830177307
HE_181	9	0.9893702268600464
HE_181	10	0.9725179076194763
HE_181	11	0.982805073261261
HE_181	12	0.9770309329032898
HE_181	13	0.995319664478302
HE_181	14	0.015565385110676289
HE_181	15	0.8861470222473145
HE_181	16	0.9898747205734253
HE_181	17	0.9886026382446289
HE_181	18	0.9677549004554749
HE_181	19	0.044305089861154556
HE_181	20	0.9942080974578857
HE_181	21	0.9731245636940002
HE_181	22	0.9395147562026978
HE_181	23	0.3757750988006592
HE_181	24	0.7412708401679993
HE_181	25	0.20804230868816376
HE_181	26	0.8148772716522217
HE_181	27	0.9475922584533691
HE_181	28	0.9580958485603333
HE_181	29	0.22474946081638336
HE_181	30	0.5940130949020386
HE_183	1	0.9859827160835266
HE_183	2	0.9809128642082214
HE_183	3	0.9679424166679382
HE_183	4	0.9571269750595093
HE_183	5	0.9619015455245972
HE_183	6	0.935903012752533
HE_183	7	0.03989703580737114
HE_183	8	0.9570675492286682
HE_183	9	0.07242023944854736
HE_183	10	0.18670831620693207
HE_183	11	0.9824909567832947
HE_183	12	0.47727134823799133
HE_183	13	0.9529662132263184
HE_183	14	0.27856412529945374
HE_183	15	0.046599555760622025
HE_183	16	0.6765407919883728
HE_183	17	0.8463395833969116
HE_183	18	0.33371996879577637
HE_190	1	0.8875061869621277
HE_190	2	0.8889383673667908
HE_190	3	0.9767189025878906
HE_190	4	0.22059570252895355
HE_190	5	0.8210899233818054
HE_190	6	0.8799915909767151
HE_190	7	0.9599186182022095
HE_190	8	0.9944589138031006
HE_190	9	0.26078206300735474
HE_190	10	0.9797404408454895
HE_190	11	0.9792628884315491
HE_190	12	0.9924025535583496
HE_190	13	0.956331729888916
HE_190	14	0.9820075631141663
HE_190	15	0.9882069230079651
HE_190	16	0.9818036556243896
HE_190	17	0.9865765571594238
HE_190	18	0.9776498079299927
HE_190	19	0.21006575226783752
HE_190	20	0.4738239049911499
HE_190	21	0.5334570407867432
HE_190	22	0.9619195461273193
HE_190	23	0.9730867147445679
HE_190	24	0.9819447994232178
HE_190	25	0.02608264796435833
HE_190	26	0.03910933434963226
HE_190	27	0.01808498241007328
HE_190	28	0.024347880855202675
HE_190	29	0.184200257062912
HE_190	30	0.895807147026062
HE_190	31	0.3233892023563385
HE_190	32	0.05734109878540039
HE_190	33	0.9918621778488159
HE_190	34	0.9482990503311157
HE_190	35	0.9923537969589233
HE_190	36	0.23407597839832306
HE_194	1	0.49353066086769104
HE_194	2	0.9907456636428833
HE_194	3	0.989906370639801
HE_194	4	0.9911680221557617
HE_194	5	0.6767706871032715
HE_194	6	0.9393659234046936
HE_194	7	0.9952913522720337
HE_194	8	0.8900002241134644
HE_194	9	0.9888761639595032
HE_194	10	0.14834079146385193
HE_194	11	0.8637157678604126
HE_194	12	0.9940059185028076
HE_194	13	0.9860321283340454
HE_194	14	0.36818796396255493
HE_194	15	0.18043525516986847
HE_194	16	0.9723740816116333
HE_194	17	0.9590415358543396
HE_194	18	0.9954957962036133
HE_194	19	0.9972598552703857
HE_194	20	0.05847910791635513
HE_194	21	0.9948458671569824
HE_194	22	0.9700194597244263
HE_194	23	0.6696815490722656
HE_194	24	0.468552827835083
HE_194	25	0.9922422170639038
HE_194	26	0.9899499416351318
HE_194	27	0.026599008589982986
HE_194	28	0.9948148131370544
HE_194	29	0.9966953992843628
HE_194	30	0.9841955900192261
HE_194	31	0.9943108558654785
HE_194	32	0.9462084174156189
HE_194	33	0.9919458031654358
HE_194	34	0.8752478361129761
HE_194	35	0.9845267534255981
HE_194	36	0.9406880140304565
HE_194	37	0.9534680247306824
HE_194	38	0.7006433010101318
HE_194	39	0.9931168556213379
HE_194	40	0.2458721250295639
HE_194	41	0.9295704960823059
HE_194	42	0.9558351635932922
HE_194	43	0.9732474088668823
HE_194	44	0.9882346391677856
HE_194	45	0.9943211078643799
HE_194	46	0.8842541575431824
HE_200	1	0.9958410859107971
HE_200	2	0.9885213375091553
HE_200	3	0.940747082233429
HE_200	4	0.9958919286727905
HE_200	5	0.9925615191459656
HE_200	6	0.9681608080863953
HE_200	7	0.9889812469482422
HE_200	8	0.9905806183815002
HE_200	9	0.11838489770889282
HE_200	10	0.9962971806526184
HE_200	11	0.982823371887207
HE_200	12	0.9721017479896545
HE_200	13	0.9963932633399963
HE_200	14	0.9430534839630127
HE_200	15	0.9917672276496887
HE_200	16	0.9967765212059021
HE_200	17	0.9441367983818054
HE_200	18	0.9972319006919861
HE_200	19	0.9710369110107422
HE_200	20	0.9936635494232178
HE_200	21	0.9631900191307068
HE_200	22	0.5452725887298584
HE_200	23	0.6676561236381531
HE_200	24	0.9896727800369263
HE_200	25	0.9906209707260132
HE_200	26	0.9174796342849731
HE_200	27	0.9961593151092529
HE_200	28	0.6615176200866699
HE_200	29	0.990514874458313
HE_200	30	0.9090130925178528
HE_201	1	0.9954452514648438
HE_201	2	0.9924673438072205
HE_201	3	0.9930800795555115
HE_201	4	0.9814864993095398
HE_201	5	0.9180598258972168
HE_201	6	0.9396641254425049
HE_201	7	0.9419174790382385
HE_201	8	0.7520865797996521
HE_201	9	0.1911572366952896
HE_201	10	0.9645017981529236
HE_201	11	0.9897806644439697
HE_201	12	0.442130982875824
HE_201	13	0.9970943927764893
HE_201	14	0.051382217556238174
HE_201	15	0.011934331618249416
HE_201	16	0.3255479037761688
HE_201	17	0.37190723419189453
HE_201	18	0.7158209681510925
HE_201	19	0.9967789053916931
HE_201	20	0.9823924899101257
HE_201	21	0.9678588509559631
HE_201	22	0.9969221949577332
HE_201	23	0.6350741386413574
HE_201	24	0.44470852613449097
HE_201	25	0.994225800037384
HE_201	26	0.9919540286064148
HE_201	27	0.9522977471351624
HE_201	28	0.9929860234260559
HE_201	29	0.9834580421447754
HE_201	30	0.9676170349121094
HE_201	31	0.018543118610978127
HE_201	32	0.9970153570175171
HE_201	33	0.8793315291404724
HE_201	34	0.008574522100389004
HE_201	35	0.7391809225082397
HE_201	36	0.9962259531021118
HE_201	37	0.9934369921684265
HE_201	38	0.9944227337837219
HE_201	39	0.9686012864112854
HE_201	40	0.993515133857727
HE_201	41	0.07397975027561188
HE_201	42	0.9207732677459717
HE_201	43	0.01711186021566391
HE_201	44	0.991187572479248
HE_201	45	0.9911596179008484
HE_201	46	0.9294970631599426
HE_201	47	0.8595287799835205
HE_201	48	0.8887293338775635
HE_201	49	0.9843533635139465
HE_201	50	0.5842376351356506
HE_211	1	0.9938364624977112
HE_211	2	0.9911249279975891
HE_211	3	0.9017215967178345
HE_211	4	0.9539607167243958
HE_211	5	0.9439828991889954
HE_211	6	0.4575710594654083
HE_211	7	0.5085719227790833
HE_211	8	0.609746515750885
HE_211	9	0.8681131601333618
HE_211	10	0.08299344033002853
HE_211	11	0.9678893685340881
HE_211	12	0.959815502166748
HE_211	13	0.4226922392845154
HE_211	14	0.9209285974502563
HE_211	15	0.5433492064476013
HE_211	16	0.953098714351654
HE_211	17	0.9941529631614685
HE_211	18	0.9962016940116882
HE_211	19	0.23062342405319214
HE_211	20	0.36503225564956665
HE_211	21	0.4170631468296051
HE_211	22	0.6830295324325562
HE_211	23	0.6460147500038147
HE_211	24	0.6658757925033569
HE_211	25	0.8000679016113281
HE_211	26	0.3681086599826813
HE_211	27	0.6007410287857056
HE_211	28	0.07869266718626022
HE_211	29	0.9720127582550049
HE_211	30	0.47945523262023926
HE_211	31	0.8075242638587952
HE_211	32	0.8379780054092407
HE_211	33	0.9236536622047424
HE_211	34	0.9425334334373474
HE_211	35	0.9897251129150391
HE_211	36	0.9558165073394775
HE_211	37	0.8701640963554382
HE_211	38	0.9808173179626465
HE_211	39	0.9793210029602051
HE_211	40	0.5734964609146118
HE_211	41	0.9656495451927185
HE_217	1	0.9736035466194153
HE_217	2	0.02065807767212391
HE_217	3	0.9971879124641418
HE_217	4	0.9962708950042725
HE_217	5	0.22071589529514313
HE_217	6	0.5902775526046753
HE_217	7	0.10531126707792282
HE_217	8	0.9750335812568665
HE_217	9	0.9974967837333679
HE_217	10	0.9829798936843872
HE_217	11	0.6626603603363037
HE_217	12	0.13547876477241516
HE_217	13	0.9913910627365112
HE_217	14	0.9846753478050232
HE_217	15	0.9982190728187561
HE_217	16	0.9802923798561096
HE_217	17	0.9879416823387146
HE_217	18	0.9727388620376587
HE_217	19	0.9975288510322571
HE_217	20	0.9872608184814453
HE_217	21	0.989985466003418
HE_217	22	0.9905457496643066
HE_217	23	0.9908232688903809
HE_217	24	0.9945375323295593
HE_217	25	0.9719170331954956
HE_M_009	1	0.3973245322704315
HE_M_009	2	0.9165863990783691
HE_M_009	3	0.9745750427246094
HE_M_009	4	0.9596691131591797
HE_M_009	5	0.7656105756759644
HE_M_009	6	0.916124165058136
HE_M_009	7	0.7232001423835754
HE_M_009	8	0.9685587882995605
HE_M_009	9	0.6022065877914429
HE_M_009	10	0.9596007466316223
HE_M_009	11	0.20348042249679565
HE_M_009	12	0.9948847889900208
HE_M_009	13	0.6353698372840881
HE_M_009	14	0.9943958520889282
HE_M_009	15	0.5531919002532959
HE_M_009	16	0.19655492901802063
HE_M_009	17	0.5670565366744995
HE_M_009	18	0.9439228177070618
HE_M_009	19	0.4782278537750244
HE_M_009	20	0.9016985297203064
HE_M_009	21	0.7939435839653015
HE_M_009	22	0.5670381188392639
HE_M_009	23	0.37611958384513855
HE_M_009	24	0.9627262353897095
HE_M_009	25	0.19663839042186737
HE_M_009	26	0.9423351287841797
HE_M_009	27	0.9963151812553406
HE_M_014	1	0.9968486428260803
HE_M_014	2	0.7036610245704651
HE_M_014	3	0.5125765800476074
HE_M_014	4	0.5857588648796082
HE_M_014	5	0.9965993762016296
HE_M_014	6	0.6904441118240356
HE_M_014	7	0.9864525198936462
HE_M_014	8	0.9913076758384705
HE_M_014	9	0.9974318146705627
HE_M_014	10	0.9683607220649719
HE_M_014	11	0.4485620856285095
HE_M_014	12	0.9709314703941345
HE_M_020	1	0.7278569340705872
HE_M_020	2	0.9883928894996643
HE_M_020	3	0.9520125389099121
HE_M_020	4	0.986264169216156
HE_M_020	5	0.8555615544319153
HE_M_020	6	0.861558735370636
HE_M_020	7	0.8308435082435608
HE_M_020	8	0.9925225377082825
HE_M_020	9	0.9929212927818298
HE_M_020	10	0.9944071769714355
HE_M_020	11	0.9558678269386292
HE_M_020	12	0.1548336297273636
HE_M_020	13	0.9886665344238281
HE_M_020	14	0.993446409702301
HE_M_020	15	0.2138012796640396
HE_M_020	16	0.2890389561653137
HE_M_020	17	0.9956323504447937
HE_M_020	18	0.9947947859764099
HE_M_020	19	0.14056681096553802
HE_M_020	20	0.9962737560272217
HE_M_020	21	0.7807031869888306
HE_M_020	22	0.9921332001686096
HE_M_020	23	0.347989946603775
HE_M_020	24	0.9060670733451843
HE_M_020	25	0.5631073713302612
HE_M_020	26	0.9891329407691956
HE_M_020	27	0.8388172388076782
HE_M_020	28	0.9739392399787903
HE_M_020	29	0.9943417310714722
HE_M_020	30	0.6936939358711243
HE_M_020	31	0.7763177156448364
HE_M_024	1	0.9961383938789368
HE_M_024	2	0.7562342882156372
HE_M_024	3	0.9952351450920105
HE_M_024	4	0.8931633234024048
HE_M_024	5	0.9953780174255371
HE_M_024	6	0.8393970727920532
HE_M_024	7	0.9935579895973206
HE_M_024	8	0.9972859621047974
HE_M_024	9	0.3477915823459625
HE_M_024	10	0.9008523225784302
HE_M_024	11	0.9959049820899963
HE_M_024	12	0.9914700388908386
HE_M_032	1	0.9944619536399841
HE_M_032	2	0.9609677195549011
HE_M_032	3	0.485137403011322
HE_M_032	4	0.9954599738121033
HE_M_032	5	0.9967371821403503
HE_M_032	6	0.9937446713447571
HE_M_032	7	0.9965895414352417
HE_M_032	8	0.9832143783569336
HE_M_032	9	0.9731430411338806
HE_M_032	10	0.9372590184211731
HE_M_032	11	0.9955891370773315
HE_M_032	12	0.9884812831878662
HE_M_032	13	0.9960982799530029
HE_M_032	14	0.7149770259857178
HE_M_032	15	0.9973917007446289
HE_M_032	16	0.9969750642776489
HE_M_032	17	0.9228537082672119
HE_M_032	18	0.9261635541915894
HE_M_032	19	0.7214640378952026
HE_M_032	20	0.9125787019729614
HE_M_032	21	0.9967459440231323
HE_M_032	22	0.9939914345741272
HE_M_032	23	0.9965205192565918
HE_M_032	24	0.9962475895881653
HE_M_032	25	0.9814617037773132
HE_M_032	26	0.9972673654556274
HE_M_032	27	0.8604103922843933
HE_M_032	28	0.9950975775718689
HE_M_034	1	0.987747073173523
HE_M_034	2	0.9964722394943237
HE_M_034	3	0.990759015083313
HE_M_034	4	0.9933581948280334
HE_M_034	5	0.9959403276443481
HE_M_034	6	0.9954113364219666
HE_M_034	7	0.9709451794624329
HE_M_034	8	0.8097187280654907
HE_M_034	9	0.9778132438659668
HE_M_034	10	0.9946330785751343
HE_M_034	11	0.7209091186523438
HE_M_034	12	0.972116231918335
HE_M_034	13	0.9961816072463989
HE_M_037	1	0.718553900718689
HE_M_037	2	0.9945284724235535
HE_M_037	3	0.7713717818260193
HE_M_037	4	0.7675308585166931
HE_M_037	5	0.3324369192123413
HE_M_037	6	0.9906762838363647
HE_M_037	7	0.9944021105766296
HE_M_037	8	0.9967271089553833
HE_M_037	9	0.9214789271354675
HE_M_037	10	0.756790041923523
HE_M_037	11	0.9830603003501892
HE_M_037	12	0.7094873785972595
HE_M_037	13	0.7573260068893433
HE_M_037	14	0.9894352555274963
HE_M_037	15	0.9954202771186829
HE_M_037	16	0.9656599760055542
HE_M_037	17	0.9981398582458496
HE_M_037	18	0.9849013686180115
HE_M_037	19	0.9890607595443726
HE_M_037	20	0.995257556438446
HE_M_037	21	0.9924922585487366
HE_M_037	22	0.9958962202072144
HE_M_037	23	0.9956756234169006
HE_M_037	24	0.8293139338493347
HE_M_037	25	0.3241395652294159
HE_M_037	26	0.3710872232913971
HE_M_037	27	0.30714911222457886
HE_M_037	28	0.41964608430862427
HE_M_037	29	0.9940940737724304
HE_M_037	30	0.6348660588264465
HE_M_037	31	0.9220520257949829
HE_M_037	32	0.42113807797431946
HE_M_037	33	0.9948207139968872
HE_M_037	34	0.5167912840843201
HE_M_037	35	0.3998624086380005
HE_M_037	36	0.989595353603363
HE_M_037	37	0.7920681834220886
HE_M_037	38	0.6894174218177795
HE_M_037	39	0.9936115145683289
HE_M_037	40	0.9828689098358154
IT_005	1	0.08906952291727066
IT_005	2	0.8333067297935486
IT_005	3	0.9940010905265808
IT_005	4	0.10944897681474686
IT_005	5	0.710176944732666
IT_005	6	0.03345324844121933
IT_005	7	0.8621379137039185
IT_005	8	0.8658657670021057
IT_005	9	0.9963551759719849
IT_005	10	0.951293408870697
IT_005	11	0.8279491066932678
IT_005	12	0.9018017649650574
IT_005	13	0.9650892615318298
IT_005	14	0.9930034279823303
IT_005	15	0.887973427772522
IT_005	16	0.9880687594413757
IT_030	1	0.7784270644187927
IT_030	2	0.7203158140182495
IT_030	3	0.11812684684991837
IT_030	4	0.058345090597867966
IT_030	5	0.9098533987998962
IT_030	6	0.988701581954956
IT_030	7	0.8195525407791138
IT_030	8	0.4737298786640167
IT_030	9	0.07243555784225464
IT_030	10	0.09889012575149536
IT_030	11	0.05411682650446892
IT_030	12	0.38272881507873535
IT_030	13	0.13063611090183258
IT_030	14	0.8685635924339294
IT_030	15	0.8692622780799866
IT_030	16	0.1735965758562088
IT_030	17	0.04532896727323532
IT_030	18	0.2621319591999054
IT_030	19	0.026566538959741592
IT_030	20	0.21674571931362152
IT_030	21	0.5099698305130005
IT_030	22	0.17576652765274048
IT_030	23	0.03945029154419899
IT_030	24	0.36304864287376404
IT_030	25	0.7608028650283813
IT_032	1	0.03769809752702713
IT_032	2	0.6505553722381592
IT_032	3	0.22023415565490723
IT_032	4	0.17771239578723907
IT_032	5	0.8401978611946106
IT_032	6	0.8488977551460266
IT_032	7	0.2098400592803955
IT_032	8	0.8380153179168701
IT_032	9	0.7911216020584106
IT_032	10	0.03379077464342117
IT_032	11	0.061024460941553116
IT_032	12	0.2639959454536438
IT_032	13	0.9141649603843689
IT_032	14	0.8255166411399841
IT_032	15	0.8951041102409363
IT_032	16	0.38807767629623413
IT_032	17	0.12324779480695724
IT_032	18	0.048433464020490646
IT_032	19	0.6219533085823059
IT_032	20	0.40505245327949524
IT_032	21	0.24978497624397278
IT_032	22	0.9525911211967468
IT_032	23	0.13902638852596283
IT_032	24	0.07214350998401642
IT_032	25	0.6651203632354736
IT_032	26	0.09951458126306534
IT_034	1	0.9326260089874268
IT_034	2	0.3830639123916626
IT_034	3	0.4765976071357727
IT_034	4	0.375083327293396
IT_034	5	0.8330258131027222
IT_034	6	0.6496983766555786
IT_034	7	0.025362150743603706
IT_034	8	0.576715350151062
IT_034	9	0.6221966743469238
IT_034	10	0.9761456251144409
IT_034	11	0.9272109270095825
IT_034	12	0.9841529726982117
IT_034	13	0.5063093304634094
IT_034	14	0.868007242679596
IT_034	15	0.2564891278743744
IT_034	16	0.8905213475227356
IT_034	17	0.05341198667883873
IT_034	18	0.7409674525260925
IT_034	19	0.2844553291797638
IT_034	20	0.7871443033218384
IT_034	21	0.2647944390773773
IT_037	1	0.3381112515926361
IT_037	2	0.5323336124420166
IT_037	3	0.0184846892952919
IT_037	4	0.835491418838501
IT_037	5	0.8586645126342773
IT_037	6	0.048957232385873795
IT_037	7	0.8158962726593018
IT_037	8	0.09486345946788788
IT_037	9	0.5872200727462769
IT_037	10	0.9486039280891418
IT_037	11	0.41974616050720215
IT_037	12	0.31045037508010864
IT_037	13	0.5135158896446228
IT_037	14	0.060061972588300705
IT_037	15	0.3030165135860443
IT_037	16	0.6408485770225525
IT_037	17	0.14175614714622498
IT_037	18	0.7889672517776489
IT_037	19	0.17016750574111938
IT_037	20	0.2919830083847046
IT_037	21	0.2696406841278076
IT_037	22	0.095255546271801
IT_037	23	0.0534738190472126
IT_037	24	0.3010759949684143
IT_037	25	0.8791905045509338
IT_037	26	0.29001566767692566
IT_037	27	0.6003077030181885
IT_037	28	0.03253819793462753
IT_037	29	0.5657573938369751
IT_037	30	0.9643276333808899
IT_037	31	0.48939499258995056
IT_037	32	0.5793299078941345
IT_037	33	0.6015219688415527
IT_037	34	0.8391011357307434
IT_037	35	0.817568838596344
IT_037	36	0.9774970412254333
IT_037	37	0.525818407535553
IT_037	38	0.6534446477890015
IT_038	1	0.07215899974107742
IT_038	2	0.4810386002063751
IT_038	3	0.7495719790458679
IT_038	4	0.6099506616592407
IT_038	5	0.8142915964126587
IT_038	6	0.9373659491539001
IT_038	7	0.07367763668298721
IT_038	8	0.8123363256454468
IT_038	9	0.9502604007720947
IT_038	10	0.5033707022666931
IT_038	11	0.19402578473091125
IT_038	12	0.08555073291063309
IT_038	13	0.159272238612175
IT_038	14	0.9249692559242249
IT_038	15	0.2885385751724243
IT_038	16	0.9554691314697266
IT_054	1	0.3895399868488312
IT_054	2	0.3368181586265564
IT_054	3	0.5861150622367859
IT_054	4	0.6080899238586426
IT_054	5	0.12489848583936691
IT_054	6	0.24444159865379333
IT_054	7	0.0757732167840004
IT_054	8	0.5129166841506958
IT_054	9	0.8739997744560242
IT_054	10	0.5988595485687256
IT_054	11	0.01572258211672306
IT_054	12	0.9175110459327698
IT_054	13	0.9016495943069458
IT_054	14	0.09999559074640274
IT_054	15	0.8400946259498596
IT_054	16	0.8475780487060547
IT_054	17	0.54644775390625
IT_054	18	0.9351449012756348
IT_054	19	0.07752059400081635
IT_054	20	0.13643868267536163
IT_054	21	0.3347530961036682
IT_054	22	0.8621743321418762
IT_054	23	0.6322688460350037
IT_054	24	0.21894267201423645
IT_054	25	0.9238982200622559
IT_054	26	0.7331767678260803
IT_054	27	0.671232283115387
IT_055	1	0.2827463746070862
IT_055	2	0.3358471095561981
IT_055	3	0.07863698899745941
IT_055	4	0.908234179019928
IT_055	5	0.0337570495903492
IT_055	6	0.7511345148086548
IT_055	7	0.9723983407020569
IT_055	8	0.32192716002464294
IT_055	9	0.3304782211780548
IT_055	10	0.7181262969970703
IT_055	11	0.14377731084823608
IT_055	12	0.6145837903022766
IT_055	13	0.8208751082420349
IT_055	14	0.39800500869750977
IT_055	15	0.9691135287284851
IT_055	16	0.9440674781799316
IT_055	17	0.28473344445228577
IT_055	18	0.8126398324966431
IT_055	19	0.6950322985649109
IT_055	20	0.9451994299888611
IT_055	21	0.9809819459915161
IT_055	22	0.7597801685333252
IT_055	23	0.781375527381897
IT_055	24	0.01324289571493864
IT_055	25	0.11641885340213776
IT_055	26	0.7990144491195679
IT_055	27	0.10348472744226456
IT_055	28	0.7307055592536926
IT_055	29	0.8777996301651001
IT_055	30	0.28710848093032837
IT_055	31	0.5929837822914124
IT_055	32	0.5565752983093262
IT_055	33	0.08698947727680206
IT_055	34	0.6601244211196899
IT_055	35	0.5019223690032959
IT_057	1	0.048961520195007324
IT_057	2	0.6640658974647522
IT_057	3	0.03983643278479576
IT_057	4	0.328860878944397
IT_057	5	0.8757489919662476
IT_057	6	0.6666802167892456
IT_057	7	0.4481774866580963
IT_057	8	0.5824418663978577
IT_057	9	0.8473932147026062
IT_057	10	0.032806310802698135
IT_057	11	0.14003042876720428
IT_057	12	0.25406914949417114
IT_057	13	0.62511146068573
IT_057	14	0.23171326518058777
IT_057	15	0.9437395334243774
IT_057	16	0.9821128845214844
IT_057	17	0.0927169919013977
IT_057	18	0.9568203091621399
IT_057	19	0.07929712533950806
IT_057	20	0.48977261781692505
IT_057	21	0.5225095152854919
IT_057	22	0.024596838280558586
IT_057	23	0.9685472249984741
IT_057	24	0.7280764579772949
IT_057	25	0.7145565748214722
IT_057	26	0.18382635712623596
IT_057	27	0.05698919668793678
IT_057	28	0.615011990070343
IT_057	29	0.7599309086799622
IT_057	30	0.6075666546821594
IT_057	31	0.7824705243110657
IT_057	32	0.9633044004440308
IT_057	33	0.11174768209457397
IT_057	34	0.6453053951263428
IT_057	35	0.9244459867477417
IT_057	36	0.8427955508232117
IT_057	37	0.9494765400886536
IT_057	38	0.1610504537820816
IT_057	39	0.7229432463645935
IT_057	40	0.1454460769891739
IT_057	41	0.04727929085493088
IT_057	42	0.17064052820205688
IT_057	43	0.706929087638855
IT_057	44	0.7788355350494385
IT_057	45	0.2898801863193512
IT_057	46	0.8207277059555054
IT_057	47	0.919296383857727
IT_057	48	0.08410409837961197
IT_057	49	0.5140607357025146
IT_057	50	0.7798029184341431
IT_057	51	0.4882449209690094
IT_059	1	0.7496984004974365
IT_059	2	0.47504690289497375
IT_059	3	0.8225852847099304
IT_059	4	0.907482922077179
IT_059	5	0.08185925334692001
IT_059	6	0.5715629458427429
IT_059	7	0.9818523526191711
IT_059	8	0.07582178711891174
IT_059	9	0.6686195731163025
IT_059	10	0.6964118480682373
IT_059	11	0.2532455027103424
IT_059	12	0.7055200934410095
IT_059	13	0.3078926205635071
IT_059	14	0.5757530331611633
IT_059	15	0.5313014984130859
IT_059	16	0.338055819272995
IT_059	17	0.7241784334182739
IT_059	18	0.39302268624305725
IT_059	19	0.9896876215934753
IT_059	20	0.6848447918891907
IT_059	21	0.2181278020143509
IT_059	22	0.9891772866249084
IT_059	23	0.21136893332004547
IT_059	24	0.6795358657836914
IT_059	25	0.4498472213745117
IT_059	26	0.9173278212547302
IT_059	27	0.8763611912727356
IT_060	1	0.03749770671129227
IT_060	2	0.38874828815460205
IT_060	3	0.03749770671129227
IT_060	4	0.03730332851409912
IT_060	5	0.021462619304656982
IT_060	6	0.5432225465774536
IT_060	7	0.06412525475025177
IT_060	8	0.9640017151832581
IT_060	9	0.38305678963661194
IT_060	10	0.02064233459532261
IT_060	11	0.05665924400091171
IT_060	12	0.0490872897207737
IT_060	13	0.8237106204032898
IT_060	14	0.023080257698893547
IT_060	15	0.20397332310676575
IT_060	16	0.8724069595336914
IT_060	17	0.8300133347511292
IT_060	18	0.4492993652820587
IT_060	19	0.8690247535705566
IT_060	20	0.01837511919438839
IT_060	21	0.9700790047645569
IT_060	22	0.7632670998573303
IT_060	23	0.039921555668115616
IT_060	24	0.8340550661087036
IT_060	25	0.01985120214521885
IT_060	26	0.8962240815162659
IT_060	27	0.9666759371757507
IT_060	28	0.4220714271068573
IT_060	29	0.5131734609603882
IT_060	30	0.6117283701896667
IT_061	1	0.5220139622688293
IT_061	2	0.02740788832306862
IT_061	3	0.016116449609398842
IT_061	4	0.4877709150314331
IT_061	5	0.4494442045688629
IT_061	6	0.5188986659049988
IT_061	7	0.037440311163663864
IT_061	8	0.15527404844760895
IT_061	9	0.571665346622467
IT_061	10	0.5270277261734009
IT_061	11	0.6709761023521423
IT_061	12	0.23865275084972382
IT_061	13	0.9084886312484741
IT_061	14	0.7043240666389465
IT_061	15	0.9677020907402039
IT_061	16	0.9167979955673218
IT_061	17	0.9471345543861389
IT_061	18	0.7166106104850769
IT_061	19	0.7735502123832703
IT_063	1	0.02361217886209488
IT_063	2	0.8654828667640686
IT_063	3	0.17147092521190643
IT_063	4	0.48611000180244446
IT_063	5	0.8322247266769409
IT_063	6	0.8296583890914917
IT_063	7	0.7189868092536926
IT_063	8	0.931714653968811
IT_063	9	0.1336822360754013
IT_063	10	0.953385591506958
IT_063	11	0.9656726121902466
IT_063	12	0.30804967880249023
IT_063	13	0.7791086435317993
IT_063	14	0.9718626141548157
IT_063	15	0.9371910691261292
IT_063	16	0.0902400016784668
IT_063	17	0.6499833464622498
IT_063	18	0.8862242698669434
IT_063	19	0.7979443669319153
IT_063	20	0.7191724181175232
IT_063	21	0.11920285224914551
IT_063	22	0.4088304936885834
IT_063	23	0.09527576714754105
IT_063	24	0.9885401129722595
IT_063	25	0.9239602088928223
IT_063	26	0.12802085280418396
IT_063	27	0.7779552340507507
IT_063	28	0.9946605563163757
IT_063	29	0.9667580723762512
IT_063	30	0.9912933707237244
IT_064	1	0.9108624458312988
IT_064	2	0.7253464460372925
IT_064	3	0.9042263031005859
IT_064	4	0.27905985713005066
IT_064	5	0.6315903067588806
IT_064	6	0.6068843007087708
IT_064	7	0.9875726699829102
IT_064	8	0.12017244845628738
IT_064	9	0.2263154685497284
IT_064	10	0.7061299085617065
IT_064	11	0.7755334377288818
IT_064	12	0.20732437074184418
IT_064	13	0.2403087168931961
IT_064	14	0.8738341927528381
IT_064	15	0.0542614609003067
IT_064	16	0.5157529711723328
IT_064	17	0.9798824191093445
IT_064	18	0.0605008490383625
IT_064	19	0.6885504722595215
IT_083	1	0.14471253752708435
IT_083	2	0.3850856423377991
IT_083	3	0.6823527812957764
IT_083	4	0.972323477268219
IT_083	5	0.7622240781784058
IT_083	6	0.2817997336387634
IT_083	7	0.933402419090271
IT_085	1	0.1578795462846756
IT_085	2	0.8163796663284302
IT_085	3	0.060287367552518845
IT_085	4	0.8485314846038818
IT_085	5	0.6941156387329102
IT_085	6	0.46081793308258057
IT_085	7	0.1317019909620285
IT_085	8	0.3042990267276764
IT_085	9	0.27117815613746643
IT_085	10	0.27788498997688293
IT_085	11	0.15492583811283112
IT_085	12	0.1477161943912506
IT_085	13	0.4123096466064453
IT_085	14	0.10073380917310715
IT_085	15	0.040030673146247864
IT_085	16	0.0828731432557106
IT_085	17	0.187799870967865
IT_085	18	0.37410953640937805
IT_085	19	0.8018467426300049
IT_085	20	0.15790529549121857
IT_085	21	0.039959535002708435
IT_085	22	0.926342248916626
IT_085	23	0.4730634093284607
IT_085	24	0.8138850927352905
IT_085	25	0.791752278804779
IT_085	26	0.962113618850708
IT_085	27	0.9025188684463501
IT_085	28	0.3611167073249817
IT_085	29	0.02342720329761505
IT_092	1	0.013152229599654675
IT_092	2	0.4094189703464508
IT_092	3	0.960961639881134
IT_092	4	0.6855077147483826
IT_092	5	0.17207838594913483
IT_092	6	0.1306380033493042
IT_092	7	0.7802914977073669
IT_092	8	0.021246757358312607
IT_092	9	0.029743032529950142
IT_092	10	0.9370061755180359
IT_092	11	0.09329944849014282
IT_092	12	0.39582961797714233
IT_092	13	0.6351972222328186
IT_092	14	0.3811185956001282
IT_092	15	0.5315772294998169
IT_092	16	0.6410301923751831
IT_092	17	0.6808339357376099
IT_092	18	0.06838370114564896
IT_092	19	0.08463604748249054
IT_092	20	0.16873502731323242
IT_092	21	0.8572120070457458
IT_092	22	0.06280557066202164
IT_092	23	0.7093043327331543
IT_092	24	0.6013970375061035
IT_104	1	0.8531334400177002
IT_104	2	0.7079076766967773
IT_104	3	0.9037891030311584
IT_104	4	0.8027260303497314
IT_104	5	0.974027156829834
IT_104	6	0.8604930639266968
IT_104	7	0.8242731690406799
IT_104	8	0.9864077568054199
IT_104	9	0.21499434113502502
IT_104	10	0.18391631543636322
IT_104	11	0.9485688805580139
IT_104	12	0.3114633560180664
IT_104	13	0.6423890590667725
IT_104	14	0.9113901257514954
IT_104	15	0.4118180274963379
IT_104	16	0.42885518074035645
IT_110	1	0.8324245810508728
IT_110	2	0.7645590305328369
IT_110	3	0.665472149848938
IT_110	4	0.6020810008049011
IT_110	5	0.031992021948099136
IT_110	6	0.79497230052948
IT_110	7	0.6478463411331177
IT_110	8	0.6709362268447876
IT_110	9	0.5615179538726807
IT_110	10	0.616619884967804
IT_110	11	0.9528140425682068
IT_110	12	0.9201543927192688
IT_110	13	0.9870221018791199
IT_110	14	0.7584230303764343
IT_110	15	0.4261610209941864
IT_110	16	0.7150477766990662
IT_110	17	0.4763118326663971
IT_110	18	0.9263560771942139
IT_110	19	0.5182399749755859
IT_110	20	0.10717150568962097
IT_110	21	0.9149406552314758
IT_110	22	0.031164322048425674
IT_110	23	0.35440170764923096
IT_110	24	0.6952641010284424
IT_110	25	0.9565144777297974
IT_110	26	0.8826922178268433
IT_124	1	0.5979639291763306
IT_124	2	0.010817080736160278
IT_124	3	0.9281913042068481
IT_124	4	0.896034836769104
IT_124	5	0.2427835911512375
IT_124	6	0.2059379667043686
IT_124	7	0.5934985280036926
IT_124	8	0.5450687408447266
IT_124	9	0.39659222960472107
IT_124	10	0.6055673360824585
IT_124	11	0.8009786605834961
IT_124	12	0.9768192172050476
IT_124	13	0.15148624777793884
IT_124	14	0.2910853922367096
IT_124	15	0.5002647042274475
IT_124	16	0.24762669205665588
IT_124	17	0.9595149159431458
IT_124	18	0.9153399467468262
IT_126	1	0.9765353798866272
IT_126	2	0.6033713817596436
IT_126	3	0.9180341958999634
IT_126	4	0.9306485056877136
IT_126	5	0.9518783688545227
IT_126	6	0.22792550921440125
IT_126	7	0.08467242866754532
IT_126	8	0.9483832120895386
IT_126	9	0.6916726231575012
IT_126	10	0.6095072031021118
IT_126	11	0.8710665702819824
IT_126	12	0.910306990146637
IT_126	13	0.8671331405639648
IT_126	14	0.15692773461341858
IT_126	15	0.6206384301185608
IT_126	16	0.722768247127533
IT_127	1	0.7286710143089294
IT_127	2	0.3685489594936371
IT_127	3	0.004952568560838699
IT_127	4	0.9277194142341614
IT_127	5	0.06063792482018471
IT_127	6	0.6087127923965454
IT_127	7	0.6942237019538879
IT_127	8	0.12531985342502594
IT_127	9	0.8777773380279541
IT_127	10	0.6558212041854858
IT_127	11	0.7000207901000977
IT_127	12	0.9858679175376892
IT_127	13	0.16737252473831177
IT_127	14	0.5282407402992249
IT_127	15	0.1812814325094223
IT_127	16	0.5722349286079407
IT_127	17	0.7887642979621887
IT_127	18	0.8446115255355835
IT_127	19	0.766761302947998
IT_127	20	0.935501754283905
IT_127	21	0.7302542924880981
IT_127	22	0.9861652851104736
IT_127	23	0.5857877135276794
IT_127	24	0.4279767572879791
IT_127	25	0.8289649486541748
IT_127	26	0.8561388850212097
IT_127	27	0.7788477540016174
IT_127	28	0.45057162642478943
IT_127	29	0.6409610509872437
IT_127	30	0.7793674468994141
IT_127	31	0.8543547987937927
IT_127	32	0.657066822052002
IT_127	33	0.32904481887817383
IT_127	34	0.9682666063308716
IT_127	35	0.11281429976224899
IT_127	36	0.8845603466033936
IT_127	37	0.38085514307022095
IT_127	38	0.7217705845832825
IT_127	39	0.716806948184967
IT_127	40	0.5390912294387817
IT_127	41	0.9643197655677795
IT_127	42	0.7972806692123413
IT_127	43	0.9149688482284546
IT_127	44	0.8517399430274963
IT_128	1	0.7038190364837646
IT_128	2	0.28213760256767273
IT_128	3	0.5489638447761536
IT_128	4	0.9303890466690063
IT_128	5	0.42522522807121277
IT_128	6	0.08709311485290527
IT_128	7	0.6066750884056091
IT_128	8	0.4338831305503845
IT_128	9	0.40510937571525574
IT_128	10	0.46922576427459717
IT_128	11	0.49429842829704285
IT_128	12	0.39734509587287903
IT_128	13	0.5548442602157593
IT_128	14	0.29398640990257263
IT_128	15	0.0936475619673729
IT_128	16	0.37467440962791443
IT_128	17	0.26368090510368347
IT_128	18	0.4466434121131897
IT_128	19	0.5229135155677795
IT_128	20	0.3511893153190613
IT_128	21	0.5083091259002686
IT_128	22	0.285043329000473
IT_128	23	0.4191702604293823
IT_129	1	0.4419621527194977
IT_129	2	0.586945116519928
IT_129	3	0.9486983418464661
IT_129	4	0.08414210379123688
IT_129	5	0.3346933424472809
IT_129	6	0.8708336353302002
IT_129	7	0.22453197836875916
IT_129	8	0.4392859637737274
IT_129	9	0.7842536568641663
IT_129	10	0.47826099395751953
IT_129	11	0.5127853155136108
IT_129	12	0.3731979727745056
IT_129	13	0.4433247148990631
IT_129	14	0.7034624814987183
IT_129	15	0.12757451832294464
IT_129	16	0.7805395126342773
IT_129	17	0.09562422335147858
IT_129	18	0.4559069573879242
IT_129	19	0.6348005533218384
IT_129	20	0.44340699911117554
IT_129	21	0.6256663203239441
IT_129	22	0.562812864780426
IT_129	23	0.45792078971862793
IT_133	1	0.4542858302593231
IT_133	2	0.7523103356361389
IT_133	3	0.899869978427887
IT_133	4	0.06946133077144623
IT_133	5	0.6032221913337708
IT_133	6	0.32049229741096497
IT_133	7	0.3198695182800293
IT_133	8	0.5026504397392273
IT_133	9	0.7465639710426331
IT_133	10	0.44451090693473816
IT_133	11	0.3482934236526489
IT_133	12	0.5075277090072632
IT_133	13	0.201385498046875
IT_133	14	0.5859392285346985
IT_133	15	0.311577171087265
IT_133	16	0.34327757358551025
IT_133	17	0.6241101026535034
IT_133	18	0.36989927291870117
IT_133	19	0.41399386525154114
IT_133	20	0.546765923500061
IT_133	21	0.632068932056427
IT_133	22	0.3512474298477173
IT_140	1	0.00797373615205288
IT_140	2	0.31354543566703796
IT_140	3	0.9381744265556335
IT_140	4	0.3787606656551361
IT_140	5	0.9390471577644348
IT_140	6	0.9518697261810303
IT_140	7	0.7847647666931152
IT_140	8	0.7402012944221497
IT_140	9	0.9351937770843506
IT_140	10	0.9509210586547852
IT_140	11	0.8496630191802979
IT_140	12	0.22470667958259583
IT_140	13	0.7613013982772827
IT_140	14	0.22285616397857666
IT_140	15	0.10395476222038269
IT_141	1	0.4304026961326599
IT_141	2	0.4266096353530884
IT_141	3	0.8788589835166931
IT_141	4	0.33541810512542725
IT_141	5	0.4653468132019043
IT_141	6	0.3574030101299286
IT_141	7	0.4563068449497223
IT_141	8	0.9506078958511353
IT_141	9	0.5122891068458557
IT_141	10	0.6786658763885498
IT_141	11	0.5952596068382263
IT_141	12	0.5350554585456848
IT_141	13	0.7109185457229614
IT_141	14	0.1597549170255661
IT_141	15	0.11339722573757172
IT_141	16	0.7399644255638123
IT_141	17	0.4488505721092224
IT_141	18	0.2574051022529602
IT_141	19	0.5193312168121338
IT_141	20	0.6761901378631592
IT_141	21	0.3858475387096405
IT_141	22	0.6254830360412598
IT_141	23	0.26460209488868713
IT_141	24	0.3920401334762573
IT_141	25	0.43361786007881165
IT_141	26	0.5116189122200012
IT_141	27	0.33610084652900696
IT_141	28	0.3480580449104309
IT_141	29	0.7179976105690002
IT_141	30	0.4082796275615692
IT_143	1	0.053191233426332474
IT_143	2	0.6785762906074524
IT_143	3	0.02768109366297722
IT_143	4	0.593851625919342
IT_143	5	0.7476054430007935
IT_143	6	0.9730451703071594
IT_143	7	0.7815258502960205
IT_143	8	0.7020092606544495
IT_143	9	0.6683231592178345
IT_143	10	0.7154576778411865
IT_143	11	0.852628767490387
IT_143	12	0.09699809551239014
IT_143	13	0.16650208830833435
IT_143	14	0.02771870791912079
IT_143	15	0.05986790731549263
IT_143	16	0.8392312526702881
IT_143	17	0.08236601203680038
IT_143	18	0.48605379462242126
IT_143	19	0.23119217157363892
IT_143	20	0.2754514217376709
IT_143	21	0.0776810422539711
IT_156	1	0.19147847592830658
IT_156	2	0.05309804901480675
IT_156	3	0.13164648413658142
IT_156	4	0.15173356235027313
IT_156	5	0.16887877881526947
IT_156	6	0.17307049036026
IT_156	7	0.015170593746006489
IT_156	8	0.03519265726208687
IT_156	9	0.06745199859142303
IT_156	10	0.26572516560554504
IT_156	11	0.04363790526986122
IT_156	12	0.31665924191474915
IT_156	13	0.007654757704585791
IT_156	14	0.24464386701583862
IT_156	15	0.8448033928871155
IT_156	16	0.05625424161553383
IT_156	17	0.9770908355712891
IT_156	18	0.9676334857940674
IT_158	1	0.054012004286050797
IT_158	2	0.3466496467590332
IT_158	3	0.8805460333824158
IT_158	4	0.652104377746582
IT_158	5	0.9129550457000732
IT_158	6	0.6591013073921204
IT_158	7	0.8441173434257507
IT_158	8	0.9345486760139465
IT_158	9	0.9291563034057617
IT_158	10	0.731849730014801
IT_158	11	0.5275529026985168
IT_158	12	0.5807690620422363
IT_158	13	0.8929600715637207
IT_158	14	0.25083112716674805
IT_158	15	0.9417663812637329
IT_158	16	0.38748663663864136
IT_158	17	0.8865203857421875
IT_158	18	0.2694185972213745
IT_158	19	0.09149698913097382
IT_158	20	0.5850511193275452
IT_158	21	0.8247076869010925
IT_158	22	0.9221744537353516
IT_161	1	0.8616180419921875
IT_161	2	0.5939007997512817
IT_161	3	0.6115183234214783
IT_161	4	0.5977647304534912
IT_161	5	0.32608091831207275
IT_161	6	0.6488640308380127
IT_161	7	0.5722880363464355
IT_161	8	0.1189458817243576
IT_161	9	0.9817523956298828
IT_161	10	0.3283185362815857
IT_161	11	0.9824283719062805
IT_161	12	0.8553749322891235
IT_161	13	0.8531400561332703
IT_161	14	0.9670020341873169
IT_161	15	0.9845054745674133
IT_161	16	0.10592358559370041
IT_161	17	0.17039623856544495
IT_161	18	0.667312741279602
IT_161	19	0.8938835263252258
IT_161	20	0.93717360496521
IT_161	21	0.8285091519355774
IT_161	22	0.14433959126472473
IT_161	23	0.7899158596992493
IT_161	24	0.9820603132247925
IT_161	25	0.4362281858921051
IT_161	26	0.2429703027009964
IT_161	27	0.7654571533203125
IT_161	28	0.9906405210494995
IT_161	29	0.2551790773868561
IT_161	30	0.016066597774624825
IT_161	31	0.36670488119125366
IT_165	1	0.006439728196710348
IT_165	2	0.38697096705436707
IT_165	3	0.01591517962515354
IT_165	4	0.7206346392631531
IT_165	5	0.3361528515815735
IT_165	6	0.015044910833239555
IT_165	7	0.00936008058488369
IT_165	8	0.9022647738456726
IT_165	9	0.26114627718925476
IT_165	10	0.7182617783546448
IT_165	11	0.9452105760574341
IT_165	12	0.9806760549545288
IT_171	1	0.19109392166137695
IT_171	2	0.5662867426872253
IT_171	3	0.5776822566986084
IT_171	4	0.3903270661830902
IT_171	5	0.5085908770561218
IT_171	6	0.8032950162887573
IT_171	7	0.7579237222671509
IT_171	8	0.20928415656089783
IT_171	9	0.8254933953285217
IT_171	10	0.12616953253746033
IT_171	11	0.6540163159370422
IT_171	12	0.7423516511917114
IT_171	13	0.26018548011779785
IT_171	14	0.13851559162139893
IT_171	15	0.9072951674461365
IT_171	16	0.5372380614280701
IT_171	17	0.22831343114376068
IT_176	1	0.32567283511161804
IT_176	2	0.7561082243919373
IT_176	3	0.16437804698944092
IT_176	4	0.8747153878211975
IT_176	5	0.6212021112442017
IT_176	6	0.39731061458587646
IT_176	7	0.23329123854637146
IT_176	8	0.50697261095047
IT_176	9	0.05697501450777054
IT_176	10	0.9374822378158569
IT_176	11	0.08874231576919556
IT_176	12	0.13161349296569824
IT_176	13	0.26605820655822754
IT_176	14	0.8772732615470886
IT_176	15	0.8287914991378784
IT_176	16	0.2680473029613495
IT_176	17	0.11986802518367767
IT_182	1	0.9725353121757507
IT_182	2	0.9030600786209106
IT_182	3	0.8622536659240723
IT_182	4	0.23563076555728912
IT_182	5	0.009348728694021702
IT_182	6	0.16973882913589478
IT_182	7	0.21379731595516205
IT_182	8	0.4144143760204315
IT_182	9	0.5774360299110413
IT_182	10	0.2434786558151245
IT_182	11	0.16306103765964508
IT_183	1	0.10691309720277786
IT_183	2	0.41412127017974854
IT_183	3	0.09282413125038147
IT_183	4	0.9444350600242615
IT_183	5	0.37856417894363403
IT_183	6	0.6680273413658142
IT_183	7	0.3644283711910248
IT_183	8	0.9611018300056458
IT_183	9	0.9136195182800293
IT_183	10	0.9268301129341125
IT_183	11	0.5022879242897034
IT_183	12	0.7807593941688538
IT_183	13	0.5672513246536255
IT_183	14	0.3097212612628937
IT_183	15	0.03620796650648117
IT_183	16	0.8488293886184692
IT_183	17	0.4347227215766907
IT_183	18	0.3134967088699341
IT_183	19	0.8607446551322937
IT_183	20	0.8705833554267883
IT_183	21	0.3482186794281006
IT_183	22	0.977320671081543
IT_183	23	0.8218037486076355
IT_183	24	0.9086620211601257
IT_185	1	0.1944163590669632
IT_185	2	0.29189732670783997
IT_185	3	0.056709371507167816
IT_185	4	0.9678136706352234
IT_185	5	0.7591004967689514
IT_185	6	0.9662948846817017
IT_185	7	0.9904822111129761
IT_185	8	0.930063784122467
IT_185	9	0.6073301434516907
IT_185	10	0.9116771817207336
IT_185	11	0.9143552780151367
IT_185	12	0.9468600153923035
IT_185	13	0.911557137966156
IT_185	14	0.7230758666992188
IT_185	15	0.9785478115081787
IT_185	16	0.30006808042526245
IT_185	17	0.7922156453132629
IT_185	18	0.9649551510810852
IT_185	19	0.9661703705787659
IT_187	1	0.09368199110031128
IT_187	2	0.18845567107200623
IT_187	3	0.8889500498771667
IT_187	4	0.899640679359436
IT_187	5	0.609031081199646
IT_187	6	0.9459877610206604
IT_187	7	0.32005172967910767
IT_187	8	0.5586702227592468
IT_187	9	0.16757091879844666
IT_187	10	0.45064157247543335
IT_187	11	0.787595808506012
IT_187	12	0.2058931291103363
IT_187	13	0.8786459565162659
IT_187	14	0.24163353443145752
IT_187	15	0.4864628314971924
IT_187	16	0.3383691608905792
IT_187	17	0.019412647932767868
IT_189	1	0.3596442937850952
IT_189	2	0.08256611227989197
IT_189	3	0.745455801486969
IT_189	4	0.299758642911911
IT_189	5	0.08730542659759521
IT_189	6	0.3980322778224945
IT_189	7	0.80511474609375
IT_189	8	0.15582051873207092
IT_189	9	0.9023540616035461
IT_189	10	0.704917848110199
IT_189	11	0.7715973258018494
IT_189	12	0.8914401531219482
IT_189	13	0.718987762928009
IT_189	14	0.7083148956298828
IT_189	15	0.7957078814506531
IT_189	16	0.7134453058242798
IT_189	17	0.09431887418031693
IT_189	18	0.6892557740211487
IT_189	19	0.3789864182472229
IT_189	20	0.6297995448112488
IT_189	21	0.8453519940376282
IT_189	22	0.11452560871839523
IT_193	1	0.08636502921581268
IT_193	2	0.40332111716270447
IT_193	3	0.5003362894058228
IT_193	4	0.7455697655677795
IT_193	5	0.719519853591919
IT_193	6	0.8257845044136047
IT_193	7	0.9418932795524597
IT_193	8	0.7737642526626587
IT_193	9	0.33399611711502075
IT_193	10	0.47875505685806274
IT_193	11	0.5811043381690979
IT_193	12	0.7506742477416992
IT_193	13	0.7254764437675476
IT_193	14	0.6856566071510315
IT_193	15	0.6152734756469727
IT_193	16	0.6357024908065796
IT_193	17	0.8573468327522278
IT_193	18	0.9430004954338074
IT_193	19	0.27887436747550964
IT_193	20	0.9633679986000061
IT_193	21	0.6952015161514282
IT_193	22	0.8346477746963501
IT_193	23	0.9329895377159119
IT_193	24	0.7366078495979309
IT_193	25	0.9697339534759521
IT_193	26	0.6280115842819214
IT_193	27	0.6630670428276062
IT_193	28	0.01993892900645733
IT_193	29	0.8857195973396301
IT_193	30	0.9560330510139465
IT_194	1	0.7009351849555969
IT_194	2	0.2519091069698334
IT_194	3	0.6865701675415039
IT_194	4	0.4905592203140259
IT_194	5	0.8424451351165771
IT_194	6	0.35630637407302856
IT_194	7	0.9618600010871887
IT_194	8	0.9337509274482727
IT_194	9	0.7351414561271667
IT_194	10	0.9536328911781311
IT_194	11	0.5373821258544922
IT_194	12	0.20146335661411285
IT_194	13	0.23166382312774658
IT_194	14	0.9433520436286926
IT_194	15	0.3304623067378998
IT_194	16	0.9701225757598877
IT_194	17	0.051101312041282654
IT_194	18	0.9470298886299133
IT_194	19	0.6908314228057861
IT_194	20	0.957313597202301
IT_194	21	0.059751324355602264
IT_205	1	0.5269584655761719
IT_205	2	0.1055862084031105
IT_205	3	0.23535855114459991
IT_205	4	0.0951862558722496
IT_205	5	0.2836615741252899
IT_205	6	0.04502154886722565
IT_205	7	0.40389344096183777
IT_205	8	0.036466989666223526
IT_205	9	0.420091450214386
IT_205	10	0.6249838471412659
IT_205	11	0.6844664812088013
IT_205	12	0.2158692479133606
IT_205	13	0.5697935819625854
IT_205	14	0.96917724609375
IT_205	15	0.9556222558021545
IT_205	16	0.5231021046638489
IT_205	17	0.04417356476187706
IT_205	18	0.7962741255760193
IT_205	19	0.1726568639278412
IT_205	20	0.6254989504814148
IT_205	21	0.9216501712799072
IT_205	22	0.9621605277061462
IT_205	23	0.2677280902862549
IT_205	24	0.9824805855751038
IT_211	1	0.05536630377173424
IT_211	2	0.9290846586227417
IT_211	3	0.3975764214992523
IT_211	4	0.6897995471954346
IT_211	5	0.8181518912315369
IT_211	6	0.7068240642547607
IT_211	7	0.2306523621082306
IT_211	8	0.7758967876434326
IT_211	9	0.34376081824302673
IT_211	10	0.8192495107650757
IT_211	11	0.9309457540512085
IT_211	12	0.11508142203092575
IT_211	13	0.8478379845619202
IT_211	14	0.936436116695404
IT_211	15	0.7263274788856506
IT_211	16	0.9117900729179382
IT_211	17	0.17895355820655823
IT_213	1	0.04059690237045288
IT_213	2	0.6221375465393066
IT_213	3	0.06754957139492035
IT_213	4	0.04418520629405975
IT_213	5	0.7814196348190308
IT_213	6	0.32193687558174133
IT_213	7	0.8758049011230469
IT_213	8	0.05993526801466942
IT_213	9	0.9487082362174988
IT_213	10	0.44641178846359253
IT_213	11	0.887890636920929
IT_213	12	0.6958180069923401
IT_213	13	0.7934618592262268
IT_213	14	0.11524061858654022
IT_213	15	0.4128040671348572
IT_213	16	0.2809447646141052
IT_213	17	0.005311041139066219
IT_218	1	0.0024322790559381247
IT_218	2	0.2768206000328064
IT_218	3	0.228274405002594
IT_218	4	0.041858796030282974
IT_218	5	0.8566790223121643
IT_218	6	0.9238287210464478
IT_218	7	0.6551527976989746
IT_218	8	0.05252264812588692
IT_218	9	0.04482373595237732
IT_218	10	0.01966153271496296
IT_218	11	0.12973491847515106
IT_218	12	0.6652381420135498
IT_218	13	0.15660253167152405
IT_218	14	0.6500808000564575
IT_218	15	0.7434093356132507
IT_218	16	0.27075088024139404
IT_218	17	0.2488134503364563
IT_218	18	0.14305466413497925
IT_218	19	0.09400021284818649
IT_218	20	0.8235172629356384
IT_218	21	0.9683700203895569
IT_218	22	0.14592128992080688
IT_218	23	0.40543878078460693
IT_218	24	0.07299001514911652
IT_218	25	0.9766514897346497
IT_218	26	0.13794568181037903
IT_218	27	0.9388061165809631
IT_218	28	0.058960795402526855
IT_218	29	0.9630920886993408
IT_224	1	0.8804497122764587
IT_224	2	0.7262718081474304
IT_224	3	0.6606718897819519
IT_224	4	0.6370851993560791
IT_224	5	0.15062716603279114
IT_224	6	0.7785642147064209
IT_224	7	0.08251794427633286
IT_224	8	0.8328379392623901
IT_224	9	0.6647012233734131
IT_224	10	0.9524113535881042
IT_224	11	0.20260842144489288
IT_224	12	0.14730173349380493
IT_224	13	0.8410768508911133
IT_224	14	0.2691379189491272
IT_224	15	0.4369363486766815
IT_224	16	0.8729411363601685
IT_224	17	0.2577674090862274
IT_224	18	0.09661130607128143
IT_224	19	0.9643039107322693
IT_224	20	0.5018035173416138
IT_224	21	0.25619953870773315
IT_224	22	0.6313901543617249
IT_224	23	0.43797221779823303
IT_228	1	0.5693771839141846
IT_228	2	0.7508084177970886
IT_228	3	0.24083669483661652
IT_228	4	0.6282539963722229
IT_228	5	0.8655681014060974
IT_228	6	0.47491511702537537
IT_228	7	0.932654619216919
IT_228	8	0.6182032823562622
IT_228	9	0.8648474812507629
IT_228	10	0.8771076202392578
IT_228	11	0.8067939877510071
IT_228	12	0.7746952176094055
IT_228	13	0.3704123795032501
IT_228	14	0.3938591480255127
IT_228	15	0.9137536883354187
IT_228	16	0.6847658157348633
IT_228	17	0.7769615054130554
IT_228	18	0.5292300581932068
IT_228	19	0.91162109375
IT_239	1	0.668867290019989
IT_239	2	0.8782797455787659
IT_239	3	0.903907299041748
IT_239	4	0.8791957497596741
IT_239	5	0.9739588499069214
IT_239	6	0.7376778721809387
IT_239	7	0.9417699575424194
IT_239	8	0.8051838874816895
IT_239	9	0.6621633172035217
IT_239	10	0.7571090459823608
IT_239	11	0.5950172543525696
IT_239	12	0.8737455010414124
IT_239	13	0.7792215347290039
IT_239	14	0.9100844860076904
IT_239	15	0.17885810136795044
IT_239	16	0.5604041814804077
IT_239	17	0.42740797996520996
IT_239	18	0.9380283951759338
IT_239	19	0.603705644607544
IT_239	20	0.965056836605072
IT_239	21	0.1603851318359375
IT_247	1	0.7390776872634888
IT_247	2	0.14087602496147156
IT_247	3	0.030864588916301727
IT_247	4	0.2518255114555359
IT_247	5	0.22747637331485748
IT_247	6	0.6494050025939941
IT_247	7	0.5825554728507996
IT_247	8	0.4518166184425354
IT_247	9	0.13735711574554443
IT_247	10	0.2589435577392578
IT_247	11	0.413484662771225
IT_247	12	0.5995088815689087
IT_247	13	0.8381588459014893
IT_247	14	0.649268388748169
IT_247	15	0.7309585809707642
IT_247	16	0.37536919116973877
IT_247	17	0.35163795948028564
IT_247	18	0.5661770105361938
IT_247	19	0.11727214604616165
IT_247	20	0.6628597378730774
IT_247	21	0.5430681705474854
IT_247	22	0.44195130467414856
IT_247	23	0.2229389101266861
IT_247	24	0.4338020086288452
IT_247	25	0.27914026379585266
IT_247	26	0.6080574989318848
IT_247	27	0.8180203437805176
IT_247	28	0.7645700573921204
IT_247	29	0.4711751937866211
IT_247	30	0.25685277581214905
IT_247	31	0.4414055645465851
IT_M_007	1	0.12708203494548798
IT_M_007	2	0.8128744959831238
IT_M_007	3	0.9672867655754089
IT_M_007	4	0.8026031851768494
IT_M_007	5	0.9869357943534851
IT_M_007	6	0.3657865822315216
IT_M_007	7	0.7920293211936951
IT_M_007	8	0.7806610465049744
IT_M_007	9	0.5158259272575378
IT_M_007	10	0.5922979712486267
IT_M_007	11	0.7798716425895691
IT_M_007	12	0.4373026192188263
IT_M_007	13	0.17324353754520416
IT_M_007	14	0.7851355671882629
IT_M_007	15	0.8330207467079163
IT_M_007	16	0.9184412360191345
IT_M_007	17	0.8519221544265747
IT_M_013	1	0.4846060276031494
IT_M_013	2	0.3841797411441803
IT_M_013	3	0.4503755271434784
IT_M_013	4	0.07780297845602036
IT_M_013	5	0.5368363857269287
IT_M_013	6	0.29469236731529236
IT_M_013	7	0.0864868238568306
IT_M_013	8	0.747922420501709
IT_M_013	9	0.617505669593811
IT_M_013	10	0.4271945655345917
IT_M_013	11	0.6641993522644043
IT_M_013	12	0.5858205556869507
IT_M_013	13	0.9150509834289551
IT_M_013	14	0.9494913816452026
IT_M_013	15	0.46322622895240784
IT_M_013	16	0.5541284680366516
IT_M_013	17	0.7815104126930237
IT_M_013	18	0.8777485489845276
IT_M_013	19	0.7304109930992126
IT_M_013	20	0.3854820728302002
IT_M_013	21	0.656215488910675
IT_M_013	22	0.9854463338851929
IT_M_013	23	0.5932765007019043
IT_M_018	1	0.9188600778579712
IT_M_018	2	0.7515619397163391
IT_M_018	3	0.9863100051879883
IT_M_018	4	0.9873046278953552
IT_M_018	5	0.5848488211631775
IT_M_018	6	0.8916729092597961
IT_M_019	1	0.9340198636054993
IT_M_019	2	0.9168519973754883
IT_M_019	3	0.5200652480125427
IT_M_019	4	0.3660103380680084
IT_M_019	5	0.5360655188560486
IT_M_019	6	0.6128284931182861
IT_M_019	7	0.9853476881980896
IT_M_019	8	0.8471305966377258
IT_M_019	9	0.965667188167572
IT_M_019	10	0.9889189600944519
IT_M_019	11	0.786198616027832
IT_M_019	12	0.9740824103355408
IT_M_019	13	0.9392699599266052
IT_M_019	14	0.7586397528648376
IT_M_019	15	0.5232186317443848
IT_M_019	16	0.6053400635719299
IT_M_019	17	0.9434729814529419
IT_M_019	18	0.9457857608795166
IT_M_019	19	0.9855070114135742
IT_M_019	20	0.42113345861434937
IT_M_019	21	0.943123459815979
IT_M_019	22	0.9773997664451599
IT_M_023	1	0.275066077709198
IT_M_023	2	0.9483163356781006
IT_M_023	3	0.8906301259994507
IT_M_023	4	0.9011058807373047
IT_M_023	5	0.9133554100990295
IT_M_023	6	0.9381026029586792
IT_M_023	7	0.7550016641616821
IT_M_023	8	0.6081445813179016
IT_M_023	9	0.8346178531646729
IT_M_023	10	0.6702672243118286
IT_M_023	11	0.9591497778892517
IT_M_023	12	0.9745298624038696
IT_M_023	13	0.2605765759944916
IT_M_023	14	0.6524549722671509
IT_M_023	15	0.5874015092849731
IT_M_023	16	0.5582302808761597
IT_M_027	1	0.7051656246185303
IT_M_027	2	0.7163477540016174
IT_M_027	3	0.501354992389679
IT_M_027	4	0.468895822763443
IT_M_027	5	0.617579996585846
IT_M_027	6	0.48592710494995117
IT_M_027	7	0.9475364089012146
IT_M_027	8	0.8884837627410889
IT_M_027	9	0.9637097716331482
IT_M_027	10	0.7027499675750732
IT_M_027	11	0.8727173209190369
IT_M_027	12	0.6834070086479187
IT_M_027	13	0.292697012424469
IT_M_027	14	0.7513633966445923
IT_M_027	15	0.6578962206840515
IT_M_027	16	0.7146593928337097
IT_M_027	17	0.8331703543663025
IT_M_027	18	0.4061802327632904
NL_005	1	0.46086233854293823
NL_005	2	0.7769520878791809
NL_005	3	0.6559508442878723
NL_005	4	0.19976398348808289
NL_005	5	0.10447832196950912
NL_005	6	0.8828274607658386
NL_005	7	0.08563321828842163
NL_005	8	0.8159027099609375
NL_005	9	0.8527060151100159
NL_005	10	0.305116206407547
NL_005	11	0.4152630567550659
NL_005	12	0.4391234517097473
NL_005	13	0.4613046944141388
NL_005	14	0.07950742542743683
NL_005	15	0.293357253074646
NL_005	16	0.9455496072769165
NL_005	17	0.193772092461586
NL_005	18	0.506912887096405
NL_005	19	0.19704210758209229
NL_005	20	0.6158855557441711
NL_005	21	0.6942071914672852
NL_005	22	0.2888868749141693
NL_005	23	0.4484129548072815
NL_005	24	0.23887525498867035
NL_005	25	0.9151807427406311
NL_005	26	0.9296777844429016
NL_005	27	0.8167241215705872
NL_005	28	0.4315465986728668
NL_005	29	0.3592328727245331
NL_005	30	0.3352976143360138
NL_005	31	0.9661357402801514
NL_005	32	0.9719821214675903
NL_010	1	0.588554859161377
NL_010	2	0.33218955993652344
NL_010	3	0.43617093563079834
NL_010	4	0.34289759397506714
NL_010	5	0.24884077906608582
NL_010	6	0.6296595335006714
NL_010	7	0.8728371858596802
NL_010	8	0.2524254322052002
NL_010	9	0.38965487480163574
NL_010	10	0.34388357400894165
NL_010	11	0.4534904360771179
NL_010	12	0.5089893937110901
NL_010	13	0.9704146981239319
NL_010	14	0.5467664003372192
NL_010	15	0.4089969992637634
NL_010	16	0.5209589004516602
NL_010	17	0.43645530939102173
NL_010	18	0.2582508623600006
NL_010	19	0.27683982253074646
NL_011	1	0.2568082809448242
NL_011	2	0.21081849932670593
NL_011	3	0.11727804690599442
NL_011	4	0.6217412352561951
NL_011	5	0.5906714200973511
NL_011	6	0.3464087247848511
NL_011	7	0.05195643752813339
NL_011	8	0.06766075640916824
NL_011	9	0.9416002035140991
NL_011	10	0.17692740261554718
NL_011	11	0.5023282766342163
NL_011	12	0.7714765071868896
NL_011	13	0.9745656847953796
NL_011	14	0.43701282143592834
NL_011	15	0.5831770896911621
NL_011	16	0.8423147797584534
NL_011	17	0.008281202986836433
NL_011	18	0.3331582546234131
NL_011	19	0.6384714245796204
NL_011	20	0.561793863773346
NL_011	21	0.8284929394721985
NL_011	22	0.9699018001556396
NL_011	23	0.03641799837350845
NL_011	24	0.36073601245880127
NL_011	25	0.5498008131980896
NL_011	26	0.937747061252594
NL_011	27	0.2168051153421402
NL_011	28	0.16291071474552155
NL_011	29	0.7450569272041321
NL_011	30	0.8587453961372375
NL_011	31	0.8214247226715088
NL_011	32	0.6442558765411377
NL_011	33	0.19175058603286743
NL_011	34	0.27541860938072205
NL_011	35	0.7533525824546814
NL_011	36	0.39849790930747986
NL_011	37	0.12688152492046356
NL_011	38	0.2056078165769577
NL_011	39	0.7622632384300232
NL_011	40	0.6891031861305237
NL_011	41	0.7459703087806702
NL_015	1	0.09316539019346237
NL_015	2	0.14907588064670563
NL_015	3	0.8547601699829102
NL_015	4	0.47956594824790955
NL_015	5	0.7003111839294434
NL_015	6	0.7315387725830078
NL_015	7	0.847394585609436
NL_015	8	0.4800669848918915
NL_015	9	0.7138224244117737
NL_015	10	0.7851396799087524
NL_015	11	0.6800860166549683
NL_015	12	0.7926918864250183
NL_015	13	0.016784364357590675
NL_015	14	0.6973295211791992
NL_015	15	0.6825685501098633
NL_015	16	0.9724420309066772
NL_015	17	0.9047138094902039
NL_015	18	0.5616610050201416
NL_015	19	0.7940930128097534
NL_015	20	0.6575632691383362
NL_015	21	0.029112057760357857
NL_015	22	0.7044066190719604
NL_015	23	0.562802255153656
NL_015	24	0.09118018299341202
NL_015	25	0.746300220489502
NL_015	26	0.14668376743793488
NL_017	1	0.5686932802200317
NL_017	2	0.7289066910743713
NL_017	3	0.21683067083358765
NL_017	4	0.5560373067855835
NL_017	5	0.10373986512422562
NL_017	6	0.8191089034080505
NL_017	7	0.8578858971595764
NL_017	8	0.5271362662315369
NL_017	9	0.06021766737103462
NL_017	10	0.019309526309370995
NL_017	11	0.8330004811286926
NL_017	12	0.770355761051178
NL_017	13	0.062424186617136
NL_017	14	0.953677237033844
NL_017	15	0.7430873513221741
NL_017	16	0.8698868751525879
NL_017	17	0.37548890709877014
NL_017	18	0.9518676996231079
NL_024	1	0.08086306601762772
NL_024	2	0.07832518965005875
NL_024	3	0.050793081521987915
NL_024	4	0.2505924701690674
NL_024	5	0.7552828788757324
NL_024	6	0.7016708254814148
NL_024	7	0.5773931741714478
NL_024	8	0.910984456539154
NL_024	9	0.9091882109642029
NL_024	10	0.9215981960296631
NL_024	11	0.9395734071731567
NL_024	12	0.09402892738580704
NL_024	13	0.47268781065940857
NL_024	14	0.8253175616264343
NL_024	15	0.5730437636375427
NL_024	16	0.33929288387298584
NL_024	17	0.5157864093780518
NL_024	18	0.22041113674640656
NL_024	19	0.9114384651184082
NL_024	20	0.2901557683944702
NL_024	21	0.37175050377845764
NL_024	22	0.9075449705123901
NL_024	23	0.1746496558189392
NL_024	24	0.5394277572631836
NL_024	25	0.9041653275489807
NL_024	26	0.4411150813102722
NL_024	27	0.09675318747758865
NL_024	28	0.18282312154769897
NL_024	29	0.2228904366493225
NL_024	30	0.20030352473258972
NL_024	31	0.01899140700697899
NL_024	32	0.7205669283866882
NL_024	33	0.44899824261665344
NL_024	34	0.6487408876419067
NL_024	35	0.6284627914428711
NL_024	36	0.8193983435630798
NL_024	37	0.46045127511024475
NL_024	38	0.6408998370170593
NL_024	39	0.2787834107875824
NL_024	40	0.5983473062515259
NL_024	41	0.12066253274679184
NL_024	42	0.5009017586708069
NL_024	43	0.16573640704154968
NL_024	44	0.3489510715007782
NL_024	45	0.7247239351272583
NL_024	46	0.017122481018304825
NL_027	1	0.04461304098367691
NL_027	2	0.8624138236045837
NL_027	3	0.3065072000026703
NL_027	4	0.9000001549720764
NL_027	5	0.061246924102306366
NL_027	6	0.0804334208369255
NL_027	7	0.8537288904190063
NL_027	8	0.02206266112625599
NL_027	9	0.1881968080997467
NL_027	10	0.80679851770401
NL_027	11	0.865700900554657
NL_027	12	0.548338770866394
NL_027	13	0.5943039059638977
NL_027	14	0.9671851992607117
NL_027	15	0.5900081396102905
NL_027	16	0.8641732335090637
NL_027	17	0.8788813948631287
NL_034	1	0.7352765202522278
NL_034	2	0.5999859571456909
NL_034	3	0.9330083131790161
NL_034	4	0.45726147294044495
NL_034	5	0.7209984660148621
NL_034	6	0.3299834132194519
NL_034	7	0.5764824151992798
NL_034	8	0.036698177456855774
NL_034	9	0.7235100865364075
NL_034	10	0.935050904750824
NL_034	11	0.9080576300621033
NL_034	12	0.02256518416106701
NL_034	13	0.5171686410903931
NL_034	14	0.664155900478363
NL_034	15	0.8326278328895569
NL_034	16	0.0107946852222085
NL_034	17	0.3916856348514557
NL_034	18	0.9352883696556091
NL_034	19	0.3906790018081665
NL_034	20	0.4140419661998749
NL_034	21	0.27025702595710754
NL_034	22	0.06008347123861313
NL_034	23	0.5850195288658142
NL_034	24	0.4820171594619751
NL_034	25	0.5697391033172607
NL_034	26	0.7368199229240417
NL_034	27	0.7905996441841125
NL_034	28	0.9110614061355591
NL_034	29	0.5556210279464722
NL_034	30	0.7929699420928955
NL_034	31	0.41745424270629883
NL_034	32	0.6254342198371887
NL_034	33	0.5387250185012817
NL_034	34	0.328230619430542
NL_034	35	0.28523316979408264
NL_039	1	0.42615464329719543
NL_039	2	0.6599860787391663
NL_039	3	0.5410058498382568
NL_039	4	0.6692023873329163
NL_039	5	0.44040611386299133
NL_039	6	0.4266154170036316
NL_039	7	0.15769274532794952
NL_039	8	0.7853017449378967
NL_039	9	0.54304039478302
NL_039	10	0.68864506483078
NL_039	11	0.043360635638237
NL_039	12	0.30343329906463623
NL_039	13	0.6988045573234558
NL_039	14	0.5068396925926208
NL_039	15	0.6901732087135315
NL_039	16	0.502900242805481
NL_039	17	0.8185407519340515
NL_039	18	0.9710369110107422
NL_039	19	0.42308706045150757
NL_039	20	0.4586189389228821
NL_039	21	0.5109137892723083
NL_039	22	0.2325551062822342
NL_039	23	0.5241789221763611
NL_039	24	0.29306530952453613
NL_039	25	0.3986983895301819
NL_039	26	0.5964847207069397
NL_039	27	0.5670026540756226
NL_039	28	0.14427576959133148
NL_039	29	0.32615020871162415
NL_039	30	0.42414525151252747
NL_039	31	0.6210924983024597
NL_039	32	0.823517918586731
NL_045	1	0.049320437014102936
NL_045	2	0.7095619440078735
NL_045	3	0.029437391087412834
NL_045	4	0.7823563814163208
NL_045	5	0.6160643696784973
NL_045	6	0.6783718466758728
NL_045	7	0.6424986720085144
NL_045	8	0.7067638635635376
NL_045	9	0.1331133395433426
NL_045	10	0.23223765194416046
NL_045	11	0.7117255926132202
NL_045	12	0.09552338719367981
NL_045	13	0.7067436575889587
NL_045	14	0.052005454897880554
NL_045	15	0.08568853884935379
NL_045	16	0.9314131736755371
NL_045	17	0.5232311487197876
NL_045	18	0.13035796582698822
NL_045	19	0.16384048759937286
NL_045	20	0.29993465542793274
NL_045	21	0.014055179432034492
NL_045	22	0.31205183267593384
NL_045	23	0.24988311529159546
NL_045	24	0.7106563448905945
NL_045	25	0.07366809993982315
NL_045	26	0.10510888695716858
NL_045	27	0.22740432620048523
NL_045	28	0.30981558561325073
NL_045	29	0.5450043678283691
NL_045	30	0.3376449644565582
NL_045	31	0.0799371674656868
NL_045	32	0.731530487537384
NL_045	33	0.01568249613046646
NL_045	34	0.01154485996812582
NL_045	35	0.01730692945420742
NL_045	36	0.001409992459230125
NL_045	37	0.24545367062091827
NL_045	38	0.7562295794487
NL_045	39	0.19022418558597565
NL_045	40	0.06118544563651085
NL_051	1	0.6922247409820557
NL_051	2	0.07274920493364334
NL_051	3	0.04882006347179413
NL_051	4	0.39653652906417847
NL_051	5	0.7061272263526917
NL_051	6	0.04000474140048027
NL_051	7	0.6008294820785522
NL_051	8	0.1410312056541443
NL_051	9	0.7076351046562195
NL_051	10	0.16123810410499573
NL_051	11	0.9711596369743347
NL_051	12	0.1515955626964569
NL_051	13	0.1609547883272171
NL_051	14	0.04561197757720947
NL_051	15	0.08418413251638412
NL_051	16	0.5111842751502991
NL_051	17	0.058972280472517014
NL_051	18	0.18266399204730988
NL_051	19	0.1785106509923935
NL_051	20	0.2506556510925293
NL_051	21	0.7632899880409241
NL_051	22	0.5757941007614136
NL_051	23	0.4511359632015228
NL_051	24	0.835218608379364
NL_051	25	0.2783348858356476
NL_051	26	0.17368175089359283
NL_051	27	0.04048146307468414
NL_051	28	0.038250815123319626
NL_051	29	0.8326125144958496
NL_051	30	0.5754636526107788
NL_051	31	0.1436557173728943
NL_051	32	0.2948271632194519
NL_051	33	0.41944289207458496
NL_051	34	0.281720906496048
NL_051	35	0.414004385471344
NL_051	36	0.1013714149594307
NL_051	37	0.006247564684599638
NL_051	38	0.32505083084106445
NL_051	39	0.6709278225898743
NL_051	40	0.8945974707603455
NL_051	41	0.793844997882843
NL_051	42	0.17368175089359283
NL_058	1	0.42842334508895874
NL_058	2	0.7992597818374634
NL_058	3	0.2276572287082672
NL_058	4	0.48578938841819763
NL_058	5	0.11287051439285278
NL_058	6	0.4810388684272766
NL_058	7	0.16189362108707428
NL_058	8	0.12902924418449402
NL_058	9	0.7431886196136475
NL_058	10	0.4401847720146179
NL_058	11	0.1287543624639511
NL_058	12	0.14594823122024536
NL_058	13	0.016992198303341866
NL_058	14	0.15816988050937653
NL_058	15	0.382922500371933
NL_058	16	0.7238878607749939
NL_058	17	0.4975951313972473
NL_058	18	0.483162522315979
NL_058	19	0.20288962125778198
NL_058	20	0.3910074830055237
NL_058	21	0.13038431107997894
NL_058	22	0.8301814198493958
NL_058	23	0.38424086570739746
NL_058	24	0.10126758366823196
NL_058	25	0.8514658808708191
NL_058	26	0.310014009475708
NL_058	27	0.11105646938085556
NL_058	28	0.22264593839645386
NL_058	29	0.3640751838684082
NL_058	30	0.804526686668396
NL_058	31	0.13167424499988556
NL_058	32	0.7028186917304993
NL_068	1	0.07167835533618927
NL_068	2	0.012426763772964478
NL_068	3	0.18299226462841034
NL_068	4	0.6180695295333862
NL_068	5	0.009283771738409996
NL_068	6	0.2846986949443817
NL_068	7	0.7178397178649902
NL_068	8	0.04146122187376022
NL_068	9	0.6933401823043823
NL_068	10	0.6837018728256226
NL_068	11	0.17440049350261688
NL_068	12	0.5472458600997925
NL_068	13	0.09061891585588455
NL_068	14	0.9262295365333557
NL_068	15	0.16534654796123505
NL_068	16	0.4027498662471771
NL_068	17	0.10501199960708618
NL_068	18	0.3721006214618683
NL_068	19	0.5127394199371338
NL_068	20	0.22127434611320496
NL_068	21	0.1396787166595459
NL_068	22	0.3239486813545227
NL_068	23	0.016897842288017273
NL_068	24	0.098409503698349
NL_068	25	0.9064624905586243
NL_068	26	0.7640275955200195
NL_068	27	0.1517157256603241
NL_068	28	0.15604355931282043
NL_068	29	0.5890002250671387
NL_068	30	0.029452797025442123
NL_068	31	0.8168457746505737
NL_068	32	0.35977867245674133
NL_068	33	0.3470916450023651
NL_068	34	0.48840704560279846
NL_068	35	0.4156704843044281
NL_068	36	0.6048839688301086
NL_068	37	0.9792494177818298
NL_068	38	0.8145132660865784
NL_068	39	0.16084934771060944
NL_068	40	0.8432822823524475
NL_071	1	0.07740422338247299
NL_071	2	0.4240148365497589
NL_071	3	0.46368423104286194
NL_071	4	0.04893708974123001
NL_071	5	0.8652418255805969
NL_071	6	0.7391859889030457
NL_071	7	0.6607854962348938
NL_071	8	0.9378927946090698
NL_071	9	0.9808403849601746
NL_071	10	0.9368165731430054
NL_071	11	0.713040292263031
NL_071	12	0.9937418103218079
NL_071	13	0.08612837642431259
NL_071	14	0.3740990459918976
NL_071	15	0.318893700838089
NL_071	16	0.9227988719940186
NL_071	17	0.3095390498638153
NL_071	18	0.6789352893829346
NL_071	19	0.23512312769889832
NL_071	20	0.9390812516212463
NL_071	21	0.6798200607299805
NL_071	22	0.053335729986429214
NL_073	1	0.06337786465883255
NL_073	2	0.009400765411555767
NL_073	3	0.17889074981212616
NL_073	4	0.12563441693782806
NL_073	5	0.5361214876174927
NL_073	6	0.19693142175674438
NL_073	7	0.8216714262962341
NL_073	8	0.3873642385005951
NL_073	9	0.06361989676952362
NL_073	10	0.15562163293361664
NL_073	11	0.48143714666366577
NL_073	12	0.13372208178043365
NL_073	13	0.3603936731815338
NL_073	14	0.002475464018061757
NL_073	15	0.12180215865373611
NL_073	16	0.6829235553741455
NL_073	17	0.1887427419424057
NL_073	18	0.8358650803565979
NL_073	19	0.9104830622673035
NL_073	20	0.5744819641113281
NL_073	21	0.3465135991573334
NL_073	22	0.9339645504951477
NL_073	23	0.7526476979255676
NL_073	24	0.1785551905632019
NL_073	25	0.9838263392448425
NL_073	26	0.937804639339447
NL_073	27	0.8216933012008667
NL_073	28	0.740868866443634
NL_073	29	0.050913576036691666
NL_073	30	0.9580148458480835
NL_073	31	0.8128056526184082
NL_073	32	0.5386136174201965
NL_073	33	0.6293798089027405
NL_073	34	0.5046566724777222
NL_073	35	0.5101416110992432
NL_073	36	0.8100787997245789
NL_073	37	0.38020020723342896
NL_073	38	0.32035401463508606
NL_078	1	0.07567749917507172
NL_078	2	0.5828974843025208
NL_078	3	0.5610870122909546
NL_078	4	0.04264262318611145
NL_078	5	0.6362805366516113
NL_078	6	0.32877954840660095
NL_078	7	0.5702617764472961
NL_078	8	0.6121951937675476
NL_078	9	0.19789211452007294
NL_078	10	0.5904170870780945
NL_078	11	0.6224617958068848
NL_078	12	0.5242205262184143
NL_078	13	0.02765258401632309
NL_078	14	0.4434274137020111
NL_078	15	0.7685825228691101
NL_078	16	0.37169012427330017
NL_078	17	0.2074560523033142
NL_078	18	0.7357721924781799
NL_078	19	0.0692295953631401
NL_078	20	0.8834773898124695
NL_078	21	0.10654082894325256
NL_078	22	0.13093197345733643
NL_078	23	0.8964233994483948
NL_078	24	0.7596237659454346
NL_079	1	0.46462687849998474
NL_079	2	0.4583923816680908
NL_079	3	0.5782592296600342
NL_079	4	0.7364677786827087
NL_079	5	0.45933839678764343
NL_079	6	0.08141905814409256
NL_079	7	0.792938232421875
NL_079	8	0.1340780258178711
NL_079	9	0.1688925325870514
NL_079	10	0.022803479805588722
NL_079	11	0.056996796280145645
NL_079	12	0.0045716785825788975
NL_079	13	0.28523579239845276
NL_079	14	0.03034997545182705
NL_079	15	0.8745765089988708
NL_079	16	0.07821932435035706
NL_079	17	0.09330953657627106
NL_079	18	0.2949836850166321
NL_079	19	0.19486859440803528
NL_079	20	0.2949056923389435
NL_079	21	0.6964162588119507
NL_079	22	0.7123819589614868
NL_079	23	0.5313171148300171
NL_079	24	0.09360827505588531
NL_079	25	0.2803463339805603
NL_079	26	0.48302197456359863
NL_079	27	0.5958139896392822
NL_079	28	0.7344671487808228
NL_079	29	0.666363537311554
NL_079	30	0.4292508065700531
NL_079	31	0.3094123601913452
NL_079	32	0.08795028924942017
NL_079	33	0.8872967958450317
NL_080	1	0.461914986371994
NL_080	2	0.3635697066783905
NL_080	3	0.12986810505390167
NL_080	4	0.46605920791625977
NL_080	5	0.35736504197120667
NL_080	6	0.2980554401874542
NL_080	7	0.7274654507637024
NL_080	8	0.08528372645378113
NL_080	9	0.8435714840888977
NL_080	10	0.8313027620315552
NL_080	11	0.10579686611890793
NL_080	12	0.42589670419692993
NL_080	13	0.7615688443183899
NL_080	14	0.66774982213974
NL_080	15	0.35376986861228943
NL_080	16	0.6878452301025391
NL_080	17	0.6495731472969055
NL_080	18	0.6840057373046875
NL_080	19	0.7566981911659241
NL_080	20	0.3271483778953552
NL_080	21	0.39436522126197815
NL_080	22	0.6791298985481262
NL_080	23	0.7621400356292725
NL_080	24	0.823419451713562
NL_080	25	0.9113827347755432
NL_080	26	0.4714619815349579
NL_080	27	0.24440182745456696
NL_080	28	0.9132751226425171
NL_080	29	0.8870471715927124
NL_080	30	0.9171074032783508
NL_080	31	0.19245418906211853
NL_088	1	0.1601952463388443
NL_088	2	0.41939786076545715
NL_088	3	0.14262692630290985
NL_088	4	0.5673545598983765
NL_088	5	0.18289914727210999
NL_088	6	0.33655673265457153
NL_088	7	0.6325711607933044
NL_088	8	0.8293635249137878
NL_088	9	0.06586877256631851
NL_088	10	0.01114487461745739
NL_088	11	0.9377336502075195
NL_088	12	0.09903579205274582
NL_088	13	0.11483574658632278
NL_088	14	0.6692075729370117
NL_088	15	0.051422350108623505
NL_088	16	0.7745541930198669
NL_088	17	0.720842182636261
NL_088	18	0.47521117329597473
NL_088	19	0.010156413540244102
NL_088	20	0.6420126557350159
NL_088	21	0.06285178661346436
NL_088	22	0.7937694787979126
NL_088	23	0.0439792163670063
NL_088	24	0.053768716752529144
NL_088	25	0.7042363882064819
NL_088	26	0.6244467496871948
NL_088	27	0.6681933403015137
NL_088	28	0.09491520375013351
NL_088	29	0.4641711115837097
NL_088	30	0.6217443346977234
NL_088	31	0.23049995303153992
NL_088	32	0.30323654413223267
NL_088	33	0.6146567463874817
NL_088	34	0.8324935436248779
NL_088	35	0.01723083108663559
NL_088	36	0.7487314939498901
NL_088	37	0.7290418148040771
NL_088	38	0.013524003326892853
NL_088	39	0.3979756832122803
NL_088	40	0.006511551793664694
NL_088	41	0.5130757093429565
NL_088	42	0.6587588787078857
NL_088	43	0.18424205482006073
NL_088	44	0.24320654571056366
NL_089	1	0.2716423273086548
NL_089	2	0.8372491598129272
NL_089	3	0.38663166761398315
NL_089	4	0.3325153887271881
NL_089	5	0.8428364396095276
NL_089	6	0.02537320926785469
NL_089	7	0.15361358225345612
NL_089	8	0.20900121331214905
NL_089	9	0.12356077134609222
NL_089	10	0.5719420313835144
NL_089	11	0.08268949389457703
NL_089	12	0.9861578941345215
NL_089	13	0.9118537902832031
NL_089	14	0.9237584471702576
NL_089	15	0.8938833475112915
NL_089	16	0.7552318572998047
NL_089	17	0.7821881175041199
NL_089	18	0.034124910831451416
NL_089	19	0.3460027873516083
NL_089	20	0.8874936699867249
NL_089	21	0.13444390892982483
NL_089	22	0.7380784749984741
NL_089	23	0.33351781964302063
NL_089	24	0.9079416394233704
NL_089	25	0.02559865079820156
NL_089	26	0.11106950789690018
NL_089	27	0.09682204574346542
NL_089	28	0.008427657186985016
NL_089	29	0.9324119091033936
NL_089	30	0.13626500964164734
NL_089	31	0.644542932510376
NL_089	32	0.1406516432762146
NL_089	33	0.25774675607681274
NL_090	1	0.019896237179636955
NL_090	2	0.15480470657348633
NL_090	3	0.917072594165802
NL_090	4	0.3689384460449219
NL_090	5	0.8560308814048767
NL_090	6	0.07852248847484589
NL_090	7	0.1456247717142105
NL_090	8	0.8533692955970764
NL_090	9	0.06795153021812439
NL_090	10	0.7812251448631287
NL_090	11	0.8424479365348816
NL_090	12	0.5947417616844177
NL_090	13	0.4717473089694977
NL_090	14	0.05686819925904274
NL_090	15	0.6146058440208435
NL_090	16	0.9275973439216614
NL_090	17	0.5594900846481323
NL_090	18	0.07032661885023117
NL_090	19	0.02729845978319645
NL_090	20	0.038300592452287674
NL_090	21	0.1359044909477234
NL_090	22	0.06973650306463242
NL_090	23	0.016167351976037025
NL_090	24	0.05782455950975418
NL_090	25	0.5624034404754639
NL_090	26	0.016440656036138535
NL_090	27	0.1607830822467804
NL_090	28	0.0748044028878212
NL_090	29	0.29879680275917053
NL_090	30	0.05820458009839058
NL_090	31	0.13730043172836304
NL_090	32	0.030479762703180313
NL_093	1	0.11033488065004349
NL_093	2	0.863265872001648
NL_093	3	0.6311567425727844
NL_093	4	0.21345028281211853
NL_093	5	0.9516809582710266
NL_093	6	0.07455877214670181
NL_093	7	0.08907691389322281
NL_093	8	0.8092952966690063
NL_093	9	0.3916616439819336
NL_093	10	0.5705224275588989
NL_093	11	0.26968908309936523
NL_093	12	0.7162157893180847
NL_093	13	0.9333271384239197
NL_093	14	0.22274377942085266
NL_093	15	0.7266088724136353
NL_093	16	0.8976056575775146
NL_093	17	0.048237185925245285
NL_093	18	0.08888041973114014
NL_093	19	0.9400674104690552
NL_093	20	0.6628634929656982
NL_093	21	0.6715485453605652
NL_093	22	0.19905483722686768
NL_093	23	0.016869308426976204
NL_093	24	0.07116837799549103
NL_093	25	0.014641259796917439
NL_093	26	0.01650078408420086
NL_093	27	0.05079834535717964
NL_093	28	0.8288000226020813
NL_093	29	0.6247156262397766
NL_093	30	0.08764294534921646
NL_093	31	0.03404157981276512
NL_093	32	0.10021918267011642
NL_093	33	0.005863628815859556
NL_093	34	0.5084599852561951
NL_093	35	0.04989299923181534
NL_093	36	0.8176230192184448
NL_093	37	0.021353483200073242
NL_093	38	0.8730012774467468
NL_095	1	0.7362596392631531
NL_095	2	0.7422988414764404
NL_095	3	0.8351022005081177
NL_095	4	0.9060567617416382
NL_095	5	0.8213027715682983
NL_095	6	0.9558746814727783
NL_095	7	0.0012651043944060802
NL_095	8	0.6377407908439636
NL_095	9	0.8709974884986877
NL_095	10	0.9578759074211121
NL_095	11	0.04546872898936272
NL_095	12	0.029411671683192253
NL_095	13	0.3817538619041443
NL_095	14	0.02306804060935974
NL_095	15	0.863856315612793
NL_095	16	0.7343036532402039
NL_095	17	0.8759885430335999
NL_095	18	0.7462155222892761
NL_095	19	0.04169303551316261
NL_095	20	0.4129542112350464
NL_095	21	0.9668958783149719
NL_095	22	0.9392827153205872
NL_095	23	0.1774531453847885
NL_095	24	0.6615995168685913
NL_095	25	0.87777179479599
NL_095	26	0.8312522768974304
NL_095	27	0.4610818028450012
NL_095	28	0.8115400075912476
NL_095	29	0.48309019207954407
NL_095	30	0.9457157254219055
NL_095	31	0.2123332917690277
NL_095	32	0.8284239768981934
NL_095	33	0.4601147174835205
NL_095	34	0.9569287896156311
NL_095	35	0.2773491144180298
NL_095	36	0.03708384558558464
NL_095	37	0.038275934755802155
NL_095	38	0.7547298669815063
NL_095	39	0.38884422183036804
NL_095	40	0.7538638114929199
NL_095	41	0.03136078268289566
NL_095	42	0.019735094159841537
NL_095	43	0.5844232439994812
NL_095	44	0.5935938954353333
NL_095	45	0.024638405069708824
NL_095	46	0.043607357889413834
NL_095	47	0.15184742212295532
NL_095	48	0.07441281527280807
NL_095	49	0.07628852874040604
NL_095	50	0.26434317231178284
NL_095	51	0.007410993333905935
NL_099	1	0.7018508315086365
NL_099	2	0.8402631282806396
NL_099	3	0.397346556186676
NL_099	4	0.8008452653884888
NL_099	5	0.16194279491901398
NL_099	6	0.09895981103181839
NL_099	7	0.3264103829860687
NL_099	8	0.028687186539173126
NL_099	9	0.23365986347198486
NL_099	10	0.31602364778518677
NL_099	11	0.27254682779312134
NL_099	12	0.770137369632721
NL_099	13	0.09773886203765869
NL_099	14	0.06687334179878235
NL_099	15	0.09987091273069382
NL_099	16	0.07488736510276794
NL_099	17	0.5062018036842346
NL_099	18	0.9674940705299377
NL_099	19	0.9412080645561218
NL_099	20	0.9576425552368164
NL_099	21	0.7749898433685303
NL_099	22	0.22857047617435455
NL_099	23	0.5972146987915039
NL_099	24	0.8250837326049805
NL_099	25	0.8671593070030212
NL_099	26	0.41941797733306885
NL_099	27	0.22837135195732117
NL_099	28	0.17358388006687164
NL_099	29	0.312126100063324
NL_099	30	0.8925639390945435
NL_099	31	0.8373908400535583
NL_099	32	0.33497586846351624
NL_099	33	0.7451056838035583
NL_099	34	0.024121226742863655
NL_099	35	0.6180176138877869
NL_099	36	0.9121536016464233
NL_099	37	0.20498697459697723
NL_099	38	0.030355891212821007
NL_099	39	0.0595255009829998
NL_099	40	0.05996415391564369
NL_099	41	0.9528236389160156
NL_099	42	0.06632790714502335
NL_099	43	0.6213492155075073
NL_099	44	0.010800007730722427
NL_099	45	0.06475454568862915
NL_099	46	0.47660648822784424
NL_100	1	0.09443950653076172
NL_100	2	0.004077655728906393
NL_100	3	0.3678443431854248
NL_100	4	0.69333815574646
NL_100	5	0.043006107211112976
NL_100	6	0.025584189221262932
NL_100	7	0.7603126168251038
NL_100	8	0.04357885196805
NL_100	9	0.14828753471374512
NL_100	10	0.7370374798774719
NL_100	11	0.048305414617061615
NL_100	12	0.4103567898273468
NL_100	13	0.054151829332113266
NL_100	14	0.15748482942581177
NL_100	15	0.7507246732711792
NL_100	16	0.2504928708076477
NL_100	17	0.5565102696418762
NL_100	18	0.02683255448937416
NL_100	19	0.23555703461170197
NL_100	20	0.1523602455854416
NL_100	21	0.20674604177474976
NL_100	22	0.323204904794693
NL_100	23	0.1523326337337494
NL_100	24	0.129830002784729
NL_100	25	0.6434542536735535
NL_100	26	0.9561656713485718
NL_100	27	0.6145342588424683
NL_100	28	0.04199960455298424
NL_100	29	0.7056959271430969
NL_100	30	0.058811165392398834
NL_100	31	0.6034248471260071
NL_100	32	0.7678371071815491
NL_100	33	0.7553505897521973
NL_100	34	0.19353188574314117
NL_100	35	0.10865725576877594
NL_100	36	0.0039454237557947636
NL_100	37	0.013427193276584148
NL_104	1	0.7131446003913879
NL_104	2	0.17907842993736267
NL_104	3	0.3585694134235382
NL_104	4	0.842843770980835
NL_104	5	0.8494739532470703
NL_104	6	0.7011511325836182
NL_104	7	0.8084993958473206
NL_104	8	0.7606185078620911
NL_104	9	0.5357449650764465
NL_104	10	0.37957435846328735
NL_104	11	0.348104864358902
NL_104	12	0.6348231434822083
NL_104	13	0.553141176700592
NL_104	14	0.6384852528572083
NL_104	15	0.04777485877275467
NL_104	16	0.3291090726852417
NL_104	17	0.6745449900627136
NL_104	18	0.08337076008319855
NL_104	19	0.2942679822444916
NL_104	20	0.46054843068122864
NL_104	21	0.5649203062057495
NL_104	22	0.8777490258216858
NL_104	23	0.1755879819393158
NL_104	24	0.12561307847499847
NL_104	25	0.9575134515762329
NL_104	26	0.06243306025862694
NL_104	27	0.9142898917198181
NL_104	28	0.7302517890930176
NL_104	29	0.7724610567092896
NL_104	30	0.5198416709899902
NL_104	31	0.45997974276542664
NL_113	1	0.2539786994457245
NL_113	2	0.3820333480834961
NL_113	3	0.431713342666626
NL_113	4	0.13826973736286163
NL_113	5	0.05647477135062218
NL_113	6	0.1357136070728302
NL_113	7	0.3260922431945801
NL_113	8	0.09585854411125183
NL_113	9	0.04454568400979042
NL_113	10	0.3506709039211273
NL_113	11	0.523546576499939
NL_113	12	0.8084021210670471
NL_113	13	0.4263053834438324
NL_113	14	0.4244871139526367
NL_113	15	0.03342648223042488
NL_113	16	0.7125206589698792
NL_113	17	0.844010591506958
NL_113	18	0.2135944664478302
NL_113	19	0.26671645045280457
NL_113	20	0.10491935908794403
NL_113	21	0.8777275681495667
NL_113	22	0.6126598119735718
NL_113	23	0.002390038687735796
NL_113	24	0.7667991518974304
NL_113	25	0.13357581198215485
NL_113	26	0.3498370051383972
NL_113	27	0.12366076558828354
NL_113	28	0.9671545028686523
NL_113	29	0.671125590801239
NL_113	30	0.9125992655754089
NL_113	31	0.7821192741394043
NL_113	32	0.2475138008594513
NL_113	33	0.00648470176383853
NL_113	34	0.28349533677101135
NL_113	35	0.007703731767833233
NL_113	36	0.043948061764240265
NL_113	37	0.07432080060243607
NL_113	38	0.19647982716560364
NL_113	39	0.0052515678107738495
NL_113	40	0.7453513741493225
NL_113	41	0.05730878561735153
NL_113	42	0.9418428540229797
NL_113	43	0.07727493345737457
NL_113	44	0.7486222982406616
NL_113	45	0.033463992178440094
NL_113	46	0.08820204436779022
NL_114	1	0.9725390076637268
NL_114	2	0.4144725501537323
NL_114	3	0.9139115810394287
NL_114	4	0.8120837807655334
NL_114	5	0.9803816080093384
NL_114	6	0.8361718654632568
NL_114	7	0.7865203022956848
NL_114	8	0.8640435934066772
NL_114	9	0.26474276185035706
NL_114	10	0.2923935055732727
NL_114	11	0.17875835299491882
NL_114	12	0.9396458268165588
NL_114	13	0.11772879213094711
NL_114	14	0.1949537694454193
NL_114	15	0.14302168786525726
NL_114	16	0.02202254720032215
NL_114	17	0.8658185005187988
NL_114	18	0.019653722643852234
NL_114	19	0.9481400847434998
NL_114	20	0.3314962685108185
NL_114	21	0.15270265936851501
NL_114	22	0.008049010299146175
NL_114	23	0.06995057314634323
NL_114	24	0.15867836773395538
NL_115	1	0.0995449423789978
NL_115	2	0.8020869493484497
NL_115	3	0.0467088408768177
NL_115	4	0.7396524548530579
NL_115	5	0.9367185831069946
NL_115	6	0.11812824755907059
NL_115	7	0.1271173655986786
NL_115	8	0.14619866013526917
NL_115	9	0.008464183658361435
NL_115	10	0.883941113948822
NL_115	11	0.7759657502174377
NL_115	12	0.29851824045181274
NL_115	13	0.4754188656806946
NL_115	14	0.6502830386161804
NL_115	15	0.780479371547699
NL_115	16	0.02398235723376274
NL_115	17	0.027407143265008926
NL_115	18	0.6969751715660095
NL_115	19	0.02063216269016266
NL_115	20	0.16930335760116577
NL_115	21	0.3703649044036865
NL_115	22	0.6693586111068726
NL_115	23	0.010942064225673676
NL_115	24	0.48382699489593506
NL_115	25	0.3252612352371216
NL_117	1	0.7397236824035645
NL_117	2	0.012233949266374111
NL_117	3	0.045279450714588165
NL_117	4	0.7899152636528015
NL_117	5	0.1782872974872589
NL_117	6	0.7269769906997681
NL_117	7	0.0664997398853302
NL_117	8	0.821372926235199
NL_117	9	0.8888974785804749
NL_117	10	0.006083922926336527
NL_117	11	0.7610065340995789
NL_117	12	0.06896444410085678
NL_117	13	0.15978015959262848
NL_117	14	0.884281575679779
NL_117	15	0.4351646900177002
NL_117	16	0.05834154784679413
NL_117	17	0.8094452619552612
NL_117	18	0.319254606962204
NL_117	19	0.7197326421737671
NL_117	20	0.008001291193068027
NL_117	21	0.14603379368782043
NL_117	22	0.1427384465932846
NL_117	23	0.0033927003387361765
NL_117	24	0.0065367030911147594
NL_117	25	0.11072852462530136
NL_117	26	0.12446782737970352
NL_117	27	0.04673314467072487
NL_124	1	0.1838313192129135
NL_124	2	0.11072852462530136
NL_124	3	0.12446782737970352
NL_124	4	0.6869456768035889
NL_124	5	0.002687573665753007
NL_124	6	0.08770240098237991
NL_124	7	0.042491115629673004
NL_124	8	0.03713899105787277
NL_124	9	0.002756732050329447
NL_124	10	0.5809850096702576
NL_124	11	0.3868156373500824
NL_124	12	0.06587494909763336
NL_124	13	0.09646833688020706
NL_124	14	0.1782872974872589
NL_124	15	0.8207812905311584
NL_124	16	0.02232247032225132
NL_124	17	0.8636723756790161
NL_124	18	0.4351646900177002
NL_124	19	0.05834154784679413
NL_124	20	0.6014116406440735
NL_124	21	0.8888974785804749
NL_124	22	0.006083922926336527
NL_124	23	0.829107403755188
NL_124	24	0.11008365452289581
NL_124	25	0.15372444689273834
NL_124	26	0.1766768842935562
NL_124	27	0.03324233368039131
NL_124	28	0.14603380858898163
NL_124	29	0.38982629776000977
NL_124	30	0.8094452619552612
NL_124	31	0.319254606962204
NL_124	32	0.7197326421737671
NL_124	33	0.04673314467072487
NL_127	1	0.41197097301483154
NL_127	2	0.047279100865125656
NL_127	3	0.08262231200933456
NL_127	4	0.04491701349616051
NL_127	5	0.21798917651176453
NL_127	6	0.22598381340503693
NL_127	7	0.020441606640815735
NL_127	8	0.42044878005981445
NL_127	9	0.6530498266220093
NL_127	10	0.8628189563751221
NL_127	11	0.7528330087661743
NL_127	12	0.7019156217575073
NL_127	13	0.003963237628340721
NL_127	14	0.8519417643547058
NL_127	15	0.11259112507104874
NL_127	16	0.22582688927650452
NL_127	17	0.6239197254180908
NL_127	18	0.31720080971717834
NL_127	19	0.08788979798555374
NL_127	20	0.7844703197479248
NL_127	21	0.06624925136566162
NL_127	22	0.22408223152160645
NL_127	23	0.6829833984375
NL_127	24	0.23248553276062012
NL_127	25	0.6365302205085754
NL_127	26	0.029020274057984352
NL_127	27	0.6164249777793884
NL_127	28	0.15196457505226135
NL_127	29	0.7437206506729126
NL_127	30	0.22291147708892822
NL_127	31	0.6662777662277222
NL_127	32	0.9024887084960938
NL_127	33	0.22291059792041779
NL_127	34	0.09544352442026138
NL_130	1	0.6921916604042053
NL_130	2	0.5441076159477234
NL_130	3	0.4904181957244873
NL_130	4	0.1738366037607193
NL_130	5	0.433763325214386
NL_130	6	0.39914438128471375
NL_130	7	0.9127289652824402
NL_130	8	0.9291641116142273
NL_130	9	0.6698528528213501
NL_130	10	0.8638505935668945
NL_130	11	0.780021071434021
NL_130	12	0.14957325160503387
NL_130	13	0.5297940373420715
NL_130	14	0.6875477433204651
NL_130	15	0.18756729364395142
NL_130	16	0.9119844436645508
NL_130	17	0.17060516774654388
NL_130	18	0.5364458560943604
NL_130	19	0.7031571269035339
NL_130	20	0.23652411997318268
NL_130	21	0.08243469148874283
NL_130	22	0.9285709857940674
NL_130	23	0.09591502696275711
NL_130	24	0.9060258269309998
NL_130	25	0.7281892895698547
NL_130	26	0.38995596766471863
NL_130	27	0.8315240740776062
NL_130	28	0.2443249523639679
NL_132	1	0.6089483499526978
NL_132	2	0.8970316052436829
NL_132	3	0.47675850987434387
NL_132	4	0.9210394620895386
NL_132	5	0.8846663236618042
NL_132	6	0.26869332790374756
NL_132	7	0.41161295771598816
NL_132	8	0.6682718396186829
NL_132	9	0.18759538233280182
NL_132	10	0.663092851638794
NL_132	11	0.7850410342216492
NL_132	12	0.5656688809394836
NL_132	13	0.42919713258743286
NL_132	14	0.43055322766304016
NL_132	15	0.843707799911499
NL_132	16	0.5779757499694824
NL_132	17	0.5777352452278137
NL_132	18	0.06698262691497803
NL_132	19	0.5273544192314148
NL_132	20	0.3950254023075104
NL_132	21	0.493983656167984
NL_132	22	0.26941344141960144
NL_132	23	0.6474810838699341
NL_132	24	0.5391492247581482
NL_137	1	0.9283937215805054
NL_137	2	0.9403476119041443
NL_137	3	0.563362181186676
NL_137	4	0.6097596287727356
NL_137	5	0.4818284213542938
NL_137	6	0.9547211527824402
NL_137	7	0.7648796439170837
NL_137	8	0.7896281480789185
NL_137	9	0.8290378451347351
NL_137	10	0.4979119896888733
NL_137	11	0.19183969497680664
NL_137	12	0.28065600991249084
NL_137	13	0.8514036536216736
NL_137	14	0.41824838519096375
NL_137	15	0.7136738300323486
NL_137	16	0.17774462699890137
NL_137	17	0.5633752346038818
NL_137	18	0.29224491119384766
NL_137	19	0.7451292276382446
NL_137	20	0.1777181178331375
NL_137	21	0.7072851061820984
NL_137	22	0.8156349658966064
NL_137	23	0.8087587952613831
NL_137	24	0.9377865195274353
NL_137	25	0.9270930886268616
NL_137	26	0.8653718829154968
NL_137	27	0.2717984914779663
NL_137	28	0.5777543783187866
NL_137	29	0.8504409193992615
NL_137	30	0.9099498987197876
NL_137	31	0.7995699048042297
NL_137	32	0.09861757606267929
NL_138	1	0.2512839734554291
NL_138	2	0.9355273246765137
NL_138	3	0.24307075142860413
NL_138	4	0.027761368080973625
NL_138	5	0.018596699461340904
NL_138	6	0.03741895779967308
NL_138	7	0.04378259927034378
NL_138	8	0.050184715539216995
NL_138	9	0.301358163356781
NL_138	10	0.8058922290802002
NL_138	11	0.8675824403762817
NL_138	12	0.11000482738018036
NL_138	13	0.787830114364624
NL_138	14	0.02846953459084034
NL_138	15	0.6303380131721497
NL_138	16	0.9463372826576233
NL_138	17	0.10786303132772446
NL_138	18	0.06357219070196152
NL_138	19	0.13813884556293488
NL_138	20	0.04676206409931183
NL_138	21	0.09529093652963638
NL_138	22	0.7118684649467468
NL_138	23	0.06816403567790985
NL_138	24	0.7032188773155212
NL_138	25	0.7305677533149719
NL_138	26	0.09747099131345749
NL_138	27	0.8273400664329529
NL_138	28	0.6606603860855103
NL_138	29	0.7220149040222168
NL_138	30	0.6963330507278442
NL_138	31	0.5722798705101013
NL_138	32	0.7014707326889038
NL_138	33	0.5901597142219543
NL_138	34	0.2574373483657837
NL_140	1	0.08079023659229279
NL_140	2	0.8916687965393066
NL_140	3	0.8258475661277771
NL_140	4	0.477173775434494
NL_140	5	0.43726736307144165
NL_140	6	0.8793348073959351
NL_140	7	0.8347482681274414
NL_140	8	0.1261291354894638
NL_140	9	0.8936234712600708
NL_140	10	0.8766998648643494
NL_140	11	0.4720476567745209
NL_140	12	0.16374745965003967
NL_140	13	0.8847799301147461
NL_140	14	0.1937878578901291
NL_140	15	0.7961177825927734
NL_140	16	0.5342031121253967
NL_140	17	0.6697673201560974
NL_140	18	0.05067972093820572
NL_140	19	0.4671190083026886
NL_140	20	0.3106846511363983
NL_140	21	0.32692843675613403
NL_140	22	0.6496540904045105
NL_140	23	0.6384097337722778
NL_140	24	0.702680230140686
NL_140	25	0.002690893830731511
NL_140	26	0.8049471974372864
NL_140	27	0.6156423687934875
NL_140	28	0.8931404948234558
NL_140	29	0.7746247053146362
NL_140	30	0.10268234461545944
NL_140	31	0.7419518232345581
NL_140	32	0.29938820004463196
NL_140	33	0.6513780355453491
NL_140	34	0.019359152764081955
NL_140	35	0.03983025997877121
NL_140	36	0.30848875641822815
NL_140	37	0.058362752199172974
NL_140	38	0.602740466594696
NL_140	39	0.810243546962738
NL_152	1	0.226225346326828
NL_152	2	0.8963721394538879
NL_152	3	0.7964160442352295
NL_152	4	0.8715119361877441
NL_152	5	0.09089537709951401
NL_152	6	0.007907029241323471
NL_152	7	0.36421602964401245
NL_152	8	0.8682268261909485
NL_152	9	0.007189334835857153
NL_152	10	0.9506115317344666
NL_152	11	0.8316525220870972
NL_152	12	0.6633797287940979
NL_152	13	0.09380698949098587
NL_152	14	0.707755982875824
NL_152	15	0.0071245646104216576
NL_152	16	0.03685944527387619
NL_152	17	0.8098036050796509
NL_152	18	0.018517041578888893
NL_152	19	0.4087349474430084
NL_152	20	0.6970993876457214
NL_152	21	0.03862166777253151
NL_152	22	0.2814304530620575
NL_152	23	0.045951519161462784
NL_152	24	0.9209811687469482
NL_152	25	0.68438720703125
NL_152	26	0.0777091309428215
NL_152	27	0.11760105192661285
NL_152	28	0.7405582070350647
NL_152	29	0.8860794305801392
NL_152	30	0.659602165222168
NL_152	31	0.8448274731636047
NL_152	32	0.6231939196586609
NL_152	33	0.004644523374736309
NL_152	34	0.005246045533567667
NL_152	35	0.6617615222930908
NL_152	36	0.008787635713815689
NL_152	37	0.1586458832025528
NL_158	1	0.38200411200523376
NL_158	2	0.5149123668670654
NL_158	3	0.9075756072998047
NL_158	4	0.8641400933265686
NL_158	5	0.9300068616867065
NL_158	6	0.9244587421417236
NL_158	7	0.886890709400177
NL_158	8	0.7024731040000916
NL_158	9	0.4658152163028717
NL_158	10	0.5202842950820923
NL_158	11	0.5292823314666748
NL_158	12	0.8246819376945496
NL_158	13	0.33060118556022644
NL_158	14	0.9415228366851807
NL_158	15	0.5074526071548462
NL_158	16	0.3611770272254944
NL_158	17	0.5387237071990967
NL_158	18	0.8979166746139526
NL_158	19	0.47370612621307373
NL_158	20	0.1452341377735138
NL_158	21	0.1349261850118637
NL_158	22	0.021075045689940453
NL_158	23	0.14871717989444733
NL_158	24	0.9478370547294617
NL_158	25	0.9095600843429565
NL_158	26	0.10982438921928406
NL_158	27	0.09149511903524399
NL_158	28	0.13838882744312286
NL_158	29	0.16432888805866241
NL_161	1	0.7602226734161377
NL_161	2	0.296365350484848
NL_161	3	0.029484087601304054
NL_161	4	0.09999347478151321
NL_161	5	0.3455055058002472
NL_161	6	0.8231340646743774
NL_161	7	0.8140218257904053
NL_161	8	0.5981080532073975
NL_161	9	0.029484087601304054
NL_161	10	0.05032829940319061
NL_161	11	0.058609794825315475
NL_161	12	0.9085516929626465
NL_161	13	0.32914650440216064
NL_161	14	0.03769652917981148
NL_161	15	0.8991308808326721
NL_161	16	0.8584625720977783
NL_161	17	0.12503579258918762
NL_161	18	0.7132056355476379
NL_161	19	0.15377569198608398
NL_161	20	0.0753965973854065
NL_161	21	0.8673296570777893
NL_161	22	0.2836449146270752
NL_161	23	0.3858213424682617
NL_161	24	0.670853316783905
NL_161	25	0.7958136200904846
NL_161	26	0.5407316088676453
NL_161	27	0.4963516592979431
NL_161	28	0.6562400460243225
NL_166	1	0.10190463811159134
NL_166	2	0.8839585781097412
NL_166	3	0.6421729922294617
NL_166	4	0.24205441772937775
NL_166	5	0.02365008369088173
NL_166	6	0.6552368402481079
NL_166	7	0.2568281292915344
NL_166	8	0.2186344861984253
NL_166	9	0.8034293055534363
NL_166	10	0.898402988910675
NL_166	11	0.6450066566467285
NL_166	12	0.36336827278137207
NL_166	13	0.24166417121887207
NL_166	14	0.6366502642631531
NL_166	15	0.9735799431800842
NL_166	16	0.5671277046203613
NL_166	17	0.08374711871147156
NL_166	18	0.6827186942100525
NL_166	19	0.6059210300445557
NL_166	20	0.8072041869163513
NL_166	21	0.8880751729011536
NL_166	22	0.4722025394439697
NL_166	23	0.8631523251533508
NL_166	24	0.20674555003643036
NL_166	25	0.3532542884349823
NL_166	26	0.2943340837955475
NL_166	27	0.9738273024559021
NL_166	28	0.1250879019498825
NL_180	1	0.09595318138599396
NL_180	2	0.3273686468601227
NL_180	3	0.02097119577229023
NL_180	4	0.36425986886024475
NL_180	5	0.024747833609580994
NL_180	6	0.19284622371196747
NL_180	7	0.06609628349542618
NL_180	8	0.1452026069164276
NL_180	9	0.015343419276177883
NL_180	10	0.5419513583183289
NL_180	11	0.5593711733818054
NL_180	12	0.2513284683227539
NL_180	13	0.7383138537406921
NL_180	14	0.7783347368240356
NL_180	15	0.5027841925621033
NL_180	16	0.5054003596305847
NL_180	17	0.018391869962215424
NL_180	18	0.12371004372835159
NL_180	19	0.5059353709220886
NL_180	20	0.006843628361821175
NL_180	21	0.1572592705488205
NL_180	22	0.21939758956432343
NL_180	23	0.6813901662826538
NL_180	24	0.12321017682552338
NL_180	25	0.07370065152645111
NL_180	26	0.24731050431728363
NL_180	27	0.10928325355052948
NL_180	28	0.7783681154251099
NL_180	29	0.918791651725769
NL_180	30	0.9024532437324524
NL_180	31	0.3954372704029083
NL_180	32	0.6767187118530273
NL_180	33	0.8871676325798035
NL_180	34	0.04437429457902908
NL_180	35	0.04900495707988739
NL_180	36	0.7630918622016907
NL_180	37	0.022087417542934418
NL_180	38	0.08565884828567505
NL_180	39	0.011411242187023163
NL_180	40	0.09826792776584625
NL_180	41	0.04614594578742981
NL_180	42	0.24343252182006836
NL_180	43	0.4573092460632324
NL_180	44	0.09738385677337646
NL_180	45	0.10661224275827408
NL_180	46	0.7136549949645996
NL_180	47	0.935640275478363
NL_180	48	0.8316294550895691
NL_180	49	0.7983311414718628
NL_180	50	0.7414186596870422
NL_180	51	0.6834933757781982
NL_180	52	0.04402241110801697
NL_180	53	0.7217013239860535
NL_180	54	0.6130872368812561
NL_180	55	0.8152496218681335
NL_180	56	0.5246937870979309
NL_180	57	0.6094006896018982
NL_183	1	0.14713536202907562
NL_183	2	0.8299044966697693
NL_183	3	0.11917394399642944
NL_183	4	0.00975315272808075
NL_183	5	0.11130623519420624
NL_183	6	0.309335321187973
NL_183	7	0.5113341808319092
NL_183	8	0.0476769357919693
NL_183	9	0.7471088767051697
NL_183	10	0.26231738924980164
NL_183	11	0.682547390460968
NL_183	12	0.02898322604596615
NL_183	13	0.08781952410936356
NL_183	14	0.7986745238304138
NL_183	15	0.24471725523471832
NL_183	16	0.11387474834918976
NL_183	17	0.6689551472663879
NL_183	18	0.7447404265403748
NL_183	19	0.08752132952213287
NL_183	20	0.16385814547538757
NL_183	21	0.16494813561439514
NL_183	22	0.6308152079582214
NL_183	23	0.31056222319602966
NL_183	24	0.7943741083145142
NL_183	25	0.16363516449928284
NL_183	26	0.776222288608551
NL_183	27	0.014032690785825253
NL_183	28	0.2979481816291809
NL_183	29	0.19859932363033295
NL_183	30	0.6005973219871521
NL_183	31	0.6787003874778748
NL_183	32	0.5344884395599365
NL_183	33	0.4467533528804779
NL_183	34	0.9366524815559387
NL_183	35	0.23598112165927887
NL_183	36	0.2058684229850769
NL_194	1	0.4614070951938629
NL_194	2	0.632449209690094
NL_194	3	0.08861363679170609
NL_194	4	0.05355024337768555
NL_194	5	0.4838683009147644
NL_194	6	0.0038972231559455395
NL_194	7	0.30276361107826233
NL_194	8	0.8478147983551025
NL_194	9	0.23141972720623016
NL_194	10	0.0378192737698555
NL_194	11	0.2860676646232605
NL_194	12	0.10394050180912018
NL_194	13	0.4670964777469635
NL_194	14	0.8855099081993103
NL_194	15	0.04724188894033432
NL_194	16	0.09142443537712097
NL_194	17	0.03947658836841583
NL_194	18	0.5045892596244812
NL_194	19	0.8148747682571411
NL_194	20	0.6857258677482605
NL_194	21	0.1489257663488388
NL_194	22	0.946255624294281
NL_194	23	0.8528701066970825
NL_194	24	0.866579532623291
NL_194	25	0.561460554599762
NL_194	26	0.10139438509941101
NL_194	27	0.11461357772350311
NL_194	28	0.08851916342973709
NL_194	29	0.8659517765045166
NL_194	30	0.008653736673295498
NL_194	31	0.7898620963096619
NL_194	32	0.29195886850357056
NL_210	1	0.5590395927429199
NL_210	2	0.45223429799079895
NL_210	3	0.05844868719577789
NL_210	4	0.6319685578346252
NL_210	5	0.2958945333957672
NL_210	6	0.8325597643852234
NL_210	7	0.05636584758758545
NL_210	8	0.19028858840465546
NL_210	9	0.8543153405189514
NL_210	10	0.036054350435733795
NL_210	11	0.5904702544212341
NL_210	12	0.7614309191703796
NL_210	13	0.7468289136886597
NL_210	14	0.34025683999061584
NL_210	15	0.7213191390037537
NL_210	16	0.9588711857795715
NL_210	17	0.6656845211982727
NL_210	18	0.08561962097883224
NL_210	19	0.5995334386825562
NL_210	20	0.8601245284080505
NL_210	21	0.002400022465735674
NL_210	22	0.013030653819441795
NL_210	23	0.3454563617706299
NL_210	24	0.1734776645898819
NL_210	25	0.029624657705426216
NL_210	26	0.11006397008895874
NL_210	27	0.8531883955001831
NL_210	28	0.09950492531061172
NL_210	29	0.08680503815412521
NL_210	30	0.011387827806174755
NL_210	31	0.013186139054596424
NL_210	32	0.7901394367218018
NL_210	33	0.8998650908470154
NL_210	34	0.6147974133491516
NL_210	35	0.022354822605848312
NL_210	36	0.03771809861063957
NL_210	37	0.5970293283462524
NL_210	38	0.005457768216729164
NL_210	39	0.8947538137435913
NL_210	40	0.2806042730808258
NL_210	41	0.08406155556440353
NL_210	42	0.6983817219734192
NL_212	1	0.08141689747571945
NL_212	2	0.8811457753181458
NL_212	3	0.6591781377792358
NL_212	4	0.5586858987808228
NL_212	5	0.780185878276825
NL_212	6	0.9393165707588196
NL_212	7	0.9068838953971863
NL_212	8	0.07586543262004852
NL_212	9	0.4478996992111206
NL_212	10	0.6166464686393738
NL_212	11	0.8138294219970703
NL_212	12	0.6487237811088562
NL_212	13	0.011392312124371529
NL_212	14	0.8153893947601318
NL_212	15	0.9787309169769287
NL_212	16	0.3669484853744507
NL_212	17	0.874474287033081
NL_212	18	0.8338334560394287
NL_212	19	0.8169429302215576
NL_212	20	0.6213951706886292
NL_212	21	0.883247435092926
NL_212	22	0.002112958813086152
NL_212	23	0.9284845590591431
NL_212	24	0.5986604690551758
NL_212	25	0.9676598906517029
NL_212	26	0.6550735235214233
NL_212	27	0.8805353045463562
NL_212	28	0.9390694499015808
NL_212	29	0.16722604632377625
NL_212	30	0.9644237756729126
NL_212	31	0.3457263112068176
NL_212	32	0.9838116765022278
NL_212	33	0.8725322484970093
NL_212	34	0.7749834656715393
NL_212	35	0.7868009805679321
NL_229	1	0.9042299389839172
NL_229	2	0.7126033306121826
NL_229	3	0.07601095736026764
NL_229	4	0.8076558113098145
NL_229	5	0.8751975893974304
NL_229	6	0.9317206740379333
NL_229	7	0.7755805850028992
NL_229	8	0.9904245734214783
NL_229	9	0.037352554500103
NL_229	10	0.1546199470758438
NL_229	11	0.9372358918190002
NL_229	12	0.9545336961746216
NL_229	13	0.07268699258565903
NL_229	14	0.9532884955406189
NL_229	15	0.2527599632740021
NL_229	16	0.5689412355422974
NL_229	17	0.5871661305427551
NL_229	18	0.37875837087631226
NL_229	19	0.7903003692626953
NL_229	20	0.33055663108825684
NL_229	21	0.6325398683547974
NL_229	22	0.8718860745429993
NL_229	23	0.8930973410606384
NL_229	24	0.9709044694900513
NL_229	25	0.5296427607536316
NL_229	26	0.1985623836517334
NL_229	27	0.7209157943725586
NL_229	28	0.03990156576037407
NL_229	29	0.04812980443239212
NL_229	30	0.9358291625976562
NL_229	31	0.846953272819519
NL_229	32	0.8325444459915161
NL_229	33	0.7188796997070312
NL_229	34	0.7654820084571838
NL_229	35	0.8967181444168091
NL_233	1	0.24071592092514038
NL_233	2	0.3096834421157837
NL_233	3	0.10807805508375168
NL_233	4	0.7487277388572693
NL_233	5	0.004008762538433075
NL_233	6	0.29502782225608826
NL_233	7	0.8879708051681519
NL_233	8	0.5923795104026794
NL_233	9	0.0026926654390990734
NL_233	10	0.05834830552339554
NL_233	11	0.03876583278179169
NL_233	12	0.008111918345093727
NL_233	13	0.2310207188129425
NL_233	14	0.7595477104187012
NL_233	15	0.6502960324287415
NL_233	16	0.06040292978286743
NL_233	17	0.07972504198551178
NL_233	18	0.08042456954717636
NL_233	19	0.20138004422187805
NL_233	20	0.0330888070166111
NL_233	21	0.5622429251670837
NL_233	22	0.7359523177146912
NL_233	23	0.5867393016815186
NL_233	24	0.8956202864646912
NL_233	25	0.21117301285266876
NL_239	1	0.01233703549951315
NL_239	2	0.668572723865509
NL_239	3	0.24149174988269806
NL_239	4	0.9621648192405701
NL_239	5	0.36000505089759827
NL_239	6	0.920654833316803
NL_239	7	0.8016118407249451
NL_239	8	0.887514591217041
NL_239	9	0.06501895934343338
NL_239	10	0.0013760194415226579
NL_239	11	0.8132428526878357
NL_239	12	0.03347527235746384
NL_239	13	0.7481839060783386
NL_239	14	0.878335177898407
NL_239	15	0.11476191878318787
NL_239	16	0.7710328102111816
NL_239	17	0.6142442226409912
NL_239	18	0.3063468337059021
NL_239	19	0.9590386152267456
NL_239	20	0.961672306060791
NL_239	21	0.9641113877296448
NL_239	22	0.8694804310798645
NL_239	23	0.683489203453064
NL_239	24	0.038212284445762634
NL_239	25	0.24840888381004333
NL_239	26	0.704807698726654
NL_239	27	0.35555368661880493
NL_239	28	0.03429163247346878
NL_239	29	0.00828989315778017
NL_239	30	0.7774232029914856
NL_239	31	0.9068957567214966
NL_242	1	0.2109384685754776
NL_242	2	0.12371509522199631
NL_242	3	0.740656852722168
NL_242	4	0.8448596596717834
NL_242	5	0.587276816368103
NL_242	6	0.46555301547050476
NL_242	7	0.19004791975021362
NL_242	8	0.4501277506351471
NL_242	9	0.575414776802063
NL_242	10	0.0914648249745369
NL_242	11	0.05473457649350166
NL_242	12	0.27484092116355896
NL_242	13	0.5874782204627991
NL_242	14	0.7741209268569946
NL_242	15	0.5559366941452026
NL_242	16	0.41415050625801086
NL_242	17	0.10703060030937195
NL_242	18	0.23640622198581696
NL_242	19	0.2926979660987854
NL_242	20	0.655133843421936
NL_242	21	0.7283986210823059
NL_242	22	0.884396493434906
NL_242	23	0.7319085597991943
NL_242	24	0.05728653073310852
NL_242	25	0.17929676175117493
NL_242	26	0.5763370990753174
NL_242	27	0.41786232590675354
NL_242	28	0.596542477607727
NL_242	29	0.42493364214897156
NL_242	30	0.10421227663755417
NL_242	31	0.2268398404121399
NL_242	32	0.17120906710624695
NL_242	33	0.29803159832954407
NL_242	34	0.5841509103775024
NL_242	35	0.9723281860351562
NL_242	36	0.09364944696426392
NL_242	37	0.4510125517845154
NL_242	38	0.5383046269416809
NL_242	39	0.3155366778373718
NL_242	40	0.6953179240226746
NL_242	41	0.6819887757301331
NL_242	42	0.007794667035341263
NL_242	43	0.315767377614975
NL_242	44	0.9444252848625183
NL_242	45	0.2798653841018677
NL_242	46	0.05645935609936714
NL_242	47	0.34217965602874756
NL_242	48	0.6011015772819519
NL_242	49	0.5572919249534607
NL_242	50	0.617837131023407
NL_247	1	0.04407842457294464
NL_247	2	0.6737945675849915
NL_247	3	0.17003174126148224
NL_247	4	0.8647680282592773
NL_247	5	0.6026175022125244
NL_247	6	0.2717837691307068
NL_247	7	0.24333973228931427
NL_247	8	0.11281508952379227
NL_247	9	0.289032906293869
NL_247	10	0.42148396372795105
NL_247	11	0.682514488697052
NL_247	12	0.855579674243927
NL_247	13	0.051877718418836594
NL_247	14	0.7269440293312073
NL_247	15	0.30178922414779663
NL_247	16	0.7984083890914917
NL_247	17	0.7125148773193359
NL_247	18	0.1068565621972084
NL_247	19	0.5204974412918091
NL_247	20	0.8055073022842407
NL_247	21	0.7864316701889038
NL_247	22	0.9060719609260559
NL_247	23	0.7362907528877258
NL_247	24	0.024993181228637695
NL_247	25	0.6961067318916321
NL_247	26	0.8561987280845642
NL_247	27	0.10905689001083374
NL_247	28	0.9458975195884705
NL_247	29	0.8828796148300171
NL_253	1	0.8667685985565186
NL_253	2	0.21451295912265778
NL_253	3	0.9198400378227234
NL_253	4	0.9225242733955383
NL_253	5	0.016066787764430046
NL_253	6	0.004658082500100136
NL_253	7	0.9181621074676514
NL_253	8	0.6414296627044678
NL_253	9	0.10844988375902176
NL_253	10	0.3215066194534302
NL_253	11	0.9728220701217651
NL_253	12	0.3813529908657074
NL_253	13	0.3154275417327881
NL_253	14	0.307081013917923
NL_253	15	0.7025771141052246
NL_253	16	0.7731438875198364
NL_253	17	0.582339346408844
NL_253	18	0.20778018236160278
NL_253	19	0.2453492283821106
NL_253	20	0.06244803965091705
NL_253	21	0.1925763487815857
NL_253	22	0.21217910945415497
NL_253	23	0.9120028614997864
NL_253	24	0.8017683029174805
NL_253	25	0.7248605489730835
NL_253	26	0.8703247904777527
NL_253	27	0.01699931174516678
NL_253	28	0.7505049109458923
NL_253	29	0.2942444384098053
NL_253	30	0.9699200987815857
NL_253	31	0.15302471816539764
NL_253	32	0.6873262524604797
NL_261	1	0.10524174571037292
NL_261	2	0.5254564881324768
NL_261	3	0.33003997802734375
NL_261	4	0.5587562918663025
NL_261	5	0.8899500966072083
NL_261	6	0.8293807506561279
NL_261	7	0.06010712310671806
NL_261	8	0.7916194200515747
NL_261	9	0.13518062233924866
NL_261	10	0.7458893060684204
NL_261	11	0.059506773948669434
NL_261	12	0.7534488439559937
NL_261	13	0.334274023771286
NL_261	14	0.8965123891830444
NL_261	15	0.8971266746520996
NL_261	16	0.8423786759376526
NL_261	17	0.5323562026023865
NL_261	18	0.7494167685508728
NL_261	19	0.18564553558826447
NL_261	20	0.7093541622161865
NL_261	21	0.5355081558227539
NL_261	22	0.5785197019577026
NL_261	23	0.2590852379798889
NL_261	24	0.9550604224205017
NL_261	25	0.1602431982755661
NL_261	26	0.5103933215141296
NL_261	27	0.5833576917648315
NL_261	28	0.6537423729896545
NL_261	29	0.03966795653104782
NL_261	30	0.29137587547302246
NL_261	31	0.90500408411026
NL_261	32	0.7587093114852905
NL_261	33	0.17603754997253418
NL_261	34	0.2941160798072815
NL_261	35	0.3980695903301239
NL_261	36	0.6383340358734131
NL_261	37	0.9091806411743164
NL_261	38	0.14479392766952515
NL_263	1	0.38580602407455444
NL_263	2	0.004103433340787888
NL_263	3	0.686933159828186
NL_263	4	0.08645574748516083
NL_263	5	0.8310731649398804
NL_263	6	0.8418819904327393
NL_263	7	0.31369102001190186
NL_263	8	0.9201509952545166
NL_263	9	0.880624532699585
NL_263	10	0.6636962890625
NL_263	11	0.03384044021368027
NL_263	12	0.1215866208076477
NL_263	13	0.02366488426923752
NL_263	14	0.8546776175498962
NL_263	15	0.7268874645233154
NL_263	16	0.5346031785011292
NL_263	17	0.0970095843076706
NL_263	18	0.6885113716125488
NL_263	19	0.49295979738235474
NL_263	20	0.43153828382492065
NL_263	21	0.31158697605133057
NL_263	22	0.8845027089118958
NL_263	23	0.6530731320381165
NL_263	24	0.8607155084609985
NL_263	25	0.21596501767635345
NL_263	26	0.014661057852208614
NL_263	27	0.9499616622924805
NL_263	28	0.13226807117462158
NL_263	29	0.5491333603858948
NL_263	30	0.28423652052879333
NL_263	31	0.194093719124794
NL_263	32	0.1993030160665512
NL_263	33	0.4613689184188843
NL_263	34	0.06718496978282928
NL_284	1	0.9698936343193054
NL_284	2	0.553742527961731
NL_284	3	0.012197252362966537
NL_284	4	0.7942761182785034
NL_284	5	0.0044258832931518555
NL_284	6	0.8253305554389954
NL_284	7	0.9408959746360779
NL_284	8	0.9672513008117676
NL_284	9	0.927105188369751
NL_284	10	0.012007158249616623
NL_284	11	0.0038289225194603205
NL_284	12	0.1547721028327942
NL_284	13	0.5937477946281433
NL_284	14	0.008388505317270756
NL_284	15	0.7800633907318115
NL_284	16	0.9007260799407959
NL_284	17	0.25512731075286865
NL_284	18	0.11121262609958649
NL_284	19	0.1535571813583374
NL_284	20	0.12560224533081055
NL_284	21	0.5459584593772888
NL_284	22	0.9042916297912598
NL_284	23	0.031707488000392914
NL_284	24	0.5154758095741272
NL_284	25	0.7882897257804871
NL_284	26	0.06640350073575974
NL_284	27	0.07911573350429535
NL_284	28	0.007687618024647236
NL_284	29	0.07129862159490585
NL_284	30	0.025464164093136787
NL_284	31	0.6680113673210144
NL_284	32	0.9031593203544617
NL_284	33	0.3037037253379822
NL_284	34	0.5401623845100403
NL_284	35	0.9782578349113464
NL_284	36	0.72577303647995
NL_284	37	0.36223670840263367
NL_284	38	0.8503127098083496
NL_284	39	0.8550513982772827
NL_284	40	0.9693454504013062
NL_284	41	0.059475842863321304
NL_284	42	0.047846876084804535
NL_284	43	0.8543563485145569
NL_284	44	0.059336427599191666
NL_284	45	0.9649084210395813
NL_284	46	0.7251694798469543
NL_284	47	0.6840768456459045
NL_284	48	0.683745801448822
NL_284	49	0.9525988101959229
NL_284	50	0.042806413024663925
NL_284	51	0.734044075012207
NL_284	52	0.261830598115921
NL_284	53	0.9633916020393372
NL_284	54	0.3302694261074066
NL_292	1	0.656650185585022
NL_292	2	0.746038019657135
NL_292	3	0.776804506778717
NL_292	4	0.5991615653038025
NL_292	5	0.29425209760665894
NL_292	6	0.7123185396194458
NL_292	7	0.14286714792251587
NL_292	8	0.08504302054643631
NL_292	9	0.6240556240081787
NL_292	10	0.34388571977615356
NL_292	11	0.1580687314271927
NL_292	12	0.25962626934051514
NL_292	13	0.4222845435142517
NL_292	14	0.22775091230869293
NL_292	15	0.6801165342330933
NL_292	16	0.746128261089325
NL_292	17	0.6020371913909912
NL_292	18	0.1717207282781601
NL_292	19	0.10705249756574631
NL_292	20	0.044713836163282394
NL_292	21	0.29175037145614624
NL_292	22	0.1518206149339676
NL_292	23	0.7132317423820496
NL_292	24	0.3649396002292633
NL_292	25	0.9032410979270935
NL_292	26	0.18019790947437286
NL_292	27	0.2656695544719696
NL_292	28	0.4629603922367096
NL_292	29	0.46575066447257996
NL_292	30	0.6530941724777222
NL_292	31	0.655488133430481
NL_292	32	0.11625470221042633
NL_292	33	0.24309241771697998
NL_292	34	0.8089236617088318
NL_292	35	0.4428466260433197
NL_292	36	0.5523642897605896
NL_292	37	0.07569709420204163
NL_292	38	0.8310295343399048
NL_292	39	0.9263312220573425
NL_292	40	0.24361370503902435
NL_292	41	0.6795997023582458
NL_292	42	0.36443206667900085
NL_296	1	0.6593112349510193
NL_296	2	0.6403664946556091
NL_296	3	0.7296534180641174
NL_296	4	0.00703267939388752
NL_296	5	0.697344183921814
NL_296	6	0.4001617729663849
NL_296	7	0.04553857445716858
NL_296	8	0.9010649919509888
NL_296	9	0.028033820912241936
NL_296	10	0.6861488819122314
NL_296	11	0.7230036854743958
NL_296	12	0.20557831227779388
NL_296	13	0.4641982316970825
NL_296	14	0.17421863973140717
NL_296	15	0.8902446627616882
NL_296	16	0.8172929883003235
NL_296	17	0.2979589104652405
NL_296	18	0.8806215524673462
NL_296	19	0.6771606802940369
NL_296	20	0.5267769694328308
NL_296	21	0.5897955298423767
NL_296	22	0.8123558759689331
NL_296	23	0.9320358633995056
NL_296	24	0.03990008682012558
NL_296	25	0.9899223446846008
NL_296	26	0.4315975606441498
NL_296	27	0.8371178507804871
NL_296	28	0.7820364832878113
NL_296	29	0.7401362657546997
NL_296	30	0.7761162519454956
NL_297	1	0.1688385009765625
NL_297	2	0.1190478652715683
NL_297	3	0.9353061318397522
NL_297	4	0.07401929050683975
NL_297	5	0.3784205913543701
NL_297	6	0.18403233587741852
NL_297	7	0.9020220041275024
NL_297	8	0.8771060705184937
NL_297	9	0.017544200643897057
NL_297	10	0.0692727193236351
NL_297	11	0.051072508096694946
NL_297	12	0.3741999864578247
NL_297	13	0.05155958607792854
NL_297	14	0.02229882776737213
NL_297	15	0.15619248151779175
NL_297	16	0.05009651184082031
NL_297	17	0.19381093978881836
NL_297	18	0.004323914181441069
NL_297	19	0.7710781097412109
NL_297	20	0.04926096647977829
NL_297	21	0.9085862636566162
NL_297	22	0.4244638681411743
NL_297	23	0.06273835897445679
NL_297	24	0.6793092489242554
NL_297	25	0.4283880293369293
NL_297	26	0.08226272463798523
NL_297	27	0.12635450065135956
NL_297	28	0.8840799927711487
NL_297	29	0.718578040599823
NL_297	30	0.31569382548332214
NL_297	31	0.49619588255882263
NL_297	32	0.4687555730342865
NL_297	33	0.4059755504131317
NL_297	34	0.044318318367004395
NL_297	35	0.1492418646812439
NL_297	36	0.360042005777359
NL_297	37	0.11252947896718979
NL_297	38	0.07724200934171677
NL_297	39	0.8054248094558716
NL_297	40	0.35845082998275757
NL_297	41	0.3113919496536255
NL_297	42	0.5806263089179993
NL_297	43	0.019948473200201988
NL_297	44	0.13123436272144318
NL_297	45	0.9040519595146179
NL_297	46	0.13568465411663055
NL_297	47	0.0594475194811821
NL_297	48	0.005223987624049187
NL_M_006	1	0.3615858852863312
NL_M_006	2	0.8769481778144836
NL_M_006	3	0.6419551968574524
NL_M_006	4	0.7246050834655762
NL_M_006	5	0.9160175919532776
NL_M_006	6	0.752895176410675
NL_M_006	7	0.28486353158950806
NL_M_006	8	0.8893904685974121
NL_M_006	9	0.8833312392234802
NL_M_006	10	0.8247448801994324
NL_M_006	11	0.5634921193122864
NL_M_006	12	0.949749231338501
NL_M_006	13	0.863822340965271
NL_M_006	14	0.3423941135406494
NL_M_006	15	0.5120927095413208
NL_M_006	16	0.5514279007911682
NL_M_006	17	0.4452359974384308
NL_M_006	18	0.5835221409797668
NL_M_006	19	0.10842727869749069
NL_M_006	20	0.6864601969718933
NL_M_006	21	0.8511596322059631
NL_M_007	1	0.8699460625648499
NL_M_007	2	0.7887805700302124
NL_M_007	3	0.6703621745109558
NL_M_007	4	0.6449678540229797
NL_M_007	5	0.3680481016635895
NL_M_007	6	0.5583329200744629
NL_M_007	7	0.21392256021499634
NL_M_007	8	0.6254898905754089
NL_M_007	9	0.5742701888084412
NL_M_007	10	0.8047165870666504
NL_M_007	11	0.5233873128890991
NL_M_007	12	0.5013325810432434
NL_M_007	13	0.7673861384391785
NL_M_007	14	0.923821747303009
NL_M_007	15	0.6912215352058411
NL_M_007	16	0.3158421516418457
NL_M_007	17	0.8270228505134583
NL_M_007	18	0.6758418679237366
NL_M_007	19	0.7198710441589355
NL_M_007	20	0.7267987728118896
NL_M_007	21	0.9825504422187805
NL_M_007	22	0.5072526335716248
NL_M_007	23	0.9571676850318909
NL_M_007	24	0.7921316623687744
NL_M_007	25	0.6722092032432556
NL_M_007	26	0.966981053352356
NL_M_007	27	0.48101338744163513
NL_M_007	28	0.9611308574676514
NL_M_007	29	0.856009840965271
NL_M_019	1	0.15831813216209412
NL_M_019	2	0.64628005027771
NL_M_019	3	0.04910535365343094
NL_M_019	4	0.4244133532047272
NL_M_019	5	0.3286316990852356
NL_M_019	6	0.6406795382499695
NL_M_019	7	0.8639677166938782
NL_M_019	8	0.9734386801719666
NL_M_019	9	0.9604182243347168
NL_M_019	10	0.859015166759491
NL_M_019	11	0.908591091632843
NL_M_019	12	0.7217093110084534
NL_M_019	13	0.35146963596343994
NL_M_019	14	0.7388938069343567
NL_M_019	15	0.5998404622077942
NL_M_019	16	0.9171654582023621
NL_M_019	17	0.9179990887641907
NL_M_019	18	0.05694572255015373
NL_M_019	19	0.9621530175209045
NL_M_019	20	0.9202086329460144
NL_M_019	21	0.5708411931991577
NL_M_019	22	0.19652988016605377
NL_M_019	23	0.6071833372116089
NL_M_019	24	0.6009069681167603
NL_M_019	25	0.9495341181755066
NL_M_019	26	0.952582061290741
NL_M_019	27	0.8216366767883301
NL_M_019	28	0.8822227716445923
NL_M_019	29	0.5995999574661255
NL_M_019	30	0.9183480739593506
NL_M_019	31	0.817984938621521
NL_M_019	32	0.9647344350814819
NL_M_019	33	0.9432509541511536
NL_M_023	1	0.6369535326957703
NL_M_023	2	0.7377943396568298
NL_M_023	3	0.1463858187198639
NL_M_023	4	0.8855744004249573
NL_M_023	5	0.7540767788887024
NL_M_023	6	0.6340915560722351
NL_M_023	7	0.9226021766662598
NL_M_023	8	0.7255529165267944
NL_M_023	9	0.8488078117370605
NL_M_023	10	0.462656706571579
NL_M_023	11	0.7702072262763977
NL_M_023	12	0.6760896444320679
NL_M_023	13	0.1659490019083023
NL_M_023	14	0.370375394821167
NL_M_023	15	0.8685626983642578
NL_M_023	16	0.9133104681968689
NL_M_023	17	0.7560953497886658
NL_M_023	18	0.5205653309822083
NL_M_023	19	0.33560460805892944
NL_M_023	20	0.7795549631118774
NL_M_023	21	0.6037986874580383
NL_M_023	22	0.9575506448745728
NL_M_023	23	0.65473473072052
NL_M_025	1	0.5714699029922485
NL_M_025	2	0.77720707654953
NL_M_025	3	0.8123650550842285
NL_M_025	4	0.8207249045372009
NL_M_025	5	0.6018154621124268
NL_M_025	6	0.812891960144043
NL_M_025	7	0.974700391292572
NL_M_025	8	0.5893803238868713
NL_M_025	9	0.46814000606536865
NL_M_025	10	0.8551298379898071
NL_M_025	11	0.9143524765968323
NL_M_025	12	0.7322935461997986
NL_M_025	13	0.8358944058418274
NL_M_025	14	0.841903030872345
NL_M_025	15	0.19300055503845215
NL_M_025	16	0.9417814016342163
NL_M_025	17	0.5817796587944031
NL_M_025	18	0.8864982724189758
NL_M_030	1	0.9097985029220581
NL_M_030	2	0.1351848691701889
NL_M_030	3	0.1446075439453125
NL_M_030	4	0.8515452742576599
NL_M_030	5	0.47712692618370056
NL_M_030	6	0.9097985029220581
NL_M_030	7	0.6330530047416687
NL_M_030	8	0.2744092643260956
NL_M_030	9	0.9015769958496094
NL_M_030	10	0.07795225828886032
NL_M_030	11	0.4208940267562866
NL_M_030	12	0.782067596912384
NL_M_030	13	0.5839747190475464
NL_M_030	14	0.7125581502914429
NL_M_030	15	0.2974521219730377
NL_M_030	16	0.9161504507064819
NL_M_030	17	0.5304877161979675
NL_M_030	18	0.8746081590652466
NL_M_030	19	0.4289603531360626
NL_M_030	20	0.6533350944519043
NL_M_030	21	0.6916075944900513
NL_M_030	22	0.3747091293334961
NL_M_030	23	0.2592039406299591
NL_M_030	24	0.2657337784767151
NL_M_030	25	0.7406209111213684
NL_M_030	26	0.9532919526100159
NL_M_030	27	0.40793418884277344
NL_M_030	28	0.4390479326248169
TR_005	1	0.5346018671989441
TR_005	2	0.9096928238868713
TR_005	3	0.5594054460525513
TR_005	4	0.20933738350868225
TR_005	5	0.9534351229667664
TR_005	6	0.23035384714603424
TR_005	7	0.6163153648376465
TR_005	8	0.9517594575881958
TR_005	9	0.17121011018753052
TR_005	10	0.6805824041366577
TR_005	11	0.8127361536026001
TR_005	12	0.5624490976333618
TR_005	13	0.7344998717308044
TR_005	14	0.32668620347976685
TR_005	15	0.24645046889781952
TR_005	16	0.06300120055675507
TR_007	1	0.3187817633152008
TR_007	2	0.132359579205513
TR_007	3	0.004471881315112114
TR_007	4	0.3138151466846466
TR_007	5	0.1095762699842453
TR_007	6	0.06384897977113724
TR_007	7	0.052084945142269135
TR_007	8	0.023055903613567352
TR_007	9	0.87288898229599
TR_007	10	0.9762156009674072
TR_007	11	0.9342139363288879
TR_007	12	0.3501291871070862
TR_007	13	0.9002537131309509
TR_007	14	0.02651948481798172
TR_007	15	0.8837586641311646
TR_007	16	0.14815309643745422
TR_007	17	0.5973213911056519
TR_007	18	0.8882423639297485
TR_007	19	0.07116460800170898
TR_007	20	0.14685173332691193
TR_007	21	0.02802402339875698
TR_007	22	0.30190977454185486
TR_007	23	0.5820472240447998
TR_007	24	0.18395477533340454
TR_007	25	0.12857989966869354
TR_007	26	0.8202604651451111
TR_007	27	0.6954302191734314
TR_007	28	0.6612098217010498
TR_007	29	0.6424124836921692
TR_007	30	0.01395605131983757
TR_007	31	0.032973650842905045
TR_007	32	0.26698923110961914
TR_008	1	0.2570132613182068
TR_008	2	0.8298145532608032
TR_008	3	0.9501170516014099
TR_008	4	0.9798780083656311
TR_008	5	0.9615998864173889
TR_008	6	0.9430791735649109
TR_008	7	0.9515397548675537
TR_008	8	0.26442280411720276
TR_008	9	0.6645008325576782
TR_008	10	0.9061553478240967
TR_008	11	0.19646897912025452
TR_008	12	0.9670083522796631
TR_008	13	0.7908357381820679
TR_008	14	0.971016526222229
TR_008	15	0.9720684885978699
TR_008	16	0.28527453541755676
TR_008	17	0.24775922298431396
TR_008	18	0.9549809694290161
TR_008	19	0.9518484473228455
TR_008	20	0.6778983473777771
TR_008	21	0.04615442827343941
TR_008	22	0.9389205574989319
TR_008	23	0.13883960247039795
TR_008	24	0.6071528196334839
TR_008	25	0.9656446576118469
TR_008	26	0.9230918288230896
TR_008	27	0.9559022188186646
TR_013	1	0.3698986768722534
TR_013	2	0.926911473274231
TR_013	3	0.6564679741859436
TR_013	4	0.02984670177102089
TR_013	5	0.08326601982116699
TR_013	6	0.034481532871723175
TR_013	7	0.739633321762085
TR_013	8	0.6552652716636658
TR_013	9	0.008193072862923145
TR_013	10	0.9274927377700806
TR_013	11	0.028986407443881035
TR_013	12	0.827845573425293
TR_013	13	0.7891029715538025
TR_013	14	0.1558796912431717
TR_013	15	0.33108893036842346
TR_013	16	0.6483381986618042
TR_013	17	0.635351300239563
TR_013	18	0.9442254304885864
TR_013	19	0.7688342928886414
TR_013	20	0.975409984588623
TR_013	21	0.754182755947113
TR_013	22	0.7559922337532043
TR_013	23	0.861238420009613
TR_013	24	0.48733994364738464
TR_013	25	0.9718753695487976
TR_013	26	0.7726032137870789
TR_013	27	0.8673468828201294
TR_013	28	0.73273766040802
TR_013	29	0.665810227394104
TR_013	30	0.8902496695518494
TR_013	31	0.9803276658058167
TR_013	32	0.9225940704345703
TR_013	33	0.5524105429649353
TR_013	34	0.7811449766159058
TR_013	35	0.03284453600645065
TR_013	36	0.399962455034256
TR_013	37	0.19030305743217468
TR_013	38	0.09160271286964417
TR_013	39	0.8249039053916931
TR_013	40	0.27268776297569275
TR_013	41	0.11112107336521149
TR_013	42	0.04535888880491257
TR_013	43	0.8733538389205933
TR_013	44	0.45592907071113586
TR_013	45	0.013069714419543743
TR_013	46	0.5599207282066345
TR_013	47	0.9194764494895935
TR_013	48	0.5762017369270325
TR_013	49	0.5820009708404541
TR_013	50	0.6745924949645996
TR_016	1	0.28963324427604675
TR_016	2	0.9376360774040222
TR_016	3	0.9553108811378479
TR_016	4	0.9812232255935669
TR_016	5	0.013716641813516617
TR_016	6	0.9850149750709534
TR_016	7	0.9832631349563599
TR_016	8	0.9455978274345398
TR_016	9	0.7015859484672546
TR_016	10	0.14121639728546143
TR_016	11	0.8656479120254517
TR_016	12	0.8472913503646851
TR_016	13	0.30621203780174255
TR_016	14	0.8312989473342896
TR_016	15	0.9921160340309143
TR_016	16	0.372424840927124
TR_016	17	0.6716185212135315
TR_016	18	0.5670406818389893
TR_016	19	0.4479660987854004
TR_016	20	0.9929860234260559
TR_016	21	0.5358805060386658
TR_016	22	0.1218976229429245
TR_019	1	0.07158108800649643
TR_019	2	0.9617841243743896
TR_019	3	0.46208643913269043
TR_019	4	0.11958973854780197
TR_019	5	0.15634377300739288
TR_019	6	0.41203275322914124
TR_019	7	0.9351491928100586
TR_019	8	0.20013679563999176
TR_019	9	0.9270716905593872
TR_019	10	0.7732460498809814
TR_019	11	0.5119226574897766
TR_019	12	0.5189511179924011
TR_019	13	0.5563281774520874
TR_019	14	0.9399998784065247
TR_019	15	0.1911158412694931
TR_019	16	0.7366220355033875
TR_019	17	0.16819219291210175
TR_019	18	0.180754154920578
TR_019	19	0.1006706953048706
TR_019	20	0.766796350479126
TR_019	21	0.9929860234260559
TR_019	22	0.5358805656433105
TR_019	23	0.12189764529466629
TR_020	1	0.8876148462295532
TR_020	2	0.3297501802444458
TR_020	3	0.9031525254249573
TR_020	4	0.9864763021469116
TR_020	5	0.42279717326164246
TR_020	6	0.981117308139801
TR_020	7	0.7832624316215515
TR_020	8	0.9629798531532288
TR_020	9	0.03497292101383209
TR_020	10	0.9619977474212646
TR_020	11	0.7331519722938538
TR_020	12	0.7056870460510254
TR_020	13	0.5457829236984253
TR_020	14	0.5009480714797974
TR_020	15	0.5406562685966492
TR_020	16	0.9865108132362366
TR_020	17	0.7976595163345337
TR_020	18	0.5753339529037476
TR_020	19	0.5676335692405701
TR_020	20	0.22806453704833984
TR_020	21	0.6239092946052551
TR_020	22	0.24668510258197784
TR_020	23	0.9475582242012024
TR_020	24	0.8277175426483154
TR_020	25	0.8710554242134094
TR_020	26	0.26872530579566956
TR_020	27	0.8118187785148621
TR_020	28	0.6260697245597839
TR_020	29	0.8461804986000061
TR_020	30	0.9674139618873596
TR_020	31	0.9304689168930054
TR_020	32	0.6183235049247742
TR_020	33	0.5911185145378113
TR_020	34	0.8917761445045471
TR_020	35	0.8168114423751831
TR_020	36	0.4275222420692444
TR_020	37	0.9458111524581909
TR_020	38	0.9133778214454651
TR_020	39	0.12267174571752548
TR_021	1	0.031057234853506088
TR_021	2	0.08649333566427231
TR_021	3	0.022613180801272392
TR_021	4	0.7652773261070251
TR_021	5	0.6669097542762756
TR_021	6	0.17405490577220917
TR_021	7	0.48257237672805786
TR_021	8	0.27894437313079834
TR_021	9	0.06938698887825012
TR_021	10	0.776872992515564
TR_021	11	0.029750388115644455
TR_021	12	0.17042478919029236
TR_021	13	0.04208500683307648
TR_021	14	0.01611538976430893
TR_021	15	0.04313940927386284
TR_021	16	0.023746665567159653
TR_021	17	0.045662809163331985
TR_021	18	0.05595685914158821
TR_021	19	0.015358936972916126
TR_021	20	0.026377815753221512
TR_021	21	0.020967792719602585
TR_021	22	0.0361485481262207
TR_021	23	0.010733203031122684
TR_021	24	0.055704183876514435
TR_021	25	0.01911078579723835
TR_021	26	0.023471275344491005
TR_021	27	0.028917361050844193
TR_021	28	0.17817305028438568
TR_021	29	0.03845619410276413
TR_021	30	0.05038423463702202
TR_021	31	0.007388329599052668
TR_021	32	0.05728337541222572
TR_021	33	0.12186350673437119
TR_021	34	0.05479709804058075
TR_021	35	0.031411655247211456
TR_021	36	0.0370507575571537
TR_021	37	0.11526529490947723
TR_021	38	0.044738832861185074
TR_021	39	0.08479809015989304
TR_021	40	0.8396647572517395
TR_021	41	0.038171570748090744
TR_021	42	0.04681200906634331
TR_021	43	0.042611829936504364
TR_021	44	0.07746075093746185
TR_021	45	0.1834428310394287
TR_021	46	0.7097675800323486
TR_021	47	0.7506361603736877
TR_021	48	0.02295742556452751
TR_021	49	0.044513821601867676
TR_021	50	0.029679344967007637
TR_021	51	0.0812167301774025
TR_021	52	0.027922498062253
TR_021	53	0.017359739169478416
TR_021	54	0.00736205792054534
TR_021	55	0.01710258238017559
TR_021	56	0.0234818235039711
TR_031	1	0.30660295486450195
TR_031	2	0.6567790508270264
TR_031	3	0.8731644749641418
TR_031	4	0.9073876142501831
TR_031	5	0.5190364122390747
TR_031	6	0.013378403149545193
TR_031	7	0.7660995125770569
TR_031	8	0.7933433055877686
TR_031	9	0.06539452821016312
TR_031	10	0.5023879408836365
TR_031	11	0.7724060416221619
TR_031	12	0.08992118388414383
TR_031	13	0.7291806936264038
TR_031	14	0.8577273488044739
TR_031	15	0.750024676322937
TR_031	16	0.26221102476119995
TR_031	17	0.5264113545417786
TR_031	18	0.43949899077415466
TR_031	19	0.023714987561106682
TR_031	20	0.8292512893676758
TR_031	21	0.5588619709014893
TR_031	22	0.527838945388794
TR_031	23	0.02947458066046238
TR_031	24	0.5990577340126038
TR_031	25	0.8488712906837463
TR_031	26	0.031562648713588715
TR_031	27	0.9076194167137146
TR_031	28	0.935982882976532
TR_031	29	0.007056277245283127
TR_031	30	0.8412925601005554
TR_031	31	0.8010669350624084
TR_031	32	0.18623380362987518
TR_031	33	0.6384478211402893
TR_031	34	0.7916003465652466
TR_032	1	0.06609044224023819
TR_032	2	0.024937523528933525
TR_032	3	0.5036027431488037
TR_032	4	0.4804754853248596
TR_032	5	0.9634270071983337
TR_032	6	0.5167250037193298
TR_032	7	0.6944498419761658
TR_032	8	0.32543280720710754
TR_032	9	0.021632876247167587
TR_032	10	0.20442213118076324
TR_032	11	0.8793980479240417
TR_032	12	0.7761486768722534
TR_032	13	0.32660973072052
TR_032	14	0.7219136357307434
TR_032	15	0.4599599540233612
TR_032	16	0.03906445950269699
TR_032	17	0.8625919818878174
TR_035	1	0.8476405143737793
TR_035	2	0.9437382221221924
TR_035	3	0.6202653646469116
TR_035	4	0.525199830532074
TR_035	5	0.9156926274299622
TR_035	6	0.8875383734703064
TR_035	7	0.9059537649154663
TR_035	8	0.9531564712524414
TR_035	9	0.12661045789718628
TR_035	10	0.9653871655464172
TR_035	11	0.14735066890716553
TR_035	12	0.0185710396617651
TR_035	13	0.30534687638282776
TR_035	14	0.42480504512786865
TR_035	15	0.917346715927124
TR_035	16	0.9544655680656433
TR_035	17	0.432373046875
TR_035	18	0.8550309538841248
TR_035	19	0.022000985220074654
TR_035	20	0.6846668720245361
TR_035	21	0.014871275052428246
TR_035	22	0.4794355034828186
TR_035	23	0.06855557858943939
TR_035	24	0.870839536190033
TR_035	25	0.23283542692661285
TR_035	26	0.859397828578949
TR_035	27	0.11834454536437988
TR_039	1	0.01792844757437706
TR_039	2	0.8944090604782104
TR_039	3	0.6863246560096741
TR_039	4	0.9967701435089111
TR_039	5	0.06694868952035904
TR_039	6	0.9200166463851929
TR_039	7	0.9652407169342041
TR_039	8	0.6200913190841675
TR_039	9	0.05166560038924217
TR_039	10	0.943682074546814
TR_039	11	0.8131769299507141
TR_039	12	0.9738832712173462
TR_039	13	0.13187772035598755
TR_039	14	0.9626887440681458
TR_039	15	0.49956977367401123
TR_039	16	0.7749282717704773
TR_039	17	0.9153159260749817
TR_039	18	0.9814373254776001
TR_039	19	0.6799672245979309
TR_039	20	0.9626822471618652
TR_039	21	0.6268981695175171
TR_039	22	0.7294912934303284
TR_039	23	0.10614071041345596
TR_039	24	0.8337212204933167
TR_039	25	0.3280400335788727
TR_039	26	0.9012037515640259
TR_039	27	0.5900790095329285
TR_039	28	0.9624527096748352
TR_039	29	0.051401372998952866
TR_039	30	0.9578903913497925
TR_039	31	0.053344566375017166
TR_039	32	0.7374829053878784
TR_039	33	0.20314547419548035
TR_039	34	0.9391829967498779
TR_039	35	0.20813485980033875
TR_039	36	0.19995564222335815
TR_039	37	0.02570553869009018
TR_039	38	0.6696639060974121
TR_039	39	0.009169929660856724
TR_039	40	0.004269541706889868
TR_039	41	0.0013515320606529713
TR_039	42	0.037609681487083435
TR_039	43	0.02147529646754265
TR_039	44	0.9400820732116699
TR_039	45	0.8738342523574829
TR_039	46	0.30333444476127625
TR_039	47	0.015203463844954967
TR_039	48	0.6550021171569824
TR_039	49	0.9659309387207031
TR_039	50	0.862707257270813
TR_039	51	0.7858070135116577
TR_039	52	0.7397447824478149
TR_039	53	0.0677860900759697
TR_039	54	0.6843430995941162
TR_039	55	0.7945109009742737
TR_039	56	0.14848533272743225
TR_039	57	0.04962390288710594
TR_043	1	0.20777574181556702
TR_043	2	0.12783952057361603
TR_043	3	0.7908923029899597
TR_043	4	0.9854143857955933
TR_043	5	0.8989361524581909
TR_043	6	0.9061567187309265
TR_043	7	0.9780768156051636
TR_043	8	0.9478920698165894
TR_043	9	0.8716773390769958
TR_043	10	0.9375123977661133
TR_043	11	0.015509078279137611
TR_043	12	0.7977892756462097
TR_043	13	0.9490266442298889
TR_043	14	0.2189139425754547
TR_043	15	0.9827605485916138
TR_043	16	0.4486023783683777
TR_043	17	0.024753544479608536
TR_043	18	0.9106401205062866
TR_044	1	0.36931949853897095
TR_044	2	0.9219932556152344
TR_044	3	0.985790491104126
TR_044	4	0.8965187072753906
TR_044	5	0.3416292071342468
TR_044	6	0.81441330909729
TR_044	7	0.5830564498901367
TR_044	8	0.885656476020813
TR_044	9	0.9147610068321228
TR_044	10	0.9179232716560364
TR_044	11	0.1323249489068985
TR_044	12	0.03462239354848862
TR_044	13	0.6270114183425903
TR_044	14	0.6958491802215576
TR_044	15	0.47472402453422546
TR_044	16	0.8884844183921814
TR_044	17	0.8202321529388428
TR_044	18	0.8560572862625122
TR_044	19	0.1789100468158722
TR_044	20	0.2956128418445587
TR_044	21	0.6874774694442749
TR_044	22	0.10107646882534027
TR_044	23	0.1441333293914795
TR_044	24	0.615460991859436
TR_044	25	0.8725443482398987
TR_044	26	0.5934960842132568
TR_044	27	0.29197102785110474
TR_044	28	0.7747668623924255
TR_044	29	0.9834154844284058
TR_044	30	0.7735506296157837
TR_044	31	0.9708045721054077
TR_044	32	0.3563981354236603
TR_044	33	0.9469467997550964
TR_044	34	0.7873656153678894
TR_044	35	0.06694066524505615
TR_044	36	0.13820244371891022
TR_044	37	0.06453405320644379
TR_044	38	0.006626513320952654
TR_047	1	0.07301371544599533
TR_047	2	0.6640421152114868
TR_047	3	0.945831835269928
TR_047	4	0.0047869752161204815
TR_047	5	0.8546222448348999
TR_047	6	0.9857490658760071
TR_047	7	0.8583298921585083
TR_047	8	0.9147725701332092
TR_047	9	0.93953937292099
TR_047	10	0.19948673248291016
TR_047	11	0.9568067789077759
TR_047	12	0.07454647123813629
TR_047	13	0.019815130159258842
TR_047	14	0.7845313549041748
TR_047	15	0.5377628803253174
TR_047	16	0.7214420437812805
TR_047	17	0.2244216352701187
TR_047	18	0.04910501837730408
TR_047	19	0.8789169192314148
TR_047	20	0.7740021347999573
TR_047	21	0.7147625684738159
TR_047	22	0.6457344889640808
TR_047	23	0.9100804924964905
TR_047	24	0.9734289646148682
TR_047	25	0.2622950077056885
TR_047	26	0.7141967415809631
TR_047	27	0.9748216271400452
TR_047	28	0.1635727435350418
TR_047	29	0.14917725324630737
TR_047	30	0.014451192691922188
TR_047	31	0.7896757125854492
TR_047	32	0.12403623014688492
TR_047	33	0.9781100153923035
TR_047	34	0.3928726017475128
TR_047	35	0.20539113879203796
TR_047	36	0.8525747060775757
TR_047	37	0.7903938293457031
TR_047	38	0.36563625931739807
TR_047	39	0.39029255509376526
TR_047	40	0.19153614342212677
TR_047	41	0.7597307562828064
TR_047	42	0.5175042748451233
TR_047	43	0.6468918919563293
TR_047	44	0.9555113315582275
TR_047	45	0.27887362241744995
TR_047	46	0.974415123462677
TR_047	47	0.3045695126056671
TR_047	48	0.9624300003051758
TR_047	49	0.719494640827179
TR_047	50	0.6124749183654785
TR_048	1	0.8962212204933167
TR_048	2	0.267490953207016
TR_048	3	0.6668466925621033
TR_048	4	0.7316400408744812
TR_048	5	0.35452431440353394
TR_048	6	0.07939409464597702
TR_048	7	0.8974977135658264
TR_048	8	0.6463192105293274
TR_048	9	0.8961527347564697
TR_048	10	0.1014138013124466
TR_048	11	0.9062308073043823
TR_048	12	0.940161406993866
TR_048	13	0.9791637063026428
TR_048	14	0.38424649834632874
TR_048	15	0.2621825337409973
TR_048	16	0.9709473252296448
TR_048	17	0.9774783849716187
TR_048	18	0.959031343460083
TR_048	19	0.9472239017486572
TR_055	1	0.11547086387872696
TR_055	2	0.018365561962127686
TR_055	3	0.05063164606690407
TR_055	4	0.9728661179542542
TR_055	5	0.34673893451690674
TR_055	6	0.7476614713668823
TR_055	7	0.03604383394122124
TR_055	8	0.8670343160629272
TR_055	9	0.2814057171344757
TR_055	10	0.9763824939727783
TR_055	11	0.9281357526779175
TR_055	12	0.7001000046730042
TR_055	13	0.8757615089416504
TR_055	14	0.8045467734336853
TR_055	15	0.8757615089416504
TR_055	16	0.4107627272605896
TR_055	17	0.05662720277905464
TR_055	18	0.974075198173523
TR_055	19	0.9635159969329834
TR_055	20	0.3192049562931061
TR_055	21	0.7598447799682617
TR_055	22	0.9781978726387024
TR_055	23	0.9766702651977539
TR_055	24	0.9241243004798889
TR_055	25	0.1803847849369049
TR_055	26	0.7590949535369873
TR_055	27	0.2555777430534363
TR_055	28	0.18217769265174866
TR_055	29	0.323858380317688
TR_055	30	0.981651782989502
TR_055	31	0.9665442109107971
TR_055	32	0.20460213720798492
TR_055	33	0.11173996329307556
TR_055	34	0.9509333372116089
TR_059	1	0.41945937275886536
TR_059	2	0.22659388184547424
TR_059	3	0.8416996002197266
TR_059	4	0.07679383456707001
TR_059	5	0.9659446477890015
TR_059	6	0.9428464770317078
TR_059	7	0.4927288293838501
TR_059	8	0.8850437998771667
TR_059	9	0.273547500371933
TR_059	10	0.4887475073337555
TR_059	11	0.5618400573730469
TR_059	12	0.4190382659435272
TR_059	13	0.3148900866508484
TR_059	14	0.5280869007110596
TR_059	15	0.7280240654945374
TR_059	16	0.6695144772529602
TR_059	17	0.7286606431007385
TR_059	18	0.33659783005714417
TR_059	19	0.5634029507637024
TR_059	20	0.4958060383796692
TR_059	21	0.42206770181655884
TR_059	22	0.3772291839122772
TR_059	23	0.1676771342754364
TR_059	24	0.83176189661026
TR_059	25	0.5005898475646973
TR_059	26	0.30004242062568665
TR_059	27	0.44556254148483276
TR_059	28	0.7626128196716309
TR_059	29	0.6485269665718079
TR_059	30	0.2501811683177948
TR_059	31	0.6739206314086914
TR_059	32	0.71672123670578
TR_059	33	0.5657873153686523
TR_059	34	0.2197272926568985
TR_062	1	0.30407899618148804
TR_062	2	0.001972489757463336
TR_062	3	0.9250646233558655
TR_062	4	0.8466395735740662
TR_062	5	0.010448032990098
TR_062	6	0.6786993741989136
TR_062	7	0.7893858551979065
TR_062	8	0.08322925120592117
TR_062	9	0.9673696756362915
TR_062	10	0.056217800825834274
TR_062	11	0.851176917552948
TR_062	12	0.874708890914917
TR_062	13	0.7595670223236084
TR_062	14	0.7648231387138367
TR_062	15	0.7376270890235901
TR_062	16	0.044537488371133804
TR_062	17	0.1353166103363037
TR_062	18	0.600426435470581
TR_062	19	0.09254755824804306
TR_062	20	0.6604644060134888
TR_062	21	0.2933691442012787
TR_062	22	0.35293325781822205
TR_062	23	0.783957302570343
TR_062	24	0.11368200927972794
TR_062	25	0.3066418170928955
TR_062	26	0.9481779336929321
TR_062	27	0.08631772547960281
TR_062	28	0.694193422794342
TR_062	29	0.016423424705863
TR_062	30	0.18735742568969727
TR_062	31	0.07375716418027878
TR_062	32	0.11655190587043762
TR_062	33	0.13923989236354828
TR_062	34	0.22775211930274963
TR_062	35	0.5957628488540649
TR_066	1	0.00858660601079464
TR_066	2	0.01709628291428089
TR_066	3	0.022041045129299164
TR_066	4	0.9923156499862671
TR_066	5	0.01532302238047123
TR_066	6	0.8185006976127625
TR_066	7	0.2054404765367508
TR_066	8	0.010393899865448475
TR_066	9	0.030133912339806557
TR_066	10	0.9814093112945557
TR_066	11	0.9491103291511536
TR_066	12	0.11770313233137131
TR_066	13	0.04372242093086243
TR_066	14	0.027919981628656387
TR_066	15	0.26395729184150696
TR_066	16	0.04304393008351326
TR_066	17	0.08954599499702454
TR_066	18	0.036148324608802795
TR_066	19	0.3904355764389038
TR_066	20	0.9488829374313354
TR_066	21	0.8625271916389465
TR_066	22	0.978126585483551
TR_066	23	0.8470464944839478
TR_066	24	0.18057966232299805
TR_066	25	0.017386863008141518
TR_066	26	0.860309362411499
TR_066	27	0.18853457272052765
TR_066	28	0.11007117480039597
TR_066	29	0.044437505304813385
TR_066	30	0.8334602117538452
TR_066	31	0.03698267415165901
TR_066	32	0.9818737506866455
TR_066	33	0.21979497373104095
TR_066	34	0.011751841753721237
TR_071	1	0.31891298294067383
TR_071	2	0.3229232132434845
TR_071	3	0.7903291583061218
TR_071	4	0.7190144062042236
TR_071	5	0.20677624642848969
TR_071	6	0.9839897155761719
TR_071	7	0.6713846921920776
TR_071	8	0.8652419447898865
TR_071	9	0.4152916371822357
TR_071	10	0.19675640761852264
TR_071	11	0.5687422156333923
TR_071	12	0.7944245338439941
TR_071	13	0.021989423781633377
TR_071	14	0.6822107434272766
TR_071	15	0.872798502445221
TR_071	16	0.5710090398788452
TR_071	17	0.9787769913673401
TR_071	18	0.7380527853965759
TR_071	19	0.8893856406211853
TR_071	20	0.8474686145782471
TR_071	21	0.7893568873405457
TR_071	22	0.4603317081928253
TR_071	23	0.31554198265075684
TR_071	24	0.5233217477798462
TR_071	25	0.630517303943634
TR_071	26	0.3637436628341675
TR_071	27	0.06573576480150223
TR_071	28	0.7358490228652954
TR_071	29	0.009121615439653397
TR_071	30	0.3492107391357422
TR_071	31	0.04320095106959343
TR_071	32	0.08941241353750229
TR_071	33	0.0009837872348725796
TR_077	1	0.002547145588323474
TR_077	2	0.006520306225866079
TR_077	3	0.9679273366928101
TR_077	4	0.9860879778862
TR_077	5	0.9901869297027588
TR_077	6	0.9177776575088501
TR_077	7	0.7058551907539368
TR_077	8	0.9112076759338379
TR_077	9	0.9846698045730591
TR_077	10	0.9788515567779541
TR_077	11	0.9691605567932129
TR_077	12	0.9879539012908936
TR_077	13	0.844174861907959
TR_077	14	0.9890538454055786
TR_077	15	0.35221782326698303
TR_077	16	0.9804244637489319
TR_077	17	0.7295072078704834
TR_077	18	0.9254158735275269
TR_077	19	0.7562012672424316
TR_077	20	0.9305189847946167
TR_086	1	0.7407796382904053
TR_086	2	0.9395574927330017
TR_086	3	0.4310450851917267
TR_086	4	0.3932259678840637
TR_086	5	0.6398071646690369
TR_086	6	0.0013626302825286984
TR_086	7	0.09036292135715485
TR_086	8	0.009829660877585411
TR_086	9	0.005611047148704529
TR_086	10	0.8610525131225586
TR_086	11	0.5351845026016235
TR_086	12	0.009383730590343475
TR_086	13	0.201941579580307
TR_086	14	0.13876986503601074
TR_086	15	0.18846993148326874
TR_086	16	0.37956053018569946
TR_086	17	0.9863453507423401
TR_086	18	0.05561664700508118
TR_086	19	0.2345496416091919
TR_086	20	0.011474506929516792
TR_086	21	0.07377736270427704
TR_086	22	0.02694171667098999
TR_086	23	0.07409805059432983
TR_086	24	0.08371547609567642
TR_086	25	0.20443864166736603
TR_086	26	0.14539563655853271
TR_086	27	0.9016388654708862
TR_086	28	0.19786056876182556
TR_086	29	0.9919906258583069
TR_086	30	0.8146376609802246
TR_086	31	0.14939890801906586
TR_086	32	0.04580005630850792
TR_086	33	0.87050461769104
TR_086	34	0.347343385219574
TR_086	35	0.915708601474762
TR_086	36	0.05054710432887077
TR_086	37	0.05097546800971031
TR_086	38	0.8208943605422974
TR_102	1	0.6658329367637634
TR_102	2	0.6813872456550598
TR_102	3	0.727788507938385
TR_102	4	0.9568107724189758
TR_102	5	0.9568829536437988
TR_102	6	0.12791255116462708
TR_102	7	0.9795947670936584
TR_102	8	0.18635199964046478
TR_102	9	0.1837175488471985
TR_102	10	0.44765734672546387
TR_102	11	0.7136274576187134
TR_102	12	0.9911474585533142
TR_102	13	0.9679145812988281
TR_102	14	0.8368070125579834
TR_102	15	0.585231363773346
TR_102	16	0.004247298464179039
TR_102	17	0.6719540357589722
TR_102	18	0.9181524515151978
TR_102	19	0.9356444478034973
TR_102	20	0.9862579107284546
TR_102	21	0.954538881778717
TR_102	22	0.7802845239639282
TR_108	1	0.10220378637313843
TR_108	2	0.89225172996521
TR_108	3	0.8552126288414001
TR_108	4	0.9509850740432739
TR_108	5	0.5639719367027283
TR_108	6	0.8255472779273987
TR_108	7	0.5500890016555786
TR_108	8	0.9778754711151123
TR_108	9	0.9279255270957947
TR_108	10	0.9721385836601257
TR_108	11	0.8361668586730957
TR_108	12	0.9669938683509827
TR_108	13	0.005573634058237076
TR_108	14	0.19765928387641907
TR_108	15	0.9112720489501953
TR_108	16	0.12575218081474304
TR_108	17	0.0891822874546051
TR_108	18	0.8213785886764526
TR_108	19	0.8876409530639648
TR_108	20	0.49932748079299927
TR_108	21	0.7238423824310303
TR_108	22	0.7618873715400696
TR_108	23	0.9132050275802612
TR_108	24	0.6148679852485657
TR_108	25	0.1110653206706047
TR_108	26	0.4953462779521942
TR_108	27	0.65667724609375
TR_108	28	0.9088504910469055
TR_108	29	0.13743819296360016
TR_108	30	0.10601330548524857
TR_113	1	0.0025745045859366655
TR_113	2	0.7525600790977478
TR_113	3	0.32395991683006287
TR_113	4	0.026000287383794785
TR_113	5	0.16872170567512512
TR_113	6	0.30827826261520386
TR_113	7	0.16674751043319702
TR_113	8	0.27691465616226196
TR_113	9	0.04042603820562363
TR_113	10	0.13227930665016174
TR_113	11	0.03300299495458603
TR_113	12	0.64192795753479
TR_113	13	0.5471662282943726
TR_113	14	0.9082903265953064
TR_113	15	0.0678553357720375
TR_113	16	0.06740090996026993
TR_113	17	0.6772504448890686
TR_113	18	0.5822914838790894
TR_113	19	0.943471372127533
TR_113	20	0.7533841133117676
TR_113	21	0.5090317726135254
TR_113	22	0.3593774139881134
TR_113	23	0.9837735891342163
TR_113	24	0.8800936937332153
TR_113	25	0.722461462020874
TR_113	26	0.9694706201553345
TR_113	27	0.6359971165657043
TR_113	28	0.9862068891525269
TR_113	29	0.84760582447052
TR_113	30	0.020808598026633263
TR_118	1	0.05388638749718666
TR_118	2	0.39675864577293396
TR_118	3	0.5602555871009827
TR_118	4	0.7114497423171997
TR_118	5	0.5160669088363647
TR_118	6	0.5606938004493713
TR_118	7	0.5261378884315491
TR_118	8	0.2891128957271576
TR_118	9	0.18697340786457062
TR_118	10	0.018204737454652786
TR_118	11	0.6532784700393677
TR_118	12	0.442018985748291
TR_118	13	0.9737389087677002
TR_118	14	0.1843496859073639
TR_118	15	0.6876106858253479
TR_118	16	0.2997635006904602
TR_118	17	0.21699917316436768
TR_118	18	0.9378002285957336
TR_118	19	0.157374307513237
TR_118	20	0.9302579164505005
TR_118	21	0.7700996994972229
TR_118	22	0.30201271176338196
TR_118	23	0.905219554901123
TR_118	24	0.9442912936210632
TR_128	1	0.7398146986961365
TR_128	2	0.002645311178639531
TR_128	3	0.13056975603103638
TR_128	4	0.892048180103302
TR_128	5	0.8080630898475647
TR_128	6	0.13056975603103638
TR_128	7	0.9807290434837341
TR_128	8	0.7014990448951721
TR_128	9	0.012206281535327435
TR_128	10	0.14226534962654114
TR_128	11	0.281365305185318
TR_128	12	0.9881426692008972
TR_128	13	0.13056975603103638
TR_128	14	0.01886698603630066
TR_128	15	0.04201041907072067
TR_128	16	0.38139426708221436
TR_128	17	0.6438868045806885
TR_128	18	0.010441271588206291
TR_128	19	0.4672538936138153
TR_128	20	0.0050499327480793
TR_128	21	0.6980756521224976
TR_128	22	0.13056975603103638
TR_128	23	0.13492539525032043
TR_128	24	0.9124612808227539
TR_128	25	0.7316425442695618
TR_128	26	0.08810662478208542
TR_128	27	0.9754965305328369
TR_128	28	0.13056975603103638
TR_128	29	0.9400949478149414
TR_128	30	0.5097566843032837
TR_128	31	0.3585149049758911
TR_128	32	0.4334348142147064
TR_128	33	0.3041865825653076
TR_128	34	0.9582545161247253
TR_128	35	0.6858377456665039
TR_128	36	0.7572197914123535
TR_128	37	0.9486744403839111
TR_128	38	0.02390364371240139
TR_133	1	0.0013912831200286746
TR_133	2	0.008490946143865585
TR_133	3	0.04934269189834595
TR_133	4	0.8154004216194153
TR_133	5	0.463590145111084
TR_133	6	0.6529975533485413
TR_133	7	0.7290830612182617
TR_133	8	0.0007880755001679063
TR_133	9	0.007453722879290581
TR_133	10	0.23979921638965607
TR_133	11	0.7520982027053833
TR_133	12	0.9881983399391174
TR_133	13	0.9750389456748962
TR_133	14	0.06298495829105377
TR_133	15	0.7248263359069824
TR_133	16	0.871677815914154
TR_133	17	0.9532933831214905
TR_133	18	0.08925097435712814
TR_133	19	0.1945928931236267
TR_133	20	0.7378698587417603
TR_133	21	0.6204084157943726
TR_133	22	0.5345297455787659
TR_133	23	0.015780197456479073
TR_133	24	0.140958771109581
TR_133	25	0.01550883799791336
TR_133	26	0.9901022911071777
TR_133	27	0.0424700491130352
TR_133	28	0.9464255571365356
TR_133	29	0.011920946650207043
TR_133	30	0.9370181560516357
TR_133	31	0.9847203493118286
TR_133	32	0.042288582772016525
TR_133	33	0.9880679249763489
TR_133	34	0.972276508808136
TR_133	35	0.07373926788568497
TR_133	36	0.04589385911822319
TR_133	37	0.26335299015045166
TR_133	38	0.4109429121017456
TR_133	39	0.8675397634506226
TR_133	40	0.9259941577911377
TR_133	41	0.6314964294433594
TR_133	42	0.12978239357471466
TR_133	43	0.9465319514274597
TR_133	44	0.290981650352478
TR_133	45	0.5468026399612427
TR_133	46	0.9803077578544617
TR_133	47	0.9177790880203247
TR_133	48	0.3905499279499054
TR_133	49	0.08726295083761215
TR_133	50	0.008267190307378769
TR_133	51	0.043227408081293106
TR_133	52	0.1628589630126953
TR_133	53	0.65558922290802
TR_140	1	0.3921580910682678
TR_140	2	0.1738983690738678
TR_140	3	0.3981434106826782
TR_140	4	0.25238415598869324
TR_140	5	0.6267470121383667
TR_140	6	0.8637780547142029
TR_140	7	0.7916527390480042
TR_140	8	0.4837285578250885
TR_140	9	0.6757426857948303
TR_140	10	0.34383705258369446
TR_140	11	0.9319712519645691
TR_140	12	0.8110014200210571
TR_140	13	0.22504951059818268
TR_140	14	0.9244532585144043
TR_140	15	0.8385111689567566
TR_140	16	0.7038968801498413
TR_140	17	0.5906623601913452
TR_140	18	0.5489218235015869
TR_140	19	0.37326109409332275
TR_140	20	0.5853138566017151
TR_140	21	0.05761825665831566
TR_140	22	0.5353778004646301
TR_140	23	0.6641233563423157
TR_140	24	0.6838964819908142
TR_140	25	0.3922743499279022
TR_140	26	0.22504951059818268
TR_140	27	0.3612329959869385
TR_140	28	0.617476761341095
TR_140	29	0.5836323499679565
TR_140	30	0.384297639131546
TR_140	31	0.626812219619751
TR_140	32	0.36211416125297546
TR_140	33	0.24264852702617645
TR_140	34	0.438784658908844
TR_140	35	0.6486866474151611
TR_140	36	0.8483102321624756
TR_140	37	0.05082480609416962
TR_140	38	0.22951100766658783
TR_145	1	0.7353145480155945
TR_145	2	0.7188043594360352
TR_145	3	0.31632137298583984
TR_145	4	0.9555176496505737
TR_145	5	0.7991625666618347
TR_145	6	0.9091092348098755
TR_145	7	0.8330664038658142
TR_145	8	0.3688179552555084
TR_145	9	0.9840048551559448
TR_145	10	0.6417765617370605
TR_145	11	0.8219475150108337
TR_145	12	0.9103378057479858
TR_145	13	0.9791354537010193
TR_145	14	0.856355607509613
TR_145	15	0.6889771223068237
TR_145	16	0.9366423487663269
TR_145	17	0.8776010870933533
TR_145	18	0.9394431114196777
TR_145	19	0.2043382078409195
TR_145	20	0.8236836194992065
TR_145	21	0.9957653284072876
TR_145	22	0.918981671333313
TR_145	23	0.8592389225959778
TR_145	24	0.7787789106369019
TR_145	25	0.7212659120559692
TR_145	26	0.13107426464557648
TR_150	1	0.065476194024086
TR_150	2	0.3885328769683838
TR_150	3	0.08309225738048553
TR_150	4	0.017905686050653458
TR_150	5	0.9565608501434326
TR_150	6	0.08309225738048553
TR_150	7	0.9418704509735107
TR_150	8	0.22504951059818268
TR_150	9	0.3008573055267334
TR_150	10	0.22754572331905365
TR_150	11	0.6727954745292664
TR_150	12	0.007519280072301626
TR_150	13	0.011288377456367016
TR_150	14	0.14687895774841309
TR_150	15	0.22504951059818268
TR_150	16	0.06167563050985336
TR_150	17	0.9528244137763977
TR_150	18	0.0014293185668066144
TR_150	19	0.05241341143846512
TR_150	20	0.010006058029830456
TR_150	21	0.8190081119537354
TR_150	22	0.07706436514854431
TR_150	23	0.23263511061668396
TR_150	24	0.13153445720672607
TR_162	1	0.3425859212875366
TR_162	2	0.24815888702869415
TR_162	3	0.9809108376502991
TR_162	4	0.8823526501655579
TR_162	5	0.09049791842699051
TR_162	6	0.4862905442714691
TR_162	7	0.06457773596048355
TR_162	8	0.8718070983886719
TR_162	9	0.06986696273088455
TR_162	10	0.5588093400001526
TR_162	11	0.964460551738739
TR_162	12	0.3648253083229065
TR_162	13	0.040016479790210724
TR_162	14	0.3916769325733185
TR_162	15	0.09369494020938873
TR_162	16	0.005145353730767965
TR_162	17	0.9674743413925171
TR_162	18	0.8357906341552734
TR_162	19	0.9041522741317749
TR_162	20	0.07575435191392899
TR_162	21	0.05532080680131912
TR_162	22	0.08780563622713089
TR_162	23	0.0027583723422139883
TR_162	24	0.9380174279212952
TR_162	25	0.9015617966651917
TR_162	26	0.6223514080047607
TR_162	27	0.5260449647903442
TR_162	28	0.008962312713265419
TR_162	29	0.7016840577125549
TR_162	30	0.046260930597782135
TR_162	31	0.37633100152015686
TR_162	32	0.1970912665128708
TR_162	33	0.07083582878112793
TR_162	34	0.022424697875976562
TR_162	35	0.2881235182285309
TR_162	36	0.01519120391458273
TR_162	37	0.10408461838960648
TR_162	38	0.17043423652648926
TR_162	39	0.16824735701084137
TR_162	40	0.15180523693561554
TR_162	41	0.06557394564151764
TR_162	42	0.16759975254535675
TR_162	43	0.16319209337234497
TR_162	44	0.11784114688634872
TR_162	45	0.8973169326782227
TR_162	46	0.05883541330695152
TR_162	47	0.2773042321205139
TR_162	48	0.012512709945440292
TR_162	49	0.0126423304900527
TR_162	50	0.027457864955067635
TR_162	51	0.289829283952713
TR_162	52	0.8710359334945679
TR_162	53	0.3731326460838318
TR_162	54	0.8195480108261108
TR_162	55	0.5048137903213501
TR_162	56	0.9526668787002563
TR_162	57	0.4467669129371643
TR_170	1	0.9647256731987
TR_170	2	0.7848816514015198
TR_170	3	0.6181959509849548
TR_170	4	0.9061679840087891
TR_170	5	0.863376796245575
TR_170	6	0.8985992074012756
TR_170	7	0.8137649297714233
TR_170	8	0.5124569535255432
TR_170	9	0.08090100437402725
TR_170	10	0.9128310680389404
TR_170	11	0.7479397654533386
TR_170	12	0.8428699970245361
TR_170	13	0.9613510370254517
TR_170	14	0.13056975603103638
TR_170	15	0.42451274394989014
TR_170	16	0.9420158863067627
TR_170	17	0.2010951042175293
TR_170	18	0.8514049053192139
TR_170	19	0.4332974851131439
TR_170	20	0.41389790177345276
TR_170	21	0.9722864031791687
TR_170	22	0.8494046330451965
TR_170	23	0.9363879561424255
TR_170	24	0.13056975603103638
TR_170	25	0.9206827878952026
TR_170	26	0.3179742395877838
TR_170	27	0.5351400375366211
TR_170	28	0.9860219955444336
TR_170	29	0.009826737456023693
TR_170	30	0.01783112622797489
TR_170	31	0.9668315052986145
TR_173	1	0.1718323975801468
TR_173	2	0.43411338329315186
TR_173	3	0.2976417541503906
TR_173	4	0.29372334480285645
TR_173	5	0.020359665155410767
TR_173	6	0.8431976437568665
TR_173	7	0.4027259647846222
TR_173	8	0.19336152076721191
TR_173	9	0.17106278240680695
TR_173	10	0.007627271115779877
TR_173	11	0.39650437235832214
TR_173	12	0.9439889788627625
TR_173	13	0.5409833788871765
TR_173	14	0.8805816769599915
TR_173	15	0.34997138381004333
TR_173	16	0.6865791082382202
TR_173	17	0.5692508816719055
TR_173	18	0.9701895117759705
TR_173	19	0.01509589422494173
TR_173	20	0.9424211978912354
TR_173	21	0.09586977958679199
TR_173	22	0.9717972278594971
TR_173	23	0.808903157711029
TR_173	24	0.8036108613014221
TR_173	25	0.8340252637863159
TR_173	26	0.00868844985961914
TR_173	27	0.13056975603103638
TR_173	28	0.011136055923998356
TR_173	29	0.12846995890140533
TR_180	1	0.04100982844829559
TR_180	2	0.06937707215547562
TR_180	3	0.9549927711486816
TR_180	4	0.9540805220603943
TR_180	5	0.9785493016242981
TR_180	6	0.9332848787307739
TR_180	7	0.929869532585144
TR_180	8	0.9537196159362793
TR_180	9	0.9552434682846069
TR_180	10	0.9530395269393921
TR_180	11	0.757529079914093
TR_180	12	0.7001235485076904
TR_180	13	0.13438664376735687
TR_180	14	0.9351376295089722
TR_180	15	0.9945437908172607
TR_180	16	0.9612572193145752
TR_180	17	0.9708151817321777
TR_180	18	0.12698009610176086
TR_180	19	0.054130759090185165
TR_180	20	0.3928581774234772
TR_180	21	0.8391988277435303
TR_180	22	0.9575904011726379
TR_180	23	0.09556694328784943
TR_180	24	0.1797398030757904
TR_180	25	0.037194885313510895
TR_180	26	0.10677117109298706
TR_180	27	0.9077475666999817
TR_180	28	0.25749632716178894
TR_180	29	0.07477827370166779
TR_180	30	0.16719111800193787
TR_180	31	0.7485041618347168
TR_180	32	0.9457465410232544
TR_180	33	0.11972962319850922
TR_180	34	0.8306036591529846
TR_180	35	0.8490630388259888
TR_180	36	0.09863485395908356
TR_180	37	0.9466611742973328
TR_180	38	0.7517682909965515
TR_180	39	0.07777776569128036
TR_180	40	0.5644314289093018
TR_180	41	0.14504474401474
TR_180	42	0.28901407122612
TR_180	43	0.8110595941543579
TR_180	44	0.3227819502353668
TR_180	45	0.17697268724441528
TR_180	46	0.05356181040406227
TR_180	47	0.03260593116283417
TR_180	48	0.1793569028377533
TR_180	49	0.09863781183958054
TR_180	50	0.045374251902103424
TR_180	51	0.10718605667352676
TR_180	52	0.6510065793991089
TR_180	53	0.9498124718666077
TR_180	54	0.20561566948890686
TR_180	55	0.12369612604379654
TR_180	56	0.8119683861732483
TR_180	57	0.8398960828781128
TR_180	58	0.4238424301147461
TR_180	59	0.8013922572135925
TR_180	60	0.04422392696142197
TR_180	61	0.7555607557296753
TR_180	62	0.9092586040496826
TR_180	63	0.8383163213729858
TR_180	64	0.031572844833135605
TR_180	65	0.1551332026720047
TR_180	66	0.8701081871986389
TR_180	67	0.6495495438575745
TR_180	68	0.9245597124099731
TR_180	69	0.6319187879562378
TR_180	70	0.039520520716905594
TR_180	71	0.1773371547460556
TR_180	72	0.47542598843574524
TR_180	73	0.9169914126396179
TR_180	74	0.8801378607749939
TR_191	1	0.017789270728826523
TR_191	2	0.019633477553725243
TR_191	3	0.9131720066070557
TR_191	4	0.815913736820221
TR_191	5	0.6617183089256287
TR_191	6	0.6461185812950134
TR_191	7	0.9660061597824097
TR_191	8	0.6388477087020874
TR_191	9	0.6455961465835571
TR_191	10	0.9890632033348083
TR_191	11	0.7200750708580017
TR_191	12	0.13196983933448792
TR_191	13	0.956137478351593
TR_191	14	0.6143183708190918
TR_191	15	0.023907462134957314
TR_191	16	0.09027398377656937
TR_191	17	0.6505486965179443
TR_191	18	0.3434787690639496
TR_191	19	0.7337086796760559
TR_191	20	0.04959983378648758
TR_191	21	0.8859803080558777
TR_191	22	0.8172889351844788
TR_191	23	0.30699634552001953
TR_191	24	0.07915223389863968
TR_191	25	0.08499331772327423
TR_191	26	0.2456887811422348
TR_191	27	0.03336826339364052
TR_191	28	0.19344763457775116
TR_191	29	0.21736456453800201
TR_191	30	0.019208738580346107
TR_191	31	0.9730010628700256
TR_191	32	0.8472561836242676
TR_191	33	0.8589816093444824
TR_191	34	0.9292550086975098
TR_191	35	0.6912893652915955
TR_191	36	0.12012048065662384
TR_191	37	0.08774758130311966
TR_191	38	0.7731559872627258
TR_191	39	0.948293149471283
TR_191	40	0.4310205280780792
TR_208	1	0.9328095316886902
TR_208	2	0.9204493165016174
TR_208	3	0.9906266927719116
TR_208	4	0.9629238247871399
TR_208	5	0.9762889742851257
TR_208	6	0.002545558847486973
TR_208	7	0.4500686526298523
TR_208	8	0.4581582546234131
TR_208	9	0.9767835140228271
TR_208	10	0.789584219455719
TR_208	11	0.9642850756645203
TR_208	12	0.9694017767906189
TR_208	13	0.6812446713447571
TR_208	14	0.9489780068397522
TR_208	15	0.8928195834159851
TR_208	16	0.13661111891269684
TR_208	17	0.7374653220176697
TR_208	18	0.21760697662830353
TR_208	19	0.3931139409542084
TR_208	20	0.4074161946773529
TR_208	21	0.08434120565652847
TR_208	22	0.23747019469738007
TR_208	23	0.7075744867324829
TR_208	24	0.013263318687677383
TR_208	25	0.034546688199043274
TR_208	26	0.9711632132530212
TR_208	27	0.9878547787666321
TR_208	28	0.7862878441810608
TR_208	29	0.9585735201835632
TR_208	30	0.9605746269226074
TR_208	31	0.8742828965187073
TR_208	32	0.26507315039634705
TR_208	33	0.8673459887504578
TR_208	34	0.9445834159851074
TR_208	35	0.8760784268379211
TR_208	36	0.8667916655540466
TR_208	37	0.9657295346260071
TR_208	38	0.9874855875968933
TR_208	39	0.8617129921913147
TR_208	40	0.004329972434788942
TR_208	41	0.7608318328857422
TR_208	42	0.0249786414206028
TR_208	43	0.9512887597084045
TR_208	44	0.9620702266693115
TR_208	45	0.3413868546485901
TR_208	46	0.824773907661438
TR_208	47	0.8861711621284485
TR_208	48	0.9180029630661011
TR_208	49	0.14587467908859253
TR_208	50	0.6909365653991699
TR_208	51	0.05300422012805939
TR_208	52	0.9387893080711365
TR_208	53	0.491555780172348
TR_208	54	0.02547498792409897
TR_208	55	0.07531562447547913
TR_208	56	0.019072921946644783
TR_208	57	0.005216363351792097
TR_208	58	0.0989174172282219
TR_210	1	0.9500833749771118
TR_210	2	0.9692284464836121
TR_210	3	0.9667636156082153
TR_210	4	0.9925476908683777
TR_210	5	0.9667636156082153
TR_210	6	0.8594033122062683
TR_210	7	0.005965336691588163
TR_210	8	0.7848695516586304
TR_210	9	0.9965674877166748
TR_210	10	0.01761888526380062
TR_210	11	0.01143324188888073
TR_210	12	0.05613236874341965
TR_210	13	0.8937311768531799
TR_210	14	0.04962391406297684
TR_210	15	0.7079753875732422
TR_210	16	0.8479393720626831
TR_210	17	0.20088094472885132
TR_210	18	0.8372389674186707
TR_210	19	0.9465650320053101
TR_210	20	0.032413776963949203
TR_210	21	0.8408734202384949
TR_210	22	0.7977890968322754
TR_210	23	0.9141174554824829
TR_210	24	0.6204320788383484
TR_210	25	0.9688489437103271
TR_210	26	0.03599980100989342
TR_210	27	0.9146150946617126
TR_210	28	0.3195013403892517
TR_210	29	0.10205760598182678
TR_210	30	0.13763068616390228
TR_210	31	0.035162102431058884
TR_210	32	0.8209317326545715
TR_210	33	0.11129945516586304
TR_210	34	0.9277128577232361
TR_210	35	0.9902425408363342
TR_210	36	0.8769502639770508
TR_210	37	0.9502308964729309
TR_210	38	0.9057294726371765
TR_210	39	0.013117598369717598
TR_210	40	0.9399210214614868
TR_210	41	0.8392733931541443
TR_210	42	0.4954557716846466
TR_210	43	0.01072556059807539
TR_210	44	0.24808822572231293
TR_210	45	0.9754487872123718
TR_210	46	0.7333502173423767
TR_211	1	0.14659638702869415
TR_211	2	0.43333619832992554
TR_211	3	0.9449662566184998
TR_211	4	0.668815016746521
TR_211	5	0.10735286772251129
TR_211	6	0.042000409215688705
TR_211	7	0.15825755894184113
TR_211	8	0.5587213039398193
TR_211	9	0.3286440372467041
TR_211	10	0.10735286772251129
TR_211	11	0.042000409215688705
TR_211	12	0.1603822112083435
TR_211	13	0.10215900093317032
TR_211	14	0.5953856706619263
TR_211	15	0.9218984842300415
TR_211	16	0.668815016746521
TR_211	17	0.9801363945007324
TR_211	18	0.9705910682678223
TR_211	19	0.9661785960197449
TR_211	20	0.9674985408782959
TR_211	21	0.7244712710380554
TR_211	22	0.9218941330909729
TR_211	23	0.020724592730402946
TR_211	24	0.4178738594055176
TR_211	25	0.4320898950099945
TR_211	26	0.965812623500824
TR_211	27	0.20715799927711487
TR_211	28	0.5953220129013062
TR_211	29	0.48841679096221924
TR_211	30	0.5232214331626892
TR_211	31	0.8879719376564026
TR_211	32	0.32700446248054504
TR_211	33	0.8290354013442993
TR_211	34	0.7540556192398071
TR_211	35	0.657124400138855
TR_211	36	0.21622738242149353
TR_215	1	0.10027781128883362
TR_215	2	0.9697533845901489
TR_215	3	0.10635516792535782
TR_215	4	0.1993381381034851
TR_215	5	0.6043993830680847
TR_215	6	0.004471185151487589
TR_215	7	0.003073167521506548
TR_215	8	0.02385702356696129
TR_215	9	0.7509782910346985
TR_215	10	0.5893810987472534
TR_215	11	0.9435405731201172
TR_215	12	0.008406651206314564
TR_215	13	0.14229030907154083
TR_215	14	0.035162102431058884
TR_215	15	0.8209317326545715
TR_215	16	0.11129945516586304
TR_215	17	0.9277128577232361
TR_215	18	0.9902425408363342
TR_215	19	0.8769502639770508
TR_215	20	0.9502308964729309
TR_215	21	0.9057294726371765
TR_215	22	0.013117603957653046
TR_215	23	0.9399210214614868
TR_215	24	0.8392733931541443
TR_215	25	0.4954557716846466
TR_215	26	0.01072556059807539
TR_215	27	0.24808819591999054
TR_215	28	0.9754487872123718
TR_215	29	0.7333502173423767
TR_228	1	0.0072326743975281715
TR_228	2	0.10417120903730392
TR_228	3	0.9676950573921204
TR_228	4	0.9624229073524475
TR_228	5	0.8557730317115784
TR_228	6	0.7742432355880737
TR_228	7	0.003739642444998026
TR_228	8	0.014139719307422638
TR_228	9	0.7189404368400574
TR_228	10	0.11158714443445206
TR_228	11	0.06285984069108963
TR_228	12	0.003739642444998026
TR_228	13	0.9912192225456238
TR_228	14	0.570704996585846
TR_228	15	0.01450702827423811
TR_228	16	0.3075683116912842
TR_228	17	0.3384288251399994
TR_228	18	0.7427850961685181
TR_228	19	0.7138016223907471
TR_228	20	0.05386997386813164
TR_228	21	0.9907869696617126
TR_228	22	0.5955566167831421
TR_228	23	0.26804134249687195
TR_228	24	0.6914079785346985
TR_228	25	0.1875712275505066
TR_228	26	0.4373306632041931
TR_228	27	0.03891647607088089
TR_228	28	0.42228665947914124
TR_228	29	0.2917305529117584
TR_228	30	0.24812966585159302
TR_228	31	0.6695426106452942
TR_228	32	0.577747106552124
TR_228	33	0.23830655217170715
TR_228	34	0.050836075097322464
TR_228	35	0.24861416220664978
TR_228	36	0.24550820887088776
TR_228	37	0.8059470653533936
TR_230	1	0.624799370765686
TR_230	2	0.8115559220314026
TR_230	3	0.9372327327728271
TR_230	4	0.777108371257782
TR_230	5	0.9232292771339417
TR_230	6	0.23983234167099
TR_230	7	0.16318181157112122
TR_230	8	0.22504951059818268
TR_230	9	0.6848819851875305
TR_230	10	0.8985182642936707
TR_230	11	0.9754624962806702
TR_230	12	0.6241094470024109
TR_230	13	0.8638530969619751
TR_230	14	0.22504951059818268
TR_230	15	0.01971740461885929
TR_230	16	0.4972386062145233
TR_230	17	0.5064901113510132
TR_230	18	0.8462642431259155
TR_230	19	0.7078207731246948
TR_231	1	0.699675977230072
TR_231	2	0.8619471788406372
TR_231	3	0.03147939220070839
TR_231	4	0.04924020171165466
TR_231	5	0.00607454776763916
TR_231	6	0.2949506640434265
TR_231	7	0.00521291047334671
TR_231	8	0.9230367541313171
TR_231	9	0.7686282992362976
TR_231	10	0.0035719715524464846
TR_231	11	0.04446520283818245
TR_231	12	0.002128718653693795
TR_231	13	0.8855878710746765
TR_231	14	0.003996013198047876
TR_231	15	0.344356894493103
TR_231	16	0.6845425963401794
TR_231	17	0.0023396227043122053
TR_231	18	0.9419533610343933
TR_231	19	0.9498881101608276
TR_231	20	0.9030581116676331
TR_231	21	0.016454387456178665
TR_231	22	0.048385173082351685
TR_231	23	0.0493386872112751
TR_231	24	0.4611462950706482
TR_231	25	0.5307582020759583
TR_231	26	0.006603817921131849
TR_231	27	0.3246011734008789
TR_231	28	0.03160424903035164
TR_231	29	0.9006115794181824
TR_231	30	0.9396741390228271
TR_231	31	0.7035850882530212
TR_231	32	0.18322710692882538
TR_231	33	0.9268854260444641
TR_231	34	0.8339062929153442
TR_231	35	0.27559894323349
TR_231	36	0.7632701992988586
TR_231	37	0.9673840403556824
TR_232	1	0.25463154911994934
TR_232	2	0.0022588777355849743
TR_232	3	0.023178407922387123
TR_232	4	0.08145274966955185
TR_232	5	0.22414880990982056
TR_232	6	0.026725798845291138
TR_232	7	0.03608740121126175
TR_232	8	0.5678237080574036
TR_232	9	0.005681444425135851
TR_232	10	0.053421325981616974
TR_232	11	0.2504863142967224
TR_232	12	0.11683162301778793
TR_232	13	0.04542293772101402
TR_232	14	0.010374018922448158
TR_232	15	0.10742581635713577
TR_232	16	0.587429404258728
TR_232	17	0.13528014719486237
TR_232	18	0.6927722096443176
TR_232	19	0.013349746353924274
TR_232	20	0.012943991459906101
TR_232	21	0.05377843603491783
TR_232	22	0.0462801568210125
TR_232	23	0.18038409948349
TR_232	24	0.7197424173355103
TR_232	25	0.013632705435156822
TR_232	26	0.16573217511177063
TR_232	27	0.8932428359985352
TR_232	28	0.10551156848669052
TR_232	29	0.9443813562393188
TR_232	30	0.9037954211235046
TR_232	31	0.9420689940452576
TR_232	32	0.838986873626709
TR_235	1	0.3792397379875183
TR_235	2	0.8002523183822632
TR_235	3	0.9531019926071167
TR_235	4	0.9015247225761414
TR_235	5	0.019794631749391556
TR_235	6	0.4534400701522827
TR_235	7	0.537733256816864
TR_235	8	0.9380136132240295
TR_235	9	0.9661045074462891
TR_235	10	0.034892335534095764
TR_235	11	0.9086605310440063
TR_235	12	0.7334256768226624
TR_235	13	0.9500195384025574
TR_235	14	0.00429146084934473
TR_235	15	0.7067691683769226
TR_235	16	0.946444571018219
TR_235	17	0.3192327320575714
TR_235	18	0.8700187802314758
TR_235	19	0.9808024168014526
TR_235	20	0.9205495119094849
TR_235	21	0.7592752575874329
TR_235	22	0.9482991695404053
TR_235	23	0.7562162280082703
TR_235	24	0.07314601540565491
TR_235	25	0.9410420656204224
TR_235	26	0.7978902459144592
TR_235	27	0.2515987753868103
TR_235	28	0.028916610404849052
TR_235	29	0.08597021549940109
TR_235	30	0.44815632700920105
TR_235	31	0.013692677952349186
TR_235	32	0.8571578860282898
TR_235	33	0.14064720273017883
TR_235	34	0.442442923784256
TR_235	35	0.06256335228681564
TR_240	1	0.9512165784835815
TR_240	2	0.8432085514068604
TR_240	3	0.5631939768791199
TR_240	4	0.8245278000831604
TR_240	5	0.06629231572151184
TR_240	6	0.7784546613693237
TR_240	7	0.8515123128890991
TR_240	8	0.9189321398735046
TR_240	9	0.8597412705421448
TR_240	10	0.14796550571918488
TR_240	11	0.9071338772773743
TR_240	12	0.9680794477462769
TR_240	13	0.9030200839042664
TR_240	14	0.9786999821662903
TR_240	15	0.564812958240509
TR_240	16	0.9677470922470093
TR_240	17	0.7812294960021973
TR_240	18	0.49484217166900635
TR_240	19	0.04703337326645851
TR_240	20	0.02022220380604267
TR_240	21	0.08971787989139557
TR_240	22	0.1023515909910202
TR_240	23	0.7662679553031921
TR_240	24	0.07832296937704086
TR_240	25	0.06553930789232254
TR_240	26	0.6370058655738831
TR_243	1	0.5863536596298218
TR_243	2	0.08987589180469513
TR_243	3	0.7006049752235413
TR_243	4	0.9696606397628784
TR_243	5	0.3615805506706238
TR_243	6	0.6398311853408813
TR_243	7	0.0893782526254654
TR_243	8	0.04647495225071907
TR_243	9	0.6709212064743042
TR_243	10	0.748838484287262
TR_243	11	0.7652338147163391
TR_243	12	0.010526830330491066
TR_243	13	0.8579521179199219
TR_243	14	0.14796721935272217
TR_243	15	0.003403069917112589
TR_243	16	0.9218451976776123
TR_243	17	0.1134437769651413
TR_243	18	0.04772138595581055
TR_243	19	0.5055561065673828
TR_243	20	0.6715593934059143
TR_243	21	0.008112797513604164
TR_243	22	0.2676660418510437
TR_243	23	0.8584834933280945
TR_243	24	0.016376802697777748
TR_243	25	0.9191741943359375
TR_243	26	0.07613132148981094
TR_243	27	0.08131208270788193
TR_243	28	0.10977452993392944
TR_244	1	0.7806991338729858
TR_244	2	0.8563002347946167
TR_244	3	0.9741030335426331
TR_244	4	0.986365795135498
TR_244	5	0.9815347194671631
TR_244	6	0.7655737996101379
TR_244	7	0.9595134854316711
TR_244	8	0.16545768082141876
TR_244	9	0.9860316514968872
TR_244	10	0.6188576817512512
TR_244	11	0.9309987425804138
TR_244	12	0.0972370058298111
TR_244	13	0.257510781288147
TR_244	14	0.9020182490348816
TR_244	15	0.8935518860816956
TR_244	16	0.9819234013557434
TR_244	17	0.9031946063041687
TR_244	18	0.8320939540863037
TR_244	19	0.7374026775360107
TR_244	20	0.881085991859436
TR_244	21	0.9168034195899963
TR_244	22	0.021272646263241768
TR_244	23	0.22835922241210938
TR_244	24	0.8565077781677246
TR_244	25	0.525469958782196
TR_244	26	0.016435891389846802
TR_244	27	0.045146699994802475
TR_244	28	0.8746702075004578
TR_244	29	0.9866635799407959
TR_244	30	0.9741540551185608
TR_244	31	0.9398810863494873
TR_244	32	0.9326136708259583
TR_244	33	0.9566751718521118
TR_244	34	0.9375705718994141
TR_244	35	0.02905362844467163
TR_244	36	0.08116429299116135
TR_244	37	0.7067574858665466
TR_244	38	0.1589282900094986
TR_245	1	0.12348894774913788
TR_245	2	0.4442724287509918
TR_245	3	0.9320468306541443
TR_245	4	0.5477254390716553
TR_245	5	0.5782055258750916
TR_245	6	0.4112311899662018
TR_245	7	0.7592042088508606
TR_245	8	0.4733634293079376
TR_245	9	0.19634097814559937
TR_245	10	0.18826869130134583
TR_245	11	0.5418713092803955
TR_245	12	0.32235661149024963
TR_245	13	0.18071717023849487
TR_245	14	0.19974572956562042
TR_245	15	0.10292325913906097
TR_245	16	0.826142430305481
TR_245	17	0.9805927276611328
TR_245	18	0.9135769605636597
TR_245	19	0.462473601102829
TR_245	20	0.7709929347038269
TR_245	21	0.5504614114761353
TR_245	22	0.5304967164993286
TR_245	23	0.2628989815711975
TR_245	24	0.33265015482902527
TR_245	25	0.5876997113227844
TR_245	26	0.4081248641014099
TR_245	27	0.7924938201904297
TR_245	28	0.7615582942962646
TR_245	29	0.8900498747825623
TR_245	30	0.5799447298049927
TR_245	31	0.0495724156498909
TR_245	32	0.46794283390045166
TR_245	33	0.9329336285591125
TR_245	34	0.9350700378417969
TR_245	35	0.9073635935783386
TR_245	36	0.7142308950424194
TR_245	37	0.34273648262023926
TR_245	38	0.6312066316604614
TR_245	39	0.4948427677154541
TR_245	40	0.33583253622055054
TR_245	41	0.4086938500404358
TR_245	42	0.12832313776016235
TR_245	43	0.7251036167144775
TR_245	44	0.1211751401424408
TR_245	45	0.4068441092967987
TR_245	46	0.4164225459098816
TR_245	47	0.8224107623100281
TR_245	48	0.41688793897628784
TR_245	49	0.4436114728450775
TR_245	50	0.514591634273529
TR_245	51	0.5414546728134155
TR_245	52	0.3940407633781433
TR_245	53	0.1035851463675499
TR_245	54	0.005272108595818281
TR_245	55	0.9806933999061584
TR_245	56	0.2303718626499176
TR_245	57	0.722795307636261
TR_245	58	0.6021569967269897
TR_245	59	0.6064807176589966
TR_245	60	0.48231667280197144
TR_246	1	0.08421507477760315
TR_246	2	0.7663338780403137
TR_246	3	0.8414056897163391
TR_246	4	0.18243417143821716
TR_246	5	0.6154532432556152
TR_246	6	0.8083532452583313
TR_246	7	0.09199684858322144
TR_246	8	0.18240730464458466
TR_246	9	0.1604367345571518
TR_246	10	0.18584825098514557
TR_246	11	0.5730354189872742
TR_246	12	0.08143070340156555
TR_246	13	0.09795605391263962
TR_246	14	0.10389718413352966
TR_246	15	0.12109537422657013
TR_246	16	0.11554335057735443
TR_246	17	0.13221962749958038
TR_246	18	0.008308915421366692
TR_246	19	0.10163580626249313
TR_246	20	0.9708679914474487
TR_246	21	0.021972162649035454
TR_246	22	0.0597546361386776
TR_246	23	0.6297891139984131
TR_246	24	0.9237625002861023
TR_246	25	0.15927404165267944
TR_246	26	0.023793764412403107
TR_246	27	0.7310206294059753
TR_246	28	0.5816372036933899
TR_246	29	0.05847058817744255
TR_246	30	0.2918376326560974
TR_246	31	0.1359013170003891
TR_246	32	0.07705076783895493
TR_246	33	0.3830143213272095
TR_246	34	0.0447864904999733
TR_246	35	0.19843240082263947
TR_246	36	0.7989997267723083
TR_246	37	0.0668492466211319
TR_246	38	0.4285798966884613
TR_246	39	0.6433857083320618
TR_246	40	0.12923932075500488
TR_246	41	0.0709553211927414
TR_246	42	0.0014246981590986252
TR_246	43	0.38373008370399475
TR_246	44	0.023649059236049652
TR_246	45	0.04495738074183464
TR_246	46	0.04283317178487778
TR_246	47	0.8857617974281311
TR_246	48	0.11004621535539627
TR_246	49	0.18080808222293854
TR_246	50	0.14048373699188232
TR_246	51	0.011469564400613308
TR_246	52	0.7582735419273376
TR_246	53	0.43831750750541687
TR_246	54	0.47292762994766235
TR_246	55	0.7121415734291077
TR_246	56	0.12874245643615723
TR_246	57	0.06272637099027634
TR_246	58	0.4135158061981201
TR_246	59	0.4129481017589569
TR_246	60	0.04721471294760704
TR_246	61	0.8900624513626099
TR_246	62	0.5574674010276794
TR_246	63	0.9331266283988953
TR_246	64	0.012577243149280548
TR_246	65	0.43059396743774414
TR_246	66	0.014533509500324726
TR_246	67	0.7609136700630188
TR_246	68	0.8891361355781555
TR_246	69	0.38710421323776245
TR_246	70	0.794013500213623
TR_246	71	0.4460601806640625
TR_246	72	0.9361086487770081
TR_246	73	0.14989960193634033
TR_246	74	0.10318350046873093
TR_246	75	0.9649490714073181
TR_246	76	0.7311366200447083
TR_246	77	0.4548344314098358
TR_246	78	0.27932852506637573
TR_246	79	0.8152614831924438
TR_246	80	0.051790058612823486
TR_246	81	0.5935498476028442
TR_246	82	0.7663338780403137
TR_246	83	0.8414056897163391
TR_246	84	0.18243414163589478
TR_246	85	0.6154532432556152
TR_251	1	0.7097632884979248
TR_251	2	0.7223766446113586
TR_251	3	0.4275471270084381
TR_251	4	0.050842657685279846
TR_251	5	0.9799527525901794
TR_251	6	0.943919837474823
TR_251	7	0.1651676893234253
TR_251	8	0.9817619323730469
TR_251	9	0.9030811786651611
TR_251	10	0.9175581336021423
TR_251	11	0.8368682861328125
TR_251	12	0.9894606471061707
TR_251	13	0.681846559047699
TR_251	14	0.46575573086738586
TR_251	15	0.7184494733810425
TR_251	16	0.416826993227005
TR_251	17	0.42841729521751404
TR_251	18	0.7479605674743652
TR_251	19	0.9021322727203369
TR_251	20	0.8698434829711914
TR_251	21	0.4205740988254547
TR_251	22	0.5243831872940063
TR_251	23	0.7437424063682556
TR_251	24	0.016589831560850143
TR_251	25	0.08360641449689865
TR_251	26	0.17315231263637543
TR_259	1	0.35777005553245544
TR_259	2	0.13566184043884277
TR_259	3	0.31220465898513794
TR_259	4	0.3181670904159546
TR_259	5	0.5564533472061157
TR_259	6	0.05958835408091545
TR_259	7	0.08029118925333023
TR_259	8	0.4524563252925873
TR_259	9	0.587070882320404
TR_259	10	0.0725683867931366
TR_259	11	0.33507218956947327
TR_259	12	0.48364555835723877
TR_259	13	0.43955472111701965
TR_259	14	0.6854086518287659
TR_259	15	0.7381538152694702
TR_259	16	0.8498386740684509
TR_259	17	0.8418387174606323
TR_259	18	0.0947902575135231
TR_259	19	0.4230450689792633
TR_259	20	0.19000138342380524
TR_259	21	0.10599282383918762
TR_259	22	0.04112905636429787
TR_259	23	0.22021165490150452
TR_259	24	0.8558225035667419
TR_259	25	0.08582630753517151
TR_259	26	0.7619848847389221
TR_263	1	0.7854738831520081
TR_263	2	0.2701904773712158
TR_263	3	0.9733985066413879
TR_263	4	0.7570597529411316
TR_263	5	0.6848548650741577
TR_263	6	0.4833165407180786
TR_263	7	0.8333173394203186
TR_263	8	0.3755258619785309
TR_263	9	0.771399736404419
TR_263	10	0.41688528656959534
TR_263	11	0.700082004070282
TR_263	12	0.9443817734718323
TR_263	13	0.9611384868621826
TR_263	14	0.7410483956336975
TR_263	15	0.8400113582611084
TR_263	16	0.2913104295730591
TR_263	17	0.9457607865333557
TR_263	18	0.03335697576403618
TR_263	19	0.012004030868411064
TR_263	20	0.210055872797966
TR_263	21	0.20226410031318665
TR_263	22	0.4809308648109436
TR_263	23	0.19576913118362427
TR_263	24	0.36924228072166443
TR_263	25	0.5707496404647827
TR_263	26	0.14172279834747314
TR_263	27	0.9094865918159485
TR_263	28	0.7987492084503174
TR_263	29	0.8211825489997864
TR_263	30	0.007040852215141058
TR_263	31	0.11382964253425598
TR_263	32	0.37215450406074524
TR_263	33	0.04925844445824623
TR_263	34	0.5800333619117737
TR_263	35	0.29462042450904846
TR_263	36	0.13645511865615845
TR_263	37	0.0991043820977211
TR_263	38	0.9429200291633606
TR_263	39	0.009421810507774353
TR_263	40	0.22307628393173218
TR_263	41	0.4632355868816376
TR_263	42	0.7221412658691406
TR_263	43	0.6693903803825378
TR_263	44	0.6728940606117249
TR_263	45	0.9326428174972534
TR_263	46	0.06248408928513527
TR_263	47	0.8941904306411743
TR_263	48	0.9321667551994324
TR_263	49	0.7596036195755005
TR_263	50	0.24336616694927216
TR_263	51	0.09690689295530319
TR_263	52	0.07289213687181473
TR_263	53	0.0014949226751923561
TR_263	54	0.4009692668914795
TR_276	1	0.5924406051635742
TR_276	2	0.604096531867981
TR_276	3	0.13415808975696564
TR_276	4	0.06159397214651108
TR_276	5	0.604096531867981
TR_276	6	0.06975869834423065
TR_276	7	0.6000083684921265
TR_276	8	0.4163798391819
TR_276	9	0.42458564043045044
TR_276	10	0.7122288942337036
TR_276	11	0.5165477395057678
TR_276	12	0.6342739462852478
TR_276	13	0.2223549634218216
TR_276	14	0.8099027276039124
TR_276	15	0.6874911785125732
TR_276	16	0.016887476667761803
TR_276	17	0.058231253176927567
TR_276	18	0.22484618425369263
TR_276	19	0.06995907425880432
TR_276	20	0.20771628618240356
TR_276	21	0.6961307525634766
TR_276	22	0.8225244879722595
TR_276	23	0.3947412669658661
TR_276	24	0.4512248635292053
TR_276	25	0.08342498540878296
TR_276	26	0.7286330461502075
TR_276	27	0.7978755235671997
TR_276	28	0.9738717675209045
TR_276	29	0.677844762802124
TR_276	30	0.13050775229930878
TR_276	31	0.6090327501296997
TR_276	32	0.21231254935264587
TR_276	33	0.1334248185157776
TR_276	34	0.3986731171607971
TR_276	35	0.12475939095020294
TR_276	36	0.025100713595747948
TR_276	37	0.26873427629470825
TR_276	38	0.7126285433769226
TR_276	39	0.16847573220729828
TR_276	40	0.07406049966812134
TR_276	41	0.013876685872673988
TR_276	42	0.4924822747707367
TR_276	43	0.10802754759788513
TR_276	44	0.2007444202899933
TR_276	45	0.0410081222653389
TR_276	46	0.02226795256137848
TR_276	47	0.14575238525867462
TR_276	48	0.11578446626663208
TR_276	49	0.07649459689855576
TR_276	50	0.1906966120004654
TR_276	51	0.01909765414893627
TR_276	52	0.2027866244316101
TR_276	53	0.07810188829898834
TR_276	54	0.07281496375799179
TR_276	55	0.24214276671409607
TR_276	56	0.06153492256999016
TR_276	57	0.256173700094223
TR_276	58	0.12723387777805328
TR_276	59	0.12247499078512192
TR_276	60	0.1998833417892456
TR_276	61	0.51134192943573
TR_276	62	0.08843079209327698
TR_276	63	0.7266349196434021
TR_290	1	0.8934854865074158
TR_290	2	0.9766095280647278
TR_290	3	0.010109370574355125
TR_290	4	0.9779267907142639
TR_290	5	0.9662528038024902
TR_290	6	0.939152717590332
TR_290	7	0.9108695983886719
TR_290	8	0.988598108291626
TR_290	9	0.8885610103607178
TR_290	10	0.2979845106601715
TR_290	11	0.8176440596580505
TR_290	12	0.11684739589691162
TR_290	13	0.9421865344047546
TR_290	14	0.503109872341156
TR_290	15	0.8034974932670593
TR_290	16	0.9878156781196594
TR_290	17	0.9748497009277344
TR_290	18	0.059065960347652435
TR_290	19	0.985741138458252
TR_290	20	0.9932553768157959
TR_290	21	0.958579957485199
TR_290	22	0.9644231796264648
TR_290	23	0.8716393113136292
TR_290	24	0.8414851427078247
TR_290	25	0.4646017849445343
TR_292	1	0.02766750566661358
TR_292	2	0.3231765925884247
TR_292	3	0.9912678599357605
TR_292	4	0.9911636114120483
TR_292	5	0.025295047089457512
TR_292	6	0.3231765925884247
TR_292	7	0.004206336569041014
TR_292	8	0.9958512783050537
TR_292	9	0.9755240082740784
TR_292	10	0.759277880191803
TR_292	11	0.9758468866348267
TR_292	12	0.8610661625862122
TR_292	13	0.9265195727348328
TR_292	14	0.02771405689418316
TR_292	15	0.9802232980728149
TR_292	16	0.9913989305496216
TR_292	17	0.983022153377533
TR_292	18	0.9907830357551575
TR_292	19	0.9677118062973022
TR_292	20	0.9954657554626465
TR_292	21	0.8693864345550537
TR_292	22	0.036909982562065125
TR_292	23	0.010514400899410248
TR_292	24	0.9132575988769531
TR_292	25	0.9265195727348328
TR_292	26	0.02771405689418316
TR_292	27	0.9802232980728149
TR_292	28	0.14745697379112244
TR_292	29	0.9846323728561401
TR_292	30	0.05217612162232399
TR_292	31	0.9943760633468628
TR_292	32	0.006739085074514151
TR_292	33	0.9732421040534973
TR_292	34	0.9709221124649048
TR_293	1	0.7200891971588135
TR_293	2	0.85197514295578
TR_293	3	0.9201096296310425
TR_293	4	0.12638378143310547
TR_293	5	0.8889817595481873
TR_293	6	0.8875693678855896
TR_293	7	0.7686388492584229
TR_293	8	0.4335055351257324
TR_293	9	0.5090152621269226
TR_293	10	0.09643112123012543
TR_293	11	0.8794273734092712
TR_293	12	0.6476672291755676
TR_293	13	0.9601702690124512
TR_293	14	0.5309248566627502
TR_293	15	0.8780897855758667
TR_293	16	0.9572182297706604
TR_293	17	0.09108705073595047
TR_293	18	0.011789181269705296
TR_293	19	0.5075454115867615
TR_293	20	0.956902027130127
TR_293	21	0.9201096296310425
TR_293	22	0.9821219444274902
TR_293	23	0.9855227470397949
TR_293	24	0.05920925363898277
TR_293	25	0.03943968191742897
TR_293	26	0.7250930070877075
TR_293	27	0.07706392556428909
TR_293	28	0.9623875617980957
TR_293	29	0.03365477919578552
TR_296	1	0.020441168919205666
TR_296	2	0.13056975603103638
TR_296	3	0.19472582638263702
TR_296	4	0.13056975603103638
TR_296	5	0.5058345198631287
TR_296	6	0.22399407625198364
TR_296	7	0.9265365600585938
TR_296	8	0.15951155126094818
TR_296	9	0.12832315266132355
TR_296	10	0.385666161775589
TR_296	11	0.9648457169532776
TR_296	12	0.13056975603103638
TR_296	13	0.0027216479647904634
TR_296	14	0.13056975603103638
TR_296	15	0.9734495282173157
TR_296	16	0.49610430002212524
TR_296	17	0.32555899024009705
TR_296	18	0.8657379150390625
TR_296	19	0.0589679554104805
TR_296	20	0.9553274512290955
TR_296	21	0.927873969078064
TR_296	22	0.04162214323878288
TR_296	23	0.09429770708084106
TR_296	24	0.028339708223938942
TR_296	25	0.8462359309196472
TR_296	26	0.8906134366989136
TR_296	27	0.8828532099723816
TR_296	28	0.30174657702445984
TR_296	29	0.17914019525051117
TR_296	30	0.272996187210083
TR_296	31	0.9116654992103577
TR_296	32	0.9931835532188416
TR_296	33	0.563113272190094
TR_296	34	0.13070827722549438
TR_296	35	0.34355428814888
TR_296	36	0.7267259955406189
TR_296	37	0.027545448392629623
TR_296	38	0.7564411163330078
TR_296	39	0.7900670766830444
TR_296	40	0.9773972630500793
TR_296	41	0.015146390534937382
TR_296	42	0.13056975603103638
TR_296	43	0.00832297746092081
TR_M_005	1	0.9817610383033752
TR_M_005	2	0.9470099806785583
TR_M_005	3	0.987787663936615
TR_M_005	4	0.995414137840271
TR_M_005	5	0.9796531200408936
TR_M_005	6	0.9618744254112244
TR_M_005	7	0.9876263737678528
TR_M_005	8	0.7986043691635132
TR_M_005	9	0.8660584092140198
TR_M_005	10	0.5365599393844604
TR_M_005	11	0.7921098470687866
TR_M_005	12	0.40916141867637634
TR_M_005	13	0.5889002084732056
TR_M_005	14	0.9417844414710999
TR_M_005	15	0.9865819215774536
TR_M_005	16	0.9718756079673767
TR_M_012	1	0.9598204493522644
TR_M_012	2	0.9073269963264465
TR_M_012	3	0.9039368629455566
TR_M_012	4	0.7037698030471802
TR_M_012	5	0.0873313769698143
TR_M_012	6	0.8458055257797241
TR_M_012	7	0.22899097204208374
TR_M_012	8	0.25855183601379395
TR_M_012	9	0.8828594088554382
TR_M_012	10	0.9727124571800232
TR_M_012	11	0.8707544207572937
TR_M_012	12	0.9416544437408447
TR_M_012	13	0.8901562094688416
TR_M_015	1	0.9817772507667542
TR_M_015	2	0.8909916281700134
TR_M_023	1	0.9860753417015076
TR_M_023	2	0.9945099353790283
TR_M_023	3	0.9460019469261169
TR_M_023	4	0.8566638231277466
TR_M_023	5	0.9767176508903503
TR_M_023	6	0.9942237734794617
TR_M_023	7	0.9826335310935974
TR_M_023	8	0.9947336912155151
TR_M_023	9	0.9766712784767151
TR_M_023	10	0.9778364896774292
TR_M_023	11	0.5128057599067688
TR_M_023	12	0.7573046088218689
TR_M_023	13	0.8641523718833923
TR_M_023	14	0.7482219338417053
TR_M_023	15	0.631283164024353
TR_M_023	16	0.9947044253349304
TR_M_023	17	0.9877023100852966
TR_M_023	18	0.9947388768196106
TR_M_023	19	0.9383402466773987
TR_M_023	20	0.9970642924308777
TR_M_023	21	0.9948900938034058
